months_as_customer,age,policy_number,policy_bind_date,policy_csl,policy_deductable,policy_annual_premium,umbrella_limit,insured_sex,insured_education_level,insured_occupation,insured_hobbies,insured_relationship,capital-gains,capital-loss,incident_date,incident_type,collision_type,incident_severity,authorities_contacted,incident_hour_of_the_day,number_of_vehicles_involved,property_damage,bodily_injuries,witnesses,police_report_available,total_claim_amount,injury_claim,property_claim,vehicle_claim,auto_make,auto_model,auto_year,fraud_reported,postcode.2,region.1,total_crimes_nearby.1,vehicle_crimes_nearby.1,rainfall_mm.1,max_windspeed_kmh.1,max_temp_c.1,postcode,region,claim_date,total_crimes_nearby,vehicle_crimes_nearby,rainfall_mm,max_windspeed_kmh,max_temp_c
328,48,521585,2014-10-17,250/500,1000,1406.91,0,MALE,MD,craft-repair,sleeping,husband,53300,0,2015-01-25,Single Vehicle Collision,Side Collision,Major Damage,Police,5,1,YES,1,2,YES,71610,6510,13020,52080,Saab,92x,2004,Y,BN1 1AA,South East,,,2.5,21.5,5.6,DE56 2JB,East Midlands,2023-01-25,,,0.4,22.1,8.3
228,42,342868,2006-06-27,250/500,2000,1197.22,5000000,MALE,MD,machine-op-inspct,reading,other-relative,0,0,2015-01-21,Vehicle Theft,?,Minor Damage,Police,8,1,?,0,0,?,5070,780,780,3510,Mercedes,E400,2007,Y,NG1 1AA,East Midlands,,,0.0,10.9,3.4,KY15 7BA,,2024-01-21,0.0,0.0,18.0,44.0,10.9
134,29,687698,2000-09-06,100/300,2000,1413.14,5000000,FEMALE,PhD,sales,board-games,own-child,35100,0,2015-02-22,Multi-vehicle Collision,Rear Collision,Minor Damage,Police,7,3,NO,2,3,NO,34650,7700,3850,23100,Dodge,RAM,2007,N,BN1 1AA,South East,,,1.7,13.7,8.8,DT2 0GA,South West,2024-02-22,0.0,0.0,11.7,32.3,9.5
256,41,227811,1990-05-25,250/500,2000,1415.74,6000000,FEMALE,PhD,armed-forces,board-games,unmarried,48900,-62400,2015-01-10,Single Vehicle Collision,Front Collision,Major Damage,Police,5,1,?,1,2,NO,63400,6340,6340,50720,Chevrolet,Tahoe,2014,Y,,,,,,,,LU2 7LL,East of England,2024-01-10,850.0,62.0,0.0,21.4,3.8
228,44,367455,2014-06-06,500/1000,1000,1583.91,6000000,MALE,Associate,sales,board-games,unmarried,66000,-46000,2015-02-17,Vehicle Theft,?,Minor Damage,,20,1,NO,0,1,NO,6500,1300,650,4550,Accura,RSX,2009,N,,,,,,,,TA6 4ET,South West,2023-02-17,,,0.0,27.4,14.1
256,39,104594,2006-10-12,250/500,1000,1351.1,0,FEMALE,PhD,tech-support,bungie-jumping,unmarried,0,0,2015-01-02,Multi-vehicle Collision,Rear Collision,Major Damage,Fire,19,3,NO,0,2,NO,64100,6410,6410,51280,Saab,95,2003,Y,,,,,,,,LS14 3HF,Yorkshire and The Humber,2024-01-02,23.0,0.0,16.3,30.6,9.4
137,34,413978,2000-06-04,250/500,1000,1333.35,0,MALE,PhD,prof-specialty,board-games,husband,0,-77000,2015-01-13,Multi-vehicle Collision,Front Collision,Minor Damage,Police,0,3,?,0,0,?,78650,21450,7150,50050,Nissan,Pathfinder,2012,N,,,,,,,,M24 2GB,North West,2023-01-13,,,3.0,37.1,7.4
165,37,429027,1990-02-03,100/300,1000,1137.03,0,MALE,Associate,tech-support,base-jumping,unmarried,0,0,2015-02-27,Multi-vehicle Collision,Front Collision,Total Loss,Police,23,3,?,2,2,YES,51590,9380,9380,32830,Audi,A5,2015,N,,,,,,,,TA6 4ET,South West,2023-02-27,,,0.1,20.3,7.9
27,33,485665,1997-02-05,100/300,500,1442.99,0,FEMALE,PhD,other-service,golf,own-child,0,0,2015-01-30,Single Vehicle Collision,Front Collision,Total Loss,Police,21,1,NO,1,1,YES,27700,2770,2770,22160,Toyota,Camry,2012,N,,,,,,,,G11 5HD,,2023-01-30,,,0.4,31.7,7.9
212,42,636550,2011-07-25,100/300,500,1315.68,0,MALE,PhD,priv-house-serv,camping,wife,0,-39300,2015-01-05,Single Vehicle Collision,Rear Collision,Total Loss,Other,14,1,NO,2,1,?,42300,4700,4700,32900,Saab,92x,1996,N,,,,,,,,DE56 2JB,East Midlands,2023-01-05,,,0.6,32.6,11.1
235,42,543610,2002-05-26,100/300,500,1253.12,4000000,FEMALE,Masters,exec-managerial,dancing,other-relative,38400,0,2015-01-06,Single Vehicle Collision,Front Collision,Total Loss,Police,22,1,YES,2,2,?,87010,7910,15820,63280,Ford,F150,2002,N,,,,,,,,TA6 4ET,South West,2024-01-06,154.0,5.0,0.0,14.3,7.6
447,61,214618,1999-05-29,100/300,2000,1137.16,0,FEMALE,High School,exec-managerial,skydiving,other-relative,0,-51000,2015-02-15,Multi-vehicle Collision,Front Collision,Major Damage,Fire,21,3,YES,1,2,YES,114920,17680,17680,79560,Audi,A3,2006,N,,,,,,,,LA14 5DF,North West,2024-02-15,334.0,4.0,11.3,27.4,10.9
60,23,842643,1997-11-20,500/1000,500,1215.36,3000000,MALE,MD,protective-serv,reading,wife,0,0,2015-01-22,Single Vehicle Collision,Rear Collision,Total Loss,Ambulance,9,1,YES,1,0,NO,56520,4710,9420,42390,Saab,95,2000,N,,,,,,,,G11 5HD,,2023-01-22,,,2.8,19.1,7.9
121,34,626808,2012-10-26,100/300,1000,936.61,0,FEMALE,MD,armed-forces,bungie-jumping,wife,52800,-32800,2015-01-08,Parked Car,?,Minor Damage,,5,1,NO,1,1,NO,7280,1120,1120,5040,Toyota,Highlander,2010,N,,,,,,,,G61 3LF,,2023-01-08,,,5.4,26.9,6.8
180,38,644081,1998-12-28,250/500,2000,1301.13,0,FEMALE,College,machine-op-inspct,board-games,not-in-family,41300,-55500,2015-01-15,Single Vehicle Collision,Rear Collision,Total Loss,Police,12,1,NO,0,2,YES,46200,4200,8400,33600,Dodge,Neon,2003,Y,,,,,,,,TW3 1GN,London,2024-01-15,688.0,43.0,0.0,17.3,2.4
473,58,892874,1992-10-19,100/300,2000,1131.4,0,FEMALE,MD,transport-moving,movies,other-relative,55700,0,2015-01-29,Multi-vehicle Collision,Side Collision,Major Damage,Other,12,4,YES,0,0,NO,63120,10520,10520,42080,Accura,MDX,1999,Y,,,,,,,,NG34 8NE,East Midlands,2024-01-29,2.0,0.0,1.4,23.4,12.6
70,26,558938,2005-06-08,500/1000,1000,1199.44,5000000,MALE,College,machine-op-inspct,hiking,own-child,63600,0,2015-02-22,Multi-vehicle Collision,Rear Collision,Major Damage,Other,0,3,?,1,2,YES,52110,5790,5790,40530,Nissan,Maxima,2012,N,,,,,,,,NG34 8NE,East Midlands,2024-02-22,6.0,0.0,8.3,28.2,9.8
140,31,275265,2004-11-15,500/1000,500,708.64,6000000,MALE,High School,machine-op-inspct,reading,unmarried,53500,0,2015-01-06,Single Vehicle Collision,Side Collision,Total Loss,Police,9,1,NO,0,2,YES,77880,14160,7080,56640,Suburu,Legacy,2015,N,CF10 1AA,,,,9.1,29.3,11.8,NG34 8NE,East Midlands,2024-01-06,2.0,0.0,0.1,14.0,5.5
160,37,921202,2014-12-28,500/1000,500,1374.22,0,FEMALE,MD,craft-repair,yachting,other-relative,45500,-37800,2015-01-19,Single Vehicle Collision,Side Collision,Total Loss,Other,19,1,YES,1,0,NO,72930,6630,13260,53040,Accura,TL,2015,N,,,,,,,,ML9 2SA,,2023-01-19,,,0.1,22.7,3.6
196,39,143972,1992-08-02,500/1000,2000,1475.73,0,FEMALE,High School,handlers-cleaners,camping,own-child,57000,-27300,2015-02-22,Multi-vehicle Collision,Side Collision,Major Damage,Police,8,3,?,2,0,NO,60400,6040,6040,48320,Nissan,Pathfinder,2014,N,,,,,,,,KY15 7BA,,2023-02-22,,,7.0,21.1,8.7
460,62,183430,2002-06-25,250/500,1000,1187.96,4000000,MALE,JD,other-service,bungie-jumping,own-child,0,0,2015-01-01,Multi-vehicle Collision,Rear Collision,Minor Damage,Police,20,3,NO,1,0,?,47160,0,5240,41920,Suburu,Impreza,2011,N,BN1 1AA,South East,1309.0,46.0,11.1,42.1,11.0,DE56 2JB,East Midlands,2023-01-01,,,0.9,29.8,9.3
217,41,431876,2005-11-27,500/1000,2000,875.15,0,FEMALE,Associate,machine-op-inspct,skydiving,own-child,46700,0,2015-02-10,Multi-vehicle Collision,Side Collision,Total Loss,Police,15,3,?,1,2,?,37840,0,4730,33110,Accura,RSX,1996,N,CF10 1AA,,,,0.2,18.0,8.8,M24 2GB,North West,2024-02-10,0.0,0.0,0.0,10.7,8.3
370,55,285496,1994-05-27,100/300,2000,972.18,0,MALE,High School,prof-specialty,paintball,other-relative,72700,-68200,2015-01-11,Multi-vehicle Collision,Rear Collision,Major Damage,Ambulance,20,3,NO,0,0,YES,71520,17880,5960,47680,Suburu,Forrestor,2000,Y,,,,,,,,M24 2GB,North West,2023-01-11,,,16.1,30.2,8.5
413,55,115399,1991-02-08,100/300,2000,1268.79,0,MALE,MD,priv-house-serv,chess,own-child,0,-31000,2015-01-19,Single Vehicle Collision,Front Collision,Total Loss,Ambulance,15,1,?,2,2,?,98160,8180,16360,73620,Dodge,RAM,2011,Y,YO61 1AA,Yorkshire and The Humber,1.0,0.0,0.0,22.9,4.7,NG34 8NE,East Midlands,2023-01-19,,,0.0,18.1,4.0
237,40,736882,1996-02-02,100/300,1000,883.31,0,MALE,College,craft-repair,kayaking,husband,0,-53500,2015-02-24,Single Vehicle Collision,Rear Collision,Minor Damage,Other,6,1,NO,1,3,NO,77880,7080,14160,56640,Ford,Escape,2005,N,,,,,,,,NR18 9AN,East of England,2024-02-24,32.0,3.0,0.3,11.8,7.7
8,35,699044,2013-12-05,100/300,2000,1266.92,0,MALE,Masters,sales,polo,own-child,0,0,2015-01-09,Multi-vehicle Collision,Rear Collision,Major Damage,Other,16,3,NO,1,3,YES,71500,16500,11000,44000,Ford,Escape,2006,Y,S1 1AA,Yorkshire and The Humber,,,0.3,28.3,6.5,RM12 4BG,London,2024-01-09,459.0,47.0,0.0,29.6,3.8
257,43,863236,1990-09-20,100/300,2000,1322.1,0,MALE,High School,prof-specialty,golf,own-child,0,-29200,2015-01-28,Parked Car,?,Minor Damage,Police,4,1,YES,1,3,YES,9020,1640,820,6560,Toyota,Camry,2005,N,SW1A 1AA,London,,,0.0,11.2,6.1,WR11 3JT,West Midlands,2023-01-28,,,0.0,9.2,6.9
202,34,608513,2002-07-18,100/300,500,848.07,3000000,MALE,JD,exec-managerial,chess,not-in-family,31000,-30200,2015-01-07,Vehicle Theft,?,Minor Damage,,5,1,YES,2,1,?,5720,1040,520,4160,Suburu,Forrestor,2003,Y,,,,,,,,NE9 7EY,North East,2023-01-07,,,5.0,31.0,10.8
224,40,914088,1990-02-08,100/300,2000,1291.7,0,FEMALE,JD,sales,kayaking,not-in-family,0,-55600,2015-01-08,Single Vehicle Collision,Side Collision,Minor Damage,Other,21,1,NO,1,0,YES,69840,7760,15520,46560,Dodge,Neon,2009,N,,,,,,,,WR11 3JT,West Midlands,2023-01-08,,,2.7,30.8,8.2
241,45,596785,2014-03-04,500/1000,2000,1104.5,0,FEMALE,PhD,machine-op-inspct,basketball,unmarried,0,0,2015-02-15,Single Vehicle Collision,Rear Collision,Minor Damage,Police,5,1,NO,2,2,NO,91650,14100,14100,63450,Accura,TL,2011,N,,,,,,,,KY15 7BA,,2024-02-15,0.0,0.0,7.3,12.3,9.6
64,25,908616,2000-02-18,250/500,1000,954.16,0,MALE,Masters,prof-specialty,video-games,husband,53200,0,2015-01-18,Multi-vehicle Collision,Side Collision,Major Damage,Ambulance,22,4,NO,0,0,?,75600,12600,12600,50400,Toyota,Corolla,2005,N,,,,,,,,TW3 1GN,London,2024-01-18,688.0,43.0,0.0,15.8,2.6
166,37,666333,2008-06-19,100/300,2000,1337.28,8000000,MALE,JD,craft-repair,reading,husband,27500,0,2015-02-28,Multi-vehicle Collision,Side Collision,Major Damage,Police,10,3,NO,2,2,?,67140,7460,7460,52220,Ford,F150,2006,Y,,,,,,,,LA14 5DF,North West,2024-02-28,334.0,4.0,17.2,35.1,8.8
155,35,336614,2003-08-01,500/1000,1000,1088.34,0,FEMALE,Associate,adm-clerical,yachting,other-relative,81100,0,2015-02-24,Multi-vehicle Collision,Front Collision,Total Loss,Police,16,3,YES,2,3,NO,29790,3310,3310,23170,BMW,3 Series,2008,N,YO61 1AA,Yorkshire and The Humber,,,0.4,29.2,9.1,WR11 3JT,West Midlands,2023-02-24,,,0.8,19.8,10.9
114,30,584859,1992-04-04,100/300,1000,1558.29,0,MALE,High School,farming-fishing,video-games,wife,51400,-64000,2015-01-09,Multi-vehicle Collision,Front Collision,Major Damage,Ambulance,1,3,NO,1,2,?,77110,14020,14020,49070,Suburu,Impreza,2015,N,SW1A 1AA,London,4960.0,187.0,0.0,31.4,4.0,NE9 7EY,North East,2023-01-09,,,0.2,26.1,6.9
149,37,990493,1991-01-13,500/1000,500,1415.68,0,MALE,PhD,prof-specialty,yachting,own-child,0,0,2015-02-12,Single Vehicle Collision,Side Collision,Total Loss,Fire,17,1,YES,0,1,YES,64800,10800,5400,48600,Audi,A3,1999,N,,,,,,,,G11 5HD,,2024-02-12,5.0,0.0,6.7,31.4,6.1
147,33,129872,2010-08-08,100/300,1000,1334.15,6000000,MALE,High School,craft-repair,reading,not-in-family,53300,-49200,2015-01-24,Single Vehicle Collision,Front Collision,Major Damage,Other,15,1,YES,2,0,YES,53100,10620,5310,37170,Mercedes,C300,1995,Y,BN1 1AA,South East,1309.0,46.0,0.0,50.1,11.8,IM4 7JQ,,2023-01-24,,,,,
62,28,200152,2003-03-09,100/300,1000,988.45,0,FEMALE,Masters,protective-serv,camping,unmarried,0,0,2015-01-09,Single Vehicle Collision,Rear Collision,Total Loss,Police,3,1,?,1,1,YES,60200,6020,6020,48160,Suburu,Forrestor,2004,Y,NG1 1AA,East Midlands,,,0.0,26.3,6.6,LU2 7LL,East of England,2024-01-09,850.0,62.0,0.0,28.5,2.6
289,49,933293,1993-02-03,500/1000,2000,1222.48,0,FEMALE,JD,priv-house-serv,golf,unmarried,0,0,2015-01-18,Parked Car,?,Minor Damage,,16,1,NO,1,1,YES,5330,1230,820,3280,Suburu,Legacy,2001,N,,,,,,,,G61 3LF,,2024-01-18,0.0,0.0,0.0,15.7,0.0
431,54,485664,2002-11-25,500/1000,2000,1155.55,0,FEMALE,MD,craft-repair,bungie-jumping,unmarried,65700,0,2015-01-21,Multi-vehicle Collision,Rear Collision,Major Damage,Police,4,3,?,2,0,?,62300,12460,6230,43610,Jeep,Wrangler,2007,N,SW1A 1AA,London,,,0.0,11.2,5.3,DT2 0GA,South West,2024-01-21,1.0,0.0,12.9,51.5,11.0
199,37,982871,1997-07-27,250/500,500,1262.08,0,MALE,JD,tech-support,video-games,wife,48500,0,2015-01-08,Single Vehicle Collision,Front Collision,Major Damage,Ambulance,4,1,?,0,3,NO,60170,10940,10940,38290,Nissan,Pathfinder,2011,Y,,,,,,,,BT63 5JA,,2024-01-08,119.0,2.0,0.0,17.2,5.1
79,26,206213,1995-05-08,100/300,500,1451.62,0,MALE,Associate,tech-support,kayaking,not-in-family,0,-55700,2015-01-03,Single Vehicle Collision,Rear Collision,Minor Damage,Ambulance,19,1,NO,2,2,?,40000,8000,4000,28000,BMW,M5,2010,N,NG1 1AA,East Midlands,,,2.7,33.5,12.0,DT2 0GA,South West,2024-01-03,1.0,0.0,4.4,27.0,9.2
116,34,616337,2012-08-30,250/500,500,1737.66,0,MALE,Associate,transport-moving,chess,unmarried,0,-24100,2015-01-01,Single Vehicle Collision,Side Collision,Major Damage,Police,1,1,?,1,1,?,97080,16180,16180,64720,BMW,X5,2001,Y,GL54 1AA,South West,9.0,1.0,13.5,31.4,9.3,WS1 4HS,West Midlands,2024-01-01,624.0,52.0,10.7,27.1,8.5
37,23,448961,2006-04-30,500/1000,500,1475.93,0,FEMALE,College,prof-specialty,hiking,husband,0,-67400,2015-01-16,Multi-vehicle Collision,Side Collision,Minor Damage,Other,17,3,YES,1,0,NO,51660,5740,5740,40180,Dodge,RAM,2010,N,,,,,,,,BT56 8FW,,2023-01-16,,,3.8,22.7,3.7
106,30,790442,2003-04-13,250/500,500,538.17,0,FEMALE,PhD,transport-moving,reading,own-child,49700,-60200,2015-02-10,Single Vehicle Collision,Rear Collision,Total Loss,Other,23,1,NO,2,2,NO,51120,5680,5680,39760,Mercedes,E400,2005,N,,,,,,,,RM12 4BG,London,2023-02-10,,,0.0,15.7,7.8
269,44,108844,2007-12-05,100/300,2000,1081.08,0,MALE,JD,priv-house-serv,reading,unmarried,36400,-28700,2015-02-14,Single Vehicle Collision,Front Collision,Minor Damage,Other,14,1,YES,0,2,?,56400,11280,11280,33840,Toyota,Highlander,2014,N,,,,,,,,ME9 8WL,South East,2023-02-14,,,0.0,12.7,11.8
265,40,430029,2006-08-21,250/500,1000,1454.43,0,FEMALE,MD,protective-serv,yachting,husband,0,0,2015-02-21,Multi-vehicle Collision,Rear Collision,Total Loss,Other,17,3,NO,2,3,?,55120,6890,0,48230,Accura,MDX,2002,N,,,,,,,,DT2 0GA,South West,2023-02-21,,,0.0,11.7,8.9
163,33,529112,1990-01-08,100/300,500,1240.47,0,FEMALE,Associate,other-service,polo,husband,35300,0,2015-02-18,Multi-vehicle Collision,Rear Collision,Total Loss,Fire,11,3,YES,1,1,?,77110,0,14020,63090,Honda,Civic,2014,N,SW1A 1AA,London,5183.0,187.0,13.2,27.2,14.8,NR18 9AN,East of England,2024-02-18,32.0,3.0,18.3,28.8,12.8
355,47,939631,1990-03-18,500/1000,2000,1273.7,4000000,MALE,College,other-service,kayaking,husband,0,0,2015-01-10,Multi-vehicle Collision,Front Collision,Major Damage,Fire,19,3,NO,2,1,NO,62800,6280,6280,50240,Audi,A3,2003,Y,CF10 1AA,,1223.0,92.0,0.0,27.5,4.3,WS1 4HS,West Midlands,2023-01-10,,,9.0,34.4,11.7
175,34,866931,2008-01-07,500/1000,1000,1123.87,8000000,FEMALE,PhD,protective-serv,dancing,other-relative,0,0,2015-02-26,Vehicle Theft,?,Trivial Damage,Police,5,1,?,2,0,YES,7290,810,810,5670,Volkswagen,Passat,1995,N,CF10 1AA,,,,0.1,24.2,7.4,SN11 8UB,South West,2024-02-26,27.0,1.0,0.7,39.9,7.8
192,35,582011,1997-03-10,100/300,1000,1245.89,0,FEMALE,Masters,exec-managerial,movies,wife,0,-40300,2015-01-01,Single Vehicle Collision,Rear Collision,Total Loss,Other,19,1,NO,0,0,?,76600,15320,7660,53620,Mercedes,C300,2000,N,,,,,,,,DT6 6SG,South West,2024-01-01,0.0,0.0,14.3,42.3,12.6
430,59,691189,2004-01-10,250/500,2000,1326.62,7000000,MALE,MD,other-service,bungie-jumping,own-child,0,0,2015-01-03,Multi-vehicle Collision,Front Collision,Minor Damage,Fire,19,3,?,0,3,YES,81800,16360,8180,57260,Nissan,Pathfinder,1998,N,CF10 1AA,,,,16.5,39.0,12.1,TA6 4ET,South West,2024-01-03,154.0,5.0,3.2,23.1,10.4
91,27,537546,1994-08-20,100/300,2000,1073.83,0,FEMALE,JD,farming-fishing,polo,husband,0,0,2015-01-17,Vehicle Theft,?,Trivial Damage,,4,1,?,1,2,?,7260,1320,660,5280,BMW,M5,2008,N,M1 1AE,North West,,,0.6,12.0,2.2,PO19 6EU,South East,2024-01-17,254.0,3.0,0.0,21.6,2.1
217,39,394975,2002-06-02,100/300,1000,1530.52,0,MALE,College,armed-forces,basketball,not-in-family,0,0,2015-02-22,Vehicle Theft,?,Minor Damage,,8,1,?,2,1,YES,4300,430,430,3440,Toyota,Corolla,2000,N,,,,,,,,DT6 6SG,South West,2024-02-22,0.0,0.0,10.3,33.3,10.4
223,40,729634,1994-04-28,100/300,500,1201.41,0,FEMALE,JD,priv-house-serv,movies,husband,88400,-46500,2015-01-27,Multi-vehicle Collision,Side Collision,Major Damage,Police,7,3,YES,1,0,?,70510,12820,12820,44870,Suburu,Forrestor,1999,N,,,,,,,,WR11 3JT,West Midlands,2023-01-27,,,0.0,13.2,5.7
195,39,282195,2014-08-17,250/500,1000,1393.57,0,MALE,PhD,machine-op-inspct,movies,not-in-family,47600,-39600,2015-02-27,Parked Car,?,Minor Damage,Police,5,1,NO,0,1,YES,2640,480,480,1680,Ford,F150,2009,N,,,,,,,,DT6 6SG,South West,2023-02-27,,,0.0,24.6,7.3
22,26,420810,2007-08-11,100/300,1000,1276.57,0,MALE,PhD,craft-repair,skydiving,not-in-family,71500,0,2015-01-06,Single Vehicle Collision,Rear Collision,Minor Damage,Fire,3,1,YES,1,2,NO,78900,15780,7890,55230,Chevrolet,Silverado,1995,N,S1 1AA,Yorkshire and The Humber,,,6.1,27.7,11.1,PL13 1ET,South West,2023-01-06,,,10.4,44.3,12.0
439,56,524836,2008-11-20,250/500,500,1082.49,0,FEMALE,PhD,prof-specialty,chess,unmarried,36100,-55000,2015-02-28,Multi-vehicle Collision,Front Collision,Major Damage,Fire,12,3,?,2,3,?,56430,0,6270,50160,Honda,CRV,2014,N,,,,,,,,DT6 6SG,South West,2023-02-28,,,0.0,29.1,8.3
94,32,307195,1995-10-18,500/1000,1000,1414.74,0,FEMALE,Masters,adm-clerical,hiking,own-child,0,0,2015-02-22,Parked Car,?,Minor Damage,,19,1,NO,1,3,NO,2400,300,300,1800,Chevrolet,Silverado,2014,N,,,,,,,,SN11 8UB,South West,2023-02-22,,,2.1,17.4,9.1
11,39,623648,1993-05-19,250/500,2000,1470.06,0,MALE,PhD,other-service,yachting,husband,56600,-45800,2015-01-07,Single Vehicle Collision,Front Collision,Total Loss,Ambulance,22,1,YES,0,1,NO,65790,7310,7310,51170,Saab,93,2007,N,,,,,,,,G11 5HD,,2024-01-07,2.0,0.0,0.0,3.7,0.2
151,36,485372,2005-02-26,250/500,2000,870.63,0,FEMALE,MD,adm-clerical,kayaking,own-child,94800,-58500,2015-01-06,Multi-vehicle Collision,Side Collision,Minor Damage,Police,12,3,NO,1,1,NO,62920,11440,5720,45760,Ford,Escape,2000,N,,,,,,,,EX8 5DT,South West,2024-01-06,16.0,0.0,0.0,17.6,8.3
154,34,598554,1990-02-14,100/300,500,795.23,0,MALE,PhD,machine-op-inspct,base-jumping,other-relative,36900,0,2015-01-10,Multi-vehicle Collision,Rear Collision,Major Damage,Police,15,3,YES,2,1,?,69480,15440,0,54040,Nissan,Maxima,2014,Y,S1 1AA,Yorkshire and The Humber,1118.0,66.0,0.3,18.2,5.2,IM4 7JQ,,2023-01-10,,,,,
245,44,303987,1993-09-30,500/1000,1000,1168.2,0,MALE,JD,handlers-cleaners,basketball,husband,69100,0,2015-02-11,Multi-vehicle Collision,Side Collision,Total Loss,Other,23,3,NO,0,3,NO,44280,7380,3690,33210,Honda,Accord,1997,N,,,,,,,,TA6 4ET,South West,2023-02-11,,,0.0,11.8,10.7
119,32,343161,2014-06-10,500/1000,1000,993.51,0,MALE,High School,armed-forces,bungie-jumping,unmarried,0,-49500,2015-01-12,Single Vehicle Collision,Side Collision,Minor Damage,Other,12,1,NO,0,3,YES,56300,5630,11260,39410,BMW,M5,2011,N,,,,,,,,DT2 0GA,South West,2023-01-12,,,12.5,43.3,10.7
215,42,519312,2008-10-28,500/1000,500,1848.81,0,MALE,JD,transport-moving,video-games,own-child,0,-49000,2015-02-06,Multi-vehicle Collision,Front Collision,Major Damage,Fire,20,3,YES,2,2,YES,68520,11420,5710,51390,Suburu,Legacy,2003,Y,,,,,,,,WS1 4HS,West Midlands,2023-02-06,,,0.0,11.8,6.0
295,42,132902,2007-04-24,250/500,2000,1641.73,5000000,MALE,PhD,sales,chess,not-in-family,62400,0,2015-01-20,Multi-vehicle Collision,Rear Collision,Total Loss,Fire,16,3,NO,0,0,NO,59130,6570,6570,45990,Ford,Escape,2006,Y,,,,,,,,KT22 9AD,South East,2023-01-20,,,0.0,20.0,5.0
254,39,332867,1993-12-13,100/300,500,1362.87,0,FEMALE,MD,exec-managerial,chess,other-relative,35700,0,2015-02-22,Multi-vehicle Collision,Front Collision,Minor Damage,Ambulance,6,3,YES,2,2,NO,82320,13720,6860,61740,Dodge,Neon,1995,Y,OX1 1AA,South East,388.0,4.0,17.4,29.0,9.8,LA14 5DF,North West,2024-02-22,334.0,4.0,10.5,42.3,8.0
107,31,356590,2011-08-17,250/500,500,1239.22,7000000,FEMALE,High School,tech-support,paintball,not-in-family,43400,-91200,2015-01-30,Single Vehicle Collision,Side Collision,Minor Damage,Fire,12,1,YES,0,1,NO,89700,13800,13800,62100,Audi,A5,2009,Y,NG1 1AA,East Midlands,1431.0,58.0,0.4,21.3,11.5,TW3 1GN,London,2023-01-30,,,0.0,21.6,8.9
478,64,346002,1990-08-20,250/500,500,835.02,0,FEMALE,Associate,adm-clerical,reading,unmarried,59600,0,2015-02-02,Multi-vehicle Collision,Side Collision,Minor Damage,Fire,17,3,NO,1,1,NO,33930,0,3770,30160,BMW,X6,1998,N,NG1 1AA,East Midlands,,,0.4,33.9,11.1,LS14 3HF,Yorkshire and The Humber,2023-02-02,,,0.4,39.6,10.1
128,30,500533,1994-02-11,100/300,1000,1061.33,0,MALE,MD,machine-op-inspct,movies,own-child,43300,-66200,2015-01-10,Single Vehicle Collision,Front Collision,Major Damage,Ambulance,8,1,NO,0,3,NO,68530,12460,6230,49840,Audi,A5,1997,N,,,,,,,,DT6 6SG,South West,2023-01-10,,,11.1,45.9,12.5
338,49,348209,1994-02-22,500/1000,1000,1279.08,0,MALE,MD,other-service,kayaking,own-child,0,-51500,2015-02-27,Parked Car,?,Minor Damage,,13,1,NO,0,1,?,4300,860,860,2580,Ford,F150,2004,N,,,,,,,,WR11 3JT,West Midlands,2023-02-27,,,0.0,20.9,7.6
271,42,486676,2011-08-15,100/300,500,1105.49,0,FEMALE,Associate,prof-specialty,sleeping,own-child,56200,-50000,2015-02-20,Multi-vehicle Collision,Side Collision,Major Damage,Other,12,2,?,2,3,?,68310,12420,6210,49680,Audi,A3,2003,Y,,,,,,,,ME9 8WL,South East,2024-02-20,27.0,0.0,0.0,32.0,10.9
222,41,260845,1998-11-11,100/300,2000,1055.53,0,FEMALE,MD,armed-forces,cross-fit,not-in-family,37800,-50300,2015-02-08,Single Vehicle Collision,Front Collision,Total Loss,Other,7,1,NO,0,2,NO,61290,6810,6810,47670,Honda,Civic,1995,Y,,,,,,,,LU2 7LL,East of England,2024-02-08,781.0,51.0,18.5,25.3,10.3
199,41,657045,1995-12-04,250/500,1000,895.83,0,FEMALE,Associate,sales,paintball,husband,0,0,2015-02-11,Single Vehicle Collision,Rear Collision,Minor Damage,Ambulance,10,1,NO,1,2,NO,30100,3010,0,27090,Chevrolet,Malibu,1999,N,,,,,,,,LL30 3PD,,2024-02-11,28.0,0.0,0.3,19.9,8.1
215,37,761189,2002-12-28,100/300,500,1632.93,0,FEMALE,College,transport-moving,golf,not-in-family,0,-42900,2015-02-23,Multi-vehicle Collision,Rear Collision,Minor Damage,Fire,7,3,NO,2,0,YES,57120,9520,4760,42840,Mercedes,C300,2002,N,M1 1AE,North West,16.0,0.0,3.3,20.4,7.2,WR11 3JT,West Midlands,2024-02-23,149.0,5.0,3.5,21.6,7.2
192,40,175177,2004-04-15,100/300,1000,1405.99,0,FEMALE,Associate,sales,yachting,wife,0,0,2015-03-01,Multi-vehicle Collision,Side Collision,Minor Damage,Ambulance,18,3,YES,1,0,YES,42930,9540,4770,28620,BMW,X6,2005,N,NG1 1AA,East Midlands,,,1.1,27.2,7.5,WS1 4HS,West Midlands,2024-03-01,649.0,49.0,9.0,29.2,6.3
120,35,116700,2001-02-02,100/300,1000,1425.54,0,FEMALE,High School,transport-moving,bungie-jumping,other-relative,78300,0,2015-01-15,Multi-vehicle Collision,Front Collision,Total Loss,Ambulance,22,3,NO,2,0,NO,51210,11380,5690,34140,Ford,Fusion,2010,N,BN1 1AA,South East,,,0.3,35.4,7.8,M24 2GB,North West,2023-01-15,,,5.3,29.8,7.0
270,45,166264,2010-01-12,500/1000,1000,1038.09,0,FEMALE,College,handlers-cleaners,golf,husband,0,-19700,2015-01-14,Multi-vehicle Collision,Front Collision,Minor Damage,Fire,18,3,NO,1,1,YES,89400,14900,7450,67050,Suburu,Legacy,1998,N,,,,,,,,LS14 3HF,Yorkshire and The Humber,2024-01-14,23.0,0.0,0.0,16.9,4.2
319,47,527945,1992-04-14,250/500,500,1307.11,0,MALE,College,transport-moving,dancing,not-in-family,0,0,2015-02-17,Multi-vehicle Collision,Front Collision,Total Loss,Police,22,3,NO,0,2,?,59730,10860,10860,38010,Audi,A3,2005,N,,,,,,,,TW3 1GN,London,2024-02-17,713.0,34.0,0.9,25.4,13.4
194,39,627540,2010-05-21,500/1000,1000,1489.24,6000000,FEMALE,JD,other-service,kayaking,wife,0,-45000,2015-01-24,Vehicle Theft,?,Minor Damage,,15,1,YES,2,2,YES,8060,1240,1240,5580,Saab,95,2004,N,,,,,,,,LA14 5DF,North West,2023-01-24,,,0.7,18.6,6.7
227,38,279422,2013-10-27,500/1000,500,976.67,0,FEMALE,PhD,handlers-cleaners,polo,unmarried,0,0,2015-01-21,Single Vehicle Collision,Rear Collision,Major Damage,Fire,16,1,?,1,2,?,72200,14440,7220,50540,BMW,M5,2013,Y,,,,,,,,BT63 5JA,,2024-01-21,119.0,2.0,7.9,50.5,12.4
137,31,484200,1994-10-12,250/500,2000,1340.43,0,MALE,High School,exec-managerial,paintball,husband,52700,-40600,2015-02-19,Multi-vehicle Collision,Side Collision,Minor Damage,Ambulance,6,3,NO,1,2,NO,50800,10160,10160,30480,Accura,MDX,2005,N,,,,,,,,LL30 3PD,,2023-02-19,,,0.0,28.2,9.9
244,40,645258,1997-07-04,500/1000,2000,1267.81,5000000,FEMALE,Masters,exec-managerial,video-games,wife,0,0,2015-01-03,Vehicle Theft,?,Trivial Damage,,10,1,?,2,1,?,6600,660,1320,4620,Accura,TL,2005,N,,,,,,,,PL13 1ET,South West,2024-01-03,35.0,0.0,6.8,37.1,10.2
78,29,694662,2011-02-15,250/500,1000,1234.2,6000000,MALE,Masters,other-service,bungie-jumping,other-relative,0,0,2015-01-29,Vehicle Theft,?,Minor Damage,Police,3,1,YES,2,2,NO,7500,750,1500,5250,Nissan,Maxima,2002,N,YO61 1AA,Yorkshire and The Humber,1.0,0.0,22.8,19.8,10.4,NE9 7EY,North East,2024-01-29,130.0,5.0,21.7,20.4,11.4
200,35,960680,1994-08-21,250/500,2000,1318.06,0,MALE,High School,exec-managerial,video-games,wife,57300,-80600,2015-01-19,Vehicle Theft,?,Trivial Damage,,13,1,NO,0,3,YES,6490,1180,1180,4130,Volkswagen,Jetta,2002,N,NG1 1AA,East Midlands,1431.0,58.0,0.0,20.2,3.6,BT56 8FW,,2024-01-19,42.0,1.0,0.0,26.7,4.3
284,48,498140,1997-05-15,500/1000,2000,769.95,0,MALE,Masters,prof-specialty,movies,not-in-family,0,-44200,2015-01-19,Multi-vehicle Collision,Side Collision,Major Damage,Ambulance,16,2,?,2,3,NO,60940,5540,11080,44320,Audi,A3,2013,Y,,,,,,,,DE56 2JB,East Midlands,2023-01-19,,,0.0,24.5,3.0
275,41,498875,1996-10-26,100/300,2000,1514.72,0,MALE,High School,transport-moving,board-games,own-child,35700,0,2015-02-02,Multi-vehicle Collision,Front Collision,Major Damage,Fire,13,3,YES,0,1,?,58300,5830,11660,40810,Suburu,Legacy,2007,N,,,,,,,,TA6 4ET,South West,2023-02-02,,,0.1,23.6,11.6
153,34,798177,2006-03-04,500/1000,1000,873.64,4000000,FEMALE,Associate,priv-house-serv,yachting,husband,800,0,2015-01-30,Multi-vehicle Collision,Front Collision,Minor Damage,Other,9,3,NO,2,1,?,68400,11400,11400,45600,Ford,F150,2007,N,,,,,,,,WS1 4HS,West Midlands,2023-01-30,,,0.3,25.3,8.4
134,32,614763,1991-01-02,500/1000,500,1612.43,0,FEMALE,MD,other-service,yachting,own-child,36400,0,2015-01-08,Single Vehicle Collision,Side Collision,Total Loss,Fire,2,1,?,2,1,YES,64240,11680,11680,40880,BMW,3 Series,2015,N,M1 1AE,North West,,,2.6,29.2,8.2,KT22 9AD,South East,2023-01-08,,,1.9,31.1,8.2
31,36,679370,1999-08-15,500/1000,2000,1318.24,9000000,FEMALE,College,prof-specialty,kayaking,not-in-family,0,-78600,2015-01-30,Parked Car,?,Trivial Damage,,9,1,NO,0,1,YES,4700,940,470,3290,Dodge,Neon,2002,N,S1 1AA,Yorkshire and The Humber,,,0.1,30.4,8.7,G11 5HD,,2023-01-30,,,0.4,31.7,7.9
41,25,958857,1992-01-15,100/300,1000,1226.83,0,FEMALE,College,exec-managerial,exercise,not-in-family,0,-56100,2015-01-07,Multi-vehicle Collision,Side Collision,Major Damage,Other,12,3,YES,2,0,?,45120,0,5640,39480,Accura,MDX,2011,Y,,,,,,,,LS14 3HF,Yorkshire and The Humber,2023-01-07,,,5.4,35.9,11.6
127,29,686816,1999-12-07,250/500,2000,1326.44,5000000,FEMALE,High School,sales,board-games,own-child,0,0,2015-02-24,Multi-vehicle Collision,Front Collision,Total Loss,Fire,12,2,YES,1,1,?,66950,10300,10300,46350,Saab,93,1995,N,,,,,,,,DT2 0GA,South West,2024-02-24,0.0,0.0,0.3,13.7,7.1
61,23,127754,1993-06-06,250/500,2000,1136.83,4000000,FEMALE,Associate,tech-support,exercise,own-child,0,-62400,2015-02-02,Single Vehicle Collision,Side Collision,Major Damage,Police,14,1,NO,0,3,?,98340,8940,17880,71520,Honda,Accord,2004,Y,,,,,,,,KT22 9AD,South East,2023-02-02,,,0.1,27.7,10.6
207,42,918629,2000-10-03,250/500,2000,1322.78,0,MALE,PhD,farming-fishing,yachting,own-child,55200,0,2015-02-28,Parked Car,?,Trivial Damage,,9,1,NO,0,1,NO,5900,590,590,4720,BMW,X5,2007,N,,,,,,,,M24 2GB,North West,2024-02-28,0.0,0.0,4.1,22.3,10.0
219,43,731450,2010-12-29,100/300,1000,1483.25,0,FEMALE,MD,exec-managerial,exercise,not-in-family,90700,-20800,2015-02-09,Multi-vehicle Collision,Front Collision,Major Damage,Ambulance,3,3,NO,1,1,?,70680,5890,11780,53010,Ford,Fusion,2009,N,,,,,,,,IM4 7JQ,,2023-02-09,,,,,
271,42,307447,1990-03-17,100/300,500,1515.3,0,FEMALE,High School,machine-op-inspct,hiking,not-in-family,0,0,2015-01-19,Multi-vehicle Collision,Rear Collision,Total Loss,Ambulance,21,3,NO,1,0,NO,93720,17040,8520,68160,Mercedes,ML350,2005,N,CF10 1AA,,1223.0,92.0,0.0,14.7,5.7,G11 5HD,,2023-01-19,,,0.0,21.6,4.6
80,25,992145,2012-03-01,100/300,2000,1075.18,5000000,FEMALE,PhD,armed-forces,exercise,husband,67700,-58400,2015-02-21,Vehicle Theft,?,Minor Damage,,5,1,NO,2,0,YES,6930,1260,630,5040,Toyota,Highlander,2001,N,,,,,,,,DE56 2JB,East Midlands,2023-02-21,,,0.1,18.2,9.7
325,47,900628,2006-02-05,500/1000,1000,1690.27,0,FEMALE,Associate,protective-serv,hiking,not-in-family,61500,0,2015-01-14,Single Vehicle Collision,Side Collision,Major Damage,Fire,11,1,YES,0,3,NO,72930,6630,6630,59670,Dodge,RAM,2006,Y,SW1A 1AA,London,4960.0,187.0,1.6,17.1,5.7,LU7 2QH,East of England,2024-01-14,84.0,3.0,1.3,18.2,5.1
29,25,235220,2014-11-01,250/500,2000,1352.83,0,MALE,Masters,farming-fishing,skydiving,own-child,0,-71700,2015-01-22,Multi-vehicle Collision,Rear Collision,Minor Damage,Other,4,4,YES,1,2,YES,64890,7210,7210,50470,Nissan,Pathfinder,2013,Y,,,,,,,,DT6 6SG,South West,2024-01-22,0.0,0.0,2.6,53.7,12.7
295,48,740019,2009-06-17,250/500,1000,1148.73,0,FEMALE,College,machine-op-inspct,kayaking,wife,0,0,2015-02-22,Parked Car,?,Trivial Damage,,6,1,?,1,2,YES,5400,900,900,3600,Saab,95,1999,N,OX1 1AA,South East,,,4.4,16.4,9.2,KY15 7BA,,2023-02-22,,,7.0,21.1,8.7
239,42,246882,1999-09-20,100/300,1000,969.5,0,MALE,College,exec-managerial,reading,not-in-family,0,0,2015-01-26,Vehicle Theft,?,Trivial Damage,,10,1,NO,0,0,?,5600,700,700,4200,Audi,A3,2007,N,,,,,,,,WR11 3JT,West Midlands,2023-01-26,,,0.1,21.6,7.6
269,41,797613,1990-10-19,100/300,500,1463.82,0,FEMALE,College,protective-serv,yachting,not-in-family,0,-72300,2015-01-24,Single Vehicle Collision,Rear Collision,Minor Damage,Police,23,1,YES,0,0,?,79300,15860,15860,47580,Saab,92x,2007,N,M1 1AE,North West,16.0,1.0,1.2,38.5,10.4,NR18 9AN,East of England,2024-01-24,54.0,3.0,0.0,45.6,13.3
80,27,193442,1996-08-05,100/300,1000,1474.17,0,FEMALE,College,tech-support,exercise,unmarried,0,0,2015-02-19,Single Vehicle Collision,Side Collision,Major Damage,Police,13,1,YES,1,0,YES,52800,10560,5280,36960,Saab,95,2004,N,OX1 1AA,South East,388.0,4.0,0.5,21.9,12.5,KT22 9AD,South East,2024-02-19,128.0,10.0,1.6,21.3,12.6
279,41,389238,2001-06-06,250/500,500,1497.35,0,FEMALE,JD,prof-specialty,bungie-jumping,husband,37300,-31700,2015-01-29,Multi-vehicle Collision,Front Collision,Minor Damage,Fire,16,3,?,2,3,NO,28800,0,3600,25200,Ford,Fusion,2013,N,,,,,,,,NE9 7EY,North East,2023-01-29,,,0.1,32.8,9.7
165,33,760179,2007-03-25,100/300,1000,1427.14,0,FEMALE,Associate,tech-support,kayaking,other-relative,35300,-58100,2015-02-15,Parked Car,?,Minor Damage,Police,3,1,NO,1,1,NO,2970,330,330,2310,Toyota,Highlander,2008,N,,,,,,,,IM4 7JQ,,2024-02-15,,,,,
350,54,939905,2013-10-31,500/1000,500,1495.1,0,MALE,College,other-service,basketball,wife,50500,0,2015-02-12,Multi-vehicle Collision,Side Collision,Total Loss,Police,15,3,NO,0,0,?,93480,15580,7790,70110,Chevrolet,Malibu,2014,N,,,,,,,,NR18 9AN,East of England,2023-02-12,,,0.0,9.7,8.8
295,49,872814,1992-06-13,100/300,500,1141.62,0,MALE,College,prof-specialty,kayaking,husband,34300,-24300,2015-01-01,Vehicle Theft,?,Minor Damage,,4,1,YES,1,3,YES,4320,480,480,3360,Mercedes,E400,2002,N,,,,,,,,G61 3LF,,2024-01-01,0.0,0.0,2.7,20.7,5.4
464,61,632627,1990-10-07,500/1000,1000,1125.37,0,FEMALE,Associate,prof-specialty,basketball,husband,0,-56400,2015-01-13,Multi-vehicle Collision,Rear Collision,Major Damage,Police,6,3,?,0,2,YES,79800,6650,19950,53200,Saab,95,2000,Y,,,,,,,,RM12 4BG,London,2024-01-13,459.0,47.0,0.0,12.1,4.3
118,28,283414,1991-12-28,500/1000,2000,1207.36,0,FEMALE,High School,handlers-cleaners,camping,own-child,0,-57000,2015-03-01,Multi-vehicle Collision,Front Collision,Major Damage,Ambulance,22,2,NO,1,0,?,74200,7420,14840,51940,Volkswagen,Passat,1997,N,M1 1AE,North West,18.0,0.0,11.3,30.3,6.0,M24 2GB,North West,2023-03-01,,,0.3,23.2,7.4
298,47,163161,1998-11-11,500/1000,2000,1338.5,0,FEMALE,PhD,machine-op-inspct,basketball,other-relative,28800,0,2015-02-02,Single Vehicle Collision,Front Collision,Major Damage,Fire,1,1,?,0,0,?,70590,10860,10860,48870,Saab,93,2000,Y,M1 1AE,North West,16.0,0.0,1.1,27.2,11.7,WS1 4HS,West Midlands,2024-02-02,600.0,54.0,0.0,25.8,11.2
87,31,853360,2009-06-26,500/1000,1000,1074.07,0,FEMALE,Masters,sales,chess,husband,0,-47500,2015-01-27,Multi-vehicle Collision,Rear Collision,Major Damage,Fire,16,3,NO,0,3,YES,60940,5540,11080,44320,Nissan,Ultima,2006,Y,,,,,,,,RM12 4BG,London,2023-01-27,,,0.0,19.2,7.2
261,42,776860,2009-01-11,250/500,500,1337.56,0,FEMALE,College,prof-specialty,video-games,unmarried,0,0,2015-01-12,Single Vehicle Collision,Rear Collision,Minor Damage,Police,18,1,?,1,2,YES,74700,7470,14940,52290,Dodge,RAM,2010,N,OX1 1AA,South East,363.0,6.0,0.0,16.8,6.1,KT22 9AD,South East,2023-01-12,,,4.9,41.0,11.5
453,60,149367,2003-03-18,100/300,500,1298.91,6000000,MALE,PhD,craft-repair,dancing,unmarried,52600,-38800,2015-01-06,Single Vehicle Collision,Front Collision,Major Damage,Fire,0,1,YES,0,0,?,70000,14000,7000,49000,Ford,F150,2015,Y,,,,,,,,DE56 2JB,East Midlands,2023-01-06,,,4.0,33.7,10.9
210,41,395269,2012-11-02,500/1000,500,1222.75,0,MALE,High School,exec-managerial,polo,other-relative,0,-41000,2015-01-30,Multi-vehicle Collision,Rear Collision,Total Loss,Other,12,3,?,2,0,NO,81070,14740,14740,51590,BMW,X5,2001,N,CF10 1AA,,1223.0,92.0,0.0,20.4,10.4,NG34 8NE,East Midlands,2024-01-30,2.0,0.0,2.2,23.1,11.7
168,32,981123,2000-05-04,100/300,1000,1059.52,0,MALE,MD,protective-serv,camping,own-child,0,-40600,2015-03-01,Multi-vehicle Collision,Side Collision,Major Damage,Other,13,2,?,1,1,?,57720,14430,9620,33670,Saab,93,2007,N,M1 1AE,North West,,,0.3,21.4,7.6,LL30 3PD,,2024-03-01,17.0,0.0,2.2,26.1,6.6
390,51,143626,1999-09-29,250/500,2000,1124.38,0,MALE,Associate,armed-forces,reading,other-relative,0,0,2015-02-24,Vehicle Theft,?,Minor Damage,,9,1,YES,1,1,YES,7080,1180,1180,4720,Ford,F150,2001,N,,,,,,,,LA14 5DF,North West,2023-02-24,,,0.0,25.6,10.6
258,46,648397,1999-03-09,100/300,1000,1110.37,10000000,MALE,MD,machine-op-inspct,hiking,other-relative,34400,-56800,2015-01-24,Multi-vehicle Collision,Side Collision,Total Loss,Other,14,3,NO,0,1,?,47700,4770,9540,33390,Accura,MDX,1997,Y,OX1 1AA,South East,363.0,6.0,0.0,40.3,11.5,BT56 8FW,,2024-01-24,42.0,1.0,0.4,42.0,9.3
107,31,154982,1991-02-13,500/1000,2000,1374.22,0,FEMALE,PhD,machine-op-inspct,bungie-jumping,other-relative,62000,-63100,2015-02-26,Single Vehicle Collision,Rear Collision,Minor Damage,Police,16,1,NO,0,3,NO,51260,9320,9320,32620,Suburu,Legacy,2002,N,,,,,,,,NR18 9AN,East of England,2023-02-26,,,0.1,22.2,6.8
225,41,330591,1993-08-05,500/1000,2000,1103.58,0,MALE,High School,exec-managerial,exercise,unmarried,41200,-36200,2015-01-19,Multi-vehicle Collision,Side Collision,Major Damage,Police,20,3,?,2,2,NO,70400,6400,12800,51200,Toyota,Highlander,2011,Y,,,,,,,,G61 3LF,,2024-01-19,0.0,0.0,1.5,24.8,3.9
164,38,319232,1997-10-31,250/500,2000,1269.76,0,FEMALE,PhD,transport-moving,yachting,not-in-family,44300,0,2015-01-17,Single Vehicle Collision,Rear Collision,Minor Damage,Fire,4,1,NO,1,3,YES,90000,18000,9000,63000,Ford,Fusion,2015,N,OX1 1AA,South East,,,0.0,11.9,2.7,TA6 4ET,South West,2023-01-17,,,0.0,12.9,2.5
245,39,531640,2001-04-21,250/500,500,964.79,8000000,FEMALE,Associate,adm-clerical,camping,husband,58000,0,2015-02-20,Multi-vehicle Collision,Rear Collision,Minor Damage,Police,7,3,?,0,1,?,72820,13240,6620,52960,BMW,3 Series,2010,N,NG1 1AA,East Midlands,,,0.0,33.0,13.1,ME9 8WL,South East,2023-02-20,,,0.0,25.1,11.8
255,41,368050,2013-01-08,500/1000,2000,1167.3,4000000,MALE,High School,priv-house-serv,board-games,other-relative,0,0,2015-02-22,Single Vehicle Collision,Side Collision,Minor Damage,Fire,22,1,NO,2,0,?,69300,13860,13860,41580,Volkswagen,Passat,2000,N,YO61 1AA,Yorkshire and The Humber,,,0.6,24.6,8.5,WS1 4HS,West Midlands,2024-02-22,600.0,54.0,9.5,29.3,8.6
206,36,253791,2009-07-23,500/1000,500,1625.45,4000000,FEMALE,MD,other-service,video-games,other-relative,0,-53700,2015-01-23,Single Vehicle Collision,Front Collision,Major Damage,Ambulance,11,1,NO,2,1,NO,76560,12760,12760,51040,Ford,Fusion,2008,Y,,,,,,,,PO19 6EU,South East,2023-01-23,,,0.0,15.3,3.8
203,38,155724,1998-02-20,250/500,500,1394.43,0,FEMALE,Masters,other-service,skydiving,not-in-family,0,0,2015-01-31,Single Vehicle Collision,Front Collision,Major Damage,Ambulance,7,1,?,0,1,YES,55440,0,6160,49280,Nissan,Maxima,1999,Y,,,,,,,,LA14 5DF,North West,2023-01-31,,,5.0,38.7,8.6
22,25,824540,2008-03-13,250/500,2000,1053.24,0,FEMALE,College,prof-specialty,movies,other-relative,51100,0,2015-01-05,Multi-vehicle Collision,Front Collision,Total Loss,Other,0,4,YES,1,0,NO,77130,8570,17140,51420,Accura,MDX,1995,N,,,,,,,,NE9 7EY,North East,2024-01-05,130.0,5.0,2.2,9.7,6.2
211,35,717392,1996-08-20,100/300,500,1040.75,0,FEMALE,JD,prof-specialty,paintball,not-in-family,0,0,2015-02-03,Single Vehicle Collision,Rear Collision,Total Loss,Ambulance,1,1,YES,1,1,?,42000,7000,7000,28000,BMW,X5,2011,N,CF10 1AA,,,,0.2,28.6,10.7,ME9 8WL,South East,2023-02-03,,,0.0,23.2,12.3
206,39,965768,2014-07-27,250/500,1000,1302.4,6000000,MALE,JD,craft-repair,dancing,unmarried,47200,-69700,2015-02-17,Multi-vehicle Collision,Rear Collision,Total Loss,Ambulance,12,3,NO,2,3,YES,36300,3300,9900,23100,Ford,Escape,2013,N,,,,,,,,KY15 7BA,,2023-02-17,,,7.6,40.5,11.0
166,38,414779,1992-11-09,100/300,2000,1588.55,0,MALE,MD,protective-serv,video-games,unmarried,59600,-32100,2015-01-09,Single Vehicle Collision,Side Collision,Total Loss,Other,8,1,NO,0,0,?,40320,5760,5760,28800,Suburu,Impreza,2001,N,,,,,,,,ML9 2SA,,2023-01-09,,,1.2,28.2,5.1
165,32,428230,2012-06-04,500/1000,500,1399.26,0,FEMALE,High School,tech-support,exercise,own-child,70500,0,2015-02-08,Parked Car,?,Minor Damage,Police,9,1,?,2,0,?,3960,330,660,2970,BMW,M5,1998,N,SW1A 1AA,London,5183.0,187.0,16.1,25.3,12.2,EX8 5DT,South West,2023-02-08,,,0.0,12.3,7.1
274,43,517240,2001-05-13,100/300,2000,1352.31,0,MALE,College,farming-fishing,basketball,wife,40700,-47300,2015-02-06,Single Vehicle Collision,Front Collision,Major Damage,Fire,22,1,YES,0,3,YES,63840,10640,10640,42560,BMW,X5,2006,Y,,,,,,,,TW3 1GN,London,2024-02-06,713.0,34.0,6.0,34.6,13.2
81,28,469874,2011-09-17,250/500,1000,1139.0,6000000,FEMALE,Masters,sales,sleeping,husband,42400,0,2015-01-14,Multi-vehicle Collision,Front Collision,Major Damage,Fire,0,3,?,1,2,?,44730,4970,4970,34790,Saab,92x,2000,Y,NR35 1AA,East of England,,,8.9,38.0,12.0,ME9 8WL,South East,2024-01-14,24.0,0.0,0.7,17.2,4.8
280,45,718428,2011-07-15,250/500,1000,1397.67,0,MALE,JD,machine-op-inspct,camping,wife,57900,0,2015-01-22,Multi-vehicle Collision,Front Collision,Minor Damage,Other,0,3,YES,1,2,NO,84720,14120,14120,56480,Ford,Escape,1999,N,CF10 1AA,,,,0.0,10.0,4.0,SN11 8UB,South West,2023-01-22,,,0.0,13.4,3.3
194,39,620215,2005-07-27,250/500,500,823.17,0,MALE,Masters,adm-clerical,paintball,own-child,0,0,2015-02-23,Multi-vehicle Collision,Front Collision,Major Damage,Other,3,3,?,2,2,NO,61500,6150,12300,43050,Dodge,RAM,2012,N,,,,,,,,IM4 7JQ,,2024-02-23,,,,,
112,27,618659,2005-10-18,100/300,500,965.13,0,FEMALE,Masters,tech-support,exercise,unmarried,60000,-54800,2015-02-22,Multi-vehicle Collision,Front Collision,Major Damage,Ambulance,21,3,?,0,1,?,51000,8500,8500,34000,Nissan,Pathfinder,2013,N,,,,,,,,PL13 1ET,South West,2023-02-22,,,1.4,28.6,8.8
24,33,649082,1996-01-19,500/1000,1000,1922.84,0,FEMALE,High School,machine-op-inspct,skydiving,wife,0,-45200,2015-01-24,Single Vehicle Collision,Side Collision,Total Loss,Police,0,1,?,2,1,NO,46800,4680,9360,32760,Jeep,Wrangler,2002,N,,,,,,,,KY15 7BA,,2024-01-24,0.0,0.0,0.8,39.4,8.8
93,32,437573,2005-09-29,250/500,2000,1624.82,0,MALE,PhD,exec-managerial,basketball,unmarried,65300,-65600,2015-02-09,Single Vehicle Collision,Side Collision,Minor Damage,Ambulance,16,1,?,1,1,?,78120,17360,8680,52080,BMW,3 Series,2006,N,,,,,,,,ME9 8WL,South East,2023-02-09,,,0.0,13.0,8.4
171,34,964657,1997-02-18,250/500,2000,1277.25,0,FEMALE,College,exec-managerial,yachting,other-relative,84900,0,2015-01-19,Single Vehicle Collision,Rear Collision,Major Damage,Police,14,1,NO,1,2,?,69200,13840,6920,48440,Volkswagen,Passat,1996,Y,,,,,,,,BT56 8FW,,2023-01-19,,,5.6,20.1,4.7
200,40,932502,2010-05-11,100/300,1000,1439.34,0,FEMALE,High School,sales,exercise,other-relative,45300,-20400,2015-01-01,Vehicle Theft,?,Minor Damage,Police,9,1,?,0,0,NO,3690,410,410,2870,Ford,Escape,2015,N,BN1 1AA,South East,1309.0,46.0,11.1,42.1,11.0,EX8 5DT,South West,2023-01-01,,,2.7,35.7,11.3
120,28,434507,2009-02-06,250/500,1000,1281.27,0,FEMALE,PhD,tech-support,golf,not-in-family,68900,0,2015-01-07,Multi-vehicle Collision,Rear Collision,Minor Damage,Fire,9,3,NO,0,3,?,65500,6550,6550,52400,BMW,X5,2010,N,,,,,,,,NG34 8NE,East Midlands,2023-01-07,,,5.2,39.2,12.0
325,46,935277,2013-07-09,500/1000,500,1348.83,0,FEMALE,High School,prof-specialty,basketball,wife,46300,-77500,2015-02-01,Multi-vehicle Collision,Rear Collision,Minor Damage,Fire,21,3,?,1,2,YES,76120,13840,6920,55360,Toyota,Camry,1999,N,GL54 1AA,South West,8.0,0.0,0.1,23.1,9.5,RM12 4BG,London,2024-02-01,420.0,26.0,0.2,21.7,10.9
124,32,756054,1992-06-06,250/500,1000,1198.15,0,FEMALE,MD,other-service,hiking,not-in-family,0,-43200,2015-02-21,Multi-vehicle Collision,Front Collision,Total Loss,Other,19,3,NO,0,2,YES,73560,12260,12260,49040,BMW,X5,1995,N,NR35 1AA,East of England,40.0,1.0,4.1,32.9,11.2,KT22 9AD,South East,2024-02-21,128.0,10.0,4.2,35.8,11.5
211,35,682387,1998-03-08,100/300,2000,1221.22,0,MALE,Masters,machine-op-inspct,camping,other-relative,76000,0,2015-01-21,Single Vehicle Collision,Rear Collision,Total Loss,Police,2,1,YES,0,1,?,52030,9460,4730,37840,Mercedes,E400,2008,N,,,,,,,,IM4 7JQ,,2024-01-21,,,,,
287,41,456604,2004-03-29,500/1000,2000,968.74,0,MALE,Masters,transport-moving,video-games,wife,0,-49000,2015-01-19,Vehicle Theft,?,Trivial Damage,,9,1,?,2,3,?,5170,470,940,3760,Suburu,Forrestor,2001,N,M1 1AE,North West,16.0,1.0,0.0,21.4,5.2,TW3 1GN,London,2023-01-19,,,0.0,11.4,4.1
122,34,139872,2006-06-01,250/500,1000,1220.71,0,MALE,PhD,machine-op-inspct,video-games,own-child,58600,-28700,2015-02-27,Parked Car,?,Minor Damage,,5,1,?,2,1,YES,8190,1890,1260,5040,Chevrolet,Silverado,2013,N,,,,,,,,WS1 4HS,West Midlands,2024-02-27,600.0,54.0,0.6,26.0,7.2
22,29,354105,1994-06-08,250/500,2000,1238.62,6000000,MALE,MD,exec-managerial,yachting,other-relative,0,-56200,2015-02-14,Single Vehicle Collision,Rear Collision,Major Damage,Ambulance,14,1,?,2,3,?,70800,7080,14160,49560,Accura,MDX,2012,Y,S1 1AA,Yorkshire and The Humber,,,0.0,14.8,9.8,DE56 2JB,East Midlands,2023-02-14,,,0.0,13.4,9.2
106,31,165485,1998-02-12,500/1000,2000,1320.75,0,FEMALE,JD,farming-fishing,video-games,wife,54100,0,2015-02-01,Multi-vehicle Collision,Rear Collision,Total Loss,Police,20,3,?,0,3,YES,45630,5070,5070,35490,Accura,MDX,2011,N,,,,,,,,DT6 6SG,South West,2023-02-01,,,0.0,30.2,10.2
398,58,515050,2000-11-16,100/300,500,990.98,0,FEMALE,Associate,exec-managerial,cross-fit,wife,0,-57900,2015-02-02,Single Vehicle Collision,Front Collision,Major Damage,Police,18,1,YES,2,1,?,99320,7640,15280,76400,Accura,TL,2002,Y,,,,,,,,WS1 4HS,West Midlands,2024-02-02,600.0,54.0,0.0,25.8,11.2
214,41,795686,2004-10-24,500/1000,500,1398.51,4000000,MALE,Masters,tech-support,polo,not-in-family,0,-57100,2015-02-01,Multi-vehicle Collision,Side Collision,Major Damage,Fire,13,3,?,2,0,NO,64000,12800,6400,44800,BMW,X6,1996,Y,CF10 1AA,,,,0.1,28.9,10.2,G61 3LF,,2023-02-01,,,6.8,29.5,7.7
209,38,395983,2009-11-08,100/300,500,1355.08,0,FEMALE,MD,other-service,golf,other-relative,58100,0,2015-01-19,Single Vehicle Collision,Front Collision,Minor Damage,Fire,21,1,?,1,1,?,47300,4730,4730,37840,Nissan,Pathfinder,2014,N,SW1A 1AA,London,,,0.0,10.8,4.1,WR11 3JT,West Midlands,2024-01-19,133.0,5.0,0.0,18.1,4.5
82,27,119513,1996-09-21,100/300,1000,1384.51,0,MALE,PhD,adm-clerical,reading,not-in-family,13100,-38200,2015-02-18,Single Vehicle Collision,Rear Collision,Major Damage,Other,14,1,NO,2,3,?,71680,8960,8960,53760,Volkswagen,Jetta,2007,Y,,,,,,,,ME9 8WL,South East,2023-02-18,,,1.4,26.4,12.3
193,41,217938,1995-07-16,250/500,500,847.03,0,FEMALE,JD,craft-repair,skydiving,not-in-family,0,0,2015-02-08,Single Vehicle Collision,Side Collision,Major Damage,Other,1,1,?,1,0,YES,112320,17280,17280,77760,Suburu,Impreza,2011,Y,BN1 1AA,South East,,,0.0,11.2,6.2,LU7 2QH,East of England,2023-02-08,,,0.0,14.8,5.5
134,32,203914,2001-06-09,100/300,1000,1000.06,0,FEMALE,PhD,farming-fishing,base-jumping,wife,0,0,2015-01-09,Single Vehicle Collision,Side Collision,Total Loss,Other,17,1,?,1,0,?,82720,7520,15040,60160,Audi,A3,2014,N,S1 1AA,Yorkshire and The Humber,,,0.3,28.3,6.5,NR18 9AN,East of England,2024-01-09,54.0,3.0,0.0,25.5,3.2
288,45,565157,2002-10-06,100/300,1000,1046.71,0,MALE,Masters,priv-house-serv,polo,husband,0,0,2015-02-27,Multi-vehicle Collision,Rear Collision,Major Damage,Fire,4,3,?,2,1,?,48060,10680,5340,32040,Mercedes,C300,2009,N,,,,,,,,LU7 2QH,East of England,2024-02-27,85.0,8.0,1.4,17.1,6.9
104,32,904191,1997-07-14,250/500,500,1158.03,0,MALE,High School,exec-managerial,kayaking,own-child,31900,-44600,2015-01-08,Multi-vehicle Collision,Rear Collision,Total Loss,Police,23,3,YES,1,3,YES,63570,9780,9780,44010,Volkswagen,Jetta,2006,Y,,,,,,,,IM4 7JQ,,2023-01-08,,,,,
431,54,419510,1994-11-11,100/300,1000,1372.27,0,FEMALE,Masters,craft-repair,paintball,own-child,17600,0,2015-01-08,Multi-vehicle Collision,Rear Collision,Total Loss,Fire,13,3,NO,2,3,?,63240,10540,10540,42160,Suburu,Forrestor,1997,N,,,,,,,,LA14 5DF,North West,2024-01-08,310.0,12.0,0.0,19.4,3.2
101,33,575000,2012-06-23,100/300,1000,1053.04,7000000,FEMALE,Masters,other-service,reading,own-child,52000,-44500,2015-02-24,Multi-vehicle Collision,Rear Collision,Minor Damage,Ambulance,20,3,NO,1,3,?,54240,9040,9040,36160,Saab,93,2013,Y,SW1A 1AA,London,,,0.0,15.2,9.2,ME9 8WL,South East,2023-02-24,,,0.1,19.1,8.5
375,50,120485,2007-02-18,100/300,1000,1275.39,0,MALE,Associate,sales,bungie-jumping,other-relative,0,0,2015-02-12,Single Vehicle Collision,Front Collision,Major Damage,Police,16,1,YES,2,3,NO,37280,0,0,37280,Audi,A5,1996,Y,NR35 1AA,East of England,40.0,1.0,0.0,17.8,8.4,M24 2GB,North West,2024-02-12,0.0,0.0,4.3,23.3,7.6
461,61,781181,2005-06-27,100/300,2000,1402.75,0,MALE,JD,exec-managerial,exercise,husband,0,0,2015-02-18,Multi-vehicle Collision,Rear Collision,Minor Damage,Police,10,3,?,2,1,YES,72100,7210,14420,50470,Jeep,Wrangler,2006,N,OX1 1AA,South East,,,0.6,30.2,12.4,LS14 3HF,Yorkshire and The Humber,2024-02-18,9.0,0.0,2.7,26.0,13.2
428,59,299796,1999-09-29,250/500,500,1344.36,7000000,FEMALE,JD,prof-specialty,hiking,other-relative,0,0,2015-02-06,Parked Car,?,Minor Damage,,8,1,?,2,3,NO,6500,1300,650,4550,Saab,92x,2013,N,,,,,,,,TW3 1GN,London,2023-02-06,,,0.0,10.3,8.2
45,38,589749,2006-05-14,100/300,1000,1197.71,0,MALE,Masters,machine-op-inspct,movies,not-in-family,29000,0,2015-02-14,Multi-vehicle Collision,Front Collision,Total Loss,Ambulance,17,3,?,2,0,?,78240,13040,13040,52160,Suburu,Legacy,2013,N,,,,,,,,KT22 9AD,South East,2024-02-14,128.0,10.0,2.5,25.5,12.5
136,29,854021,2010-04-29,100/300,500,1203.24,0,FEMALE,JD,transport-moving,video-games,other-relative,62500,-66900,2015-02-05,Vehicle Theft,?,Minor Damage,Police,9,1,?,2,0,?,6200,1240,620,4340,Honda,Accord,1999,N,,,,,,,,LA14 5DF,North West,2024-02-05,334.0,4.0,1.8,40.3,9.5
216,36,454086,1992-11-10,500/1000,1000,1152.4,0,FEMALE,Associate,priv-house-serv,reading,unmarried,39600,-82400,2015-01-25,Parked Car,?,Minor Damage,Police,0,1,YES,2,3,?,6160,560,1680,3920,Mercedes,E400,2014,N,S1 1AA,Yorkshire and The Humber,1118.0,66.0,1.4,30.6,11.9,DT6 6SG,South West,2023-01-25,,,0.6,28.8,8.1
278,48,139484,1999-07-24,500/1000,2000,1142.62,7000000,FEMALE,MD,farming-fishing,dancing,not-in-family,0,-54000,2015-01-16,Single Vehicle Collision,Front Collision,Total Loss,Ambulance,12,1,?,2,0,?,76050,11700,11700,52650,Chevrolet,Silverado,1997,N,S1 1AA,Yorkshire and The Humber,,,0.0,23.4,2.1,ML9 2SA,,2023-01-16,,,1.9,14.8,0.6
295,48,678849,1992-02-22,500/1000,1000,1332.07,0,FEMALE,MD,exec-managerial,polo,unmarried,49700,-59100,2015-01-28,Multi-vehicle Collision,Side Collision,Total Loss,Ambulance,20,2,NO,2,1,YES,86060,13240,13240,59580,Volkswagen,Passat,2002,N,M1 1AE,North West,,,0.2,10.0,7.1,SN11 8UB,South West,2023-01-28,,,0.0,9.4,5.5
112,30,346940,2002-09-13,500/1000,1000,1166.54,0,FEMALE,Masters,prof-specialty,sleeping,not-in-family,47700,-59300,2015-01-21,Single Vehicle Collision,Front Collision,Major Damage,Fire,3,1,YES,2,0,NO,107900,10790,21580,75530,Dodge,Neon,1997,Y,,,,,,,,PO19 6EU,South East,2023-01-21,,,0.0,17.4,5.3
122,34,985436,2003-08-09,250/500,500,1495.06,0,FEMALE,Masters,prof-specialty,polo,unmarried,38100,-31400,2015-01-07,Multi-vehicle Collision,Rear Collision,Total Loss,Fire,18,3,NO,2,0,YES,99990,18180,18180,63630,Mercedes,E400,2011,N,M1 1AE,North West,16.0,1.0,0.0,7.9,4.4,DE56 2JB,East Midlands,2023-01-07,,,8.6,36.2,10.8
108,29,237418,2007-12-04,500/1000,1000,1337.92,0,FEMALE,PhD,armed-forces,bungie-jumping,not-in-family,71400,0,2015-02-23,Multi-vehicle Collision,Side Collision,Minor Damage,Ambulance,4,3,NO,2,2,YES,61380,11160,5580,44640,Suburu,Legacy,2012,N,,,,,,,,LU2 7LL,East of England,2024-02-23,781.0,51.0,0.8,23.4,7.2
14,28,335780,2002-07-22,250/500,2000,1587.96,0,FEMALE,Associate,craft-repair,board-games,unmarried,0,-26900,2015-02-14,Single Vehicle Collision,Rear Collision,Major Damage,Fire,18,1,?,2,1,YES,71280,12960,12960,45360,Audi,A5,2012,Y,OX1 1AA,South East,,,0.0,11.2,11.4,ME9 8WL,South East,2024-02-14,27.0,0.0,1.1,25.6,12.9
298,45,491392,1992-07-03,500/1000,1000,1362.29,0,MALE,High School,farming-fishing,yachting,unmarried,0,-51100,2015-02-27,Multi-vehicle Collision,Front Collision,Minor Damage,Ambulance,18,3,NO,0,0,NO,64000,12800,6400,44800,Saab,95,1999,N,,,,,,,,DT6 6SG,South West,2024-02-27,0.0,0.0,,,
276,46,140880,2005-03-29,250/500,500,1448.84,0,FEMALE,Masters,machine-op-inspct,bungie-jumping,husband,0,-50000,2015-02-21,Parked Car,?,Trivial Damage,Police,7,1,?,0,1,NO,5940,660,660,4620,Toyota,Highlander,2015,N,,,,,,,,M24 2GB,North West,2024-02-21,0.0,0.0,10.9,34.6,11.8
47,37,962591,2008-03-16,250/500,2000,1241.97,0,MALE,High School,other-service,movies,not-in-family,75400,0,2015-01-05,Parked Car,?,Minor Damage,,18,1,NO,1,0,NO,6700,670,670,5360,Jeep,Wrangler,2011,N,,,,,,,,NE9 7EY,North East,2024-01-05,130.0,5.0,2.2,9.7,6.2
222,42,922565,1999-05-23,250/500,500,1124.6,0,MALE,Associate,armed-forces,hiking,not-in-family,0,0,2015-01-30,Multi-vehicle Collision,Rear Collision,Minor Damage,Police,23,3,YES,0,0,?,51740,11940,7960,31840,Jeep,Wrangler,2006,N,,,,,,,,M24 2GB,North West,2024-01-30,0.0,0.0,1.2,16.8,10.7
119,28,288580,2012-11-22,250/500,2000,1079.92,0,MALE,High School,machine-op-inspct,hiking,husband,88800,0,2015-02-26,Single Vehicle Collision,Rear Collision,Total Loss,Ambulance,1,1,?,0,1,YES,53600,6700,6700,40200,Volkswagen,Jetta,2007,Y,CF10 1AA,,,,0.1,24.2,7.4,ML9 2SA,,2024-02-26,1.0,0.0,0.0,10.9,6.5
73,29,154280,1993-01-29,250/500,1000,1447.78,0,MALE,College,protective-serv,board-games,wife,35100,-59900,2015-01-10,Multi-vehicle Collision,Rear Collision,Total Loss,Other,15,3,YES,1,0,?,44910,4990,4990,34930,Dodge,Neon,2001,N,OX1 1AA,South East,363.0,6.0,0.0,21.4,4.7,ML9 2SA,,2023-01-10,,,13.4,37.2,10.8
8,31,425973,2003-02-11,250/500,500,1229.16,4000000,FEMALE,MD,transport-moving,kayaking,wife,0,-88300,2015-02-23,Multi-vehicle Collision,Front Collision,Major Damage,Fire,2,3,?,0,2,YES,48100,11100,7400,29600,Volkswagen,Jetta,2014,N,,,,,,,,NR18 9AN,East of England,2024-02-23,32.0,3.0,0.8,24.9,8.7
294,44,477177,1990-08-15,100/300,1000,1226.49,0,FEMALE,PhD,farming-fishing,kayaking,unmarried,53900,0,2015-02-05,Vehicle Theft,?,Trivial Damage,,3,1,NO,0,1,NO,6100,610,1220,4270,Ford,Fusion,2002,N,S1 1AA,Yorkshire and The Humber,1104.0,75.0,0.0,33.0,11.1,LU7 2QH,East of England,2023-02-05,,,0.0,16.9,7.8
324,46,648509,2010-03-06,100/300,2000,897.89,6000000,MALE,MD,tech-support,board-games,wife,0,-41300,2015-01-21,Single Vehicle Collision,Rear Collision,Minor Damage,Other,13,1,?,1,0,YES,79600,15920,15920,47760,Jeep,Wrangler,2011,N,CF10 1AA,,1223.0,92.0,18.8,46.4,12.4,BT63 5JA,,2024-01-21,119.0,2.0,7.9,50.5,12.4
155,34,914815,1990-09-27,100/300,500,1706.79,0,MALE,Masters,protective-serv,dancing,other-relative,0,0,2015-01-07,Single Vehicle Collision,Front Collision,Minor Damage,Ambulance,1,1,NO,1,1,YES,77040,8560,8560,59920,Honda,Civic,1998,N,YO61 1AA,Yorkshire and The Humber,1.0,0.0,0.0,7.9,4.2,ML9 2SA,,2023-01-07,,,17.1,29.2,8.9
261,45,249048,2005-06-17,250/500,1000,1254.18,0,FEMALE,PhD,prof-specialty,kayaking,other-relative,0,-45100,2015-01-11,Single Vehicle Collision,Rear Collision,Minor Damage,Fire,16,1,YES,0,1,?,62590,11380,11380,39830,Volkswagen,Jetta,2003,N,SW1A 1AA,London,4960.0,187.0,0.0,24.0,5.5,BT63 5JA,,2023-01-11,,,4.8,28.5,7.1
245,40,144323,2001-09-14,500/1000,500,885.08,0,FEMALE,Masters,armed-forces,skydiving,other-relative,27000,-58900,2015-02-06,Single Vehicle Collision,Front Collision,Total Loss,Other,0,1,YES,0,1,NO,85150,13100,13100,58950,Chevrolet,Malibu,1998,N,,,,,,,,DT6 6SG,South West,2023-02-06,,,0.0,12.6,8.1
235,39,651861,2011-01-07,100/300,500,1046.58,4000000,MALE,MD,tech-support,exercise,wife,0,-31700,2015-01-24,Vehicle Theft,?,Trivial Damage,,1,1,?,2,1,NO,4950,450,900,3600,Chevrolet,Silverado,2010,N,,,,,,,,LA14 5DF,North West,2024-01-24,310.0,12.0,0.1,55.1,9.5
53,36,125324,2003-09-13,500/1000,2000,1712.68,0,MALE,Associate,handlers-cleaners,basketball,not-in-family,72200,0,2015-02-18,Multi-vehicle Collision,Side Collision,Major Damage,Fire,17,3,?,2,0,YES,51100,10220,5110,35770,Audi,A3,2006,N,,,,,,,,ML9 2SA,,2023-02-18,,,20.6,33.5,8.9
426,54,398102,1997-10-24,500/1000,2000,1097.71,0,FEMALE,Masters,adm-clerical,reading,not-in-family,29600,-22300,2015-01-12,Single Vehicle Collision,Side Collision,Minor Damage,Police,13,1,YES,2,3,?,100800,16800,16800,67200,Dodge,Neon,1997,N,,,,,,,,BT56 8FW,,2023-01-12,,,11.3,43.5,8.2
111,27,514065,2009-01-04,250/500,500,1363.77,4000000,FEMALE,Masters,tech-support,exercise,husband,51100,0,2015-01-17,Single Vehicle Collision,Side Collision,Total Loss,Police,12,1,YES,2,3,NO,90970,16540,16540,57890,Accura,RSX,2009,N,,,,,,,,NE9 7EY,North East,2024-01-17,130.0,5.0,0.0,15.2,0.1
86,26,391652,1998-10-12,100/300,500,1382.88,7000000,MALE,JD,tech-support,cross-fit,other-relative,0,-30300,2015-01-12,Single Vehicle Collision,Rear Collision,Minor Damage,Police,11,1,?,1,1,YES,81840,14880,7440,59520,Chevrolet,Malibu,2011,Y,M1 1AE,North West,,,14.4,35.5,11.4,RM12 4BG,London,2024-01-12,459.0,47.0,0.0,15.9,6.9
296,46,922167,1993-02-23,100/300,1000,1141.35,7000000,MALE,Masters,craft-repair,sleeping,not-in-family,0,0,2015-01-06,Single Vehicle Collision,Front Collision,Major Damage,Ambulance,18,1,?,0,2,NO,54900,5490,5490,43920,Mercedes,C300,2013,N,,,,,,,,ME9 8WL,South East,2023-01-06,,,2.2,33.9,11.6
125,35,442795,1996-07-07,500/1000,500,1054.83,7000000,MALE,JD,tech-support,cross-fit,husband,0,-51300,2015-02-25,Single Vehicle Collision,Front Collision,Total Loss,Fire,17,1,YES,2,3,NO,88660,8060,16120,64480,Mercedes,C300,2007,Y,CF10 1AA,,,,0.0,25.1,6.8,TA6 4ET,South West,2024-02-25,162.0,3.0,11.9,32.3,8.6
177,34,226330,2013-01-23,100/300,2000,1057.77,0,FEMALE,JD,tech-support,bungie-jumping,unmarried,0,-57700,2015-02-16,Multi-vehicle Collision,Front Collision,Total Loss,Ambulance,22,3,?,1,1,NO,18000,2250,2250,13500,Audi,A3,2009,N,SW1A 1AA,London,5183.0,187.0,2.0,23.8,12.9,ML9 2SA,,2024-02-16,1.0,0.0,0.1,11.6,9.9
238,39,134430,2006-12-06,250/500,2000,1488.02,0,FEMALE,JD,protective-serv,exercise,other-relative,0,-39200,2015-02-25,Vehicle Theft,?,Minor Damage,Police,9,1,YES,1,3,YES,5500,1100,550,3850,Chevrolet,Tahoe,2010,N,,,,,,,,PL13 1ET,South West,2024-02-25,29.0,0.0,35.1,40.4,8.7
81,25,524230,2014-02-23,100/300,500,920.3,5000000,FEMALE,High School,tech-support,hiking,own-child,51000,-67900,2015-02-21,Multi-vehicle Collision,Rear Collision,Major Damage,Other,11,3,?,1,0,?,73920,13440,6720,53760,Honda,Civic,2003,Y,,,,,,,,SN11 8UB,South West,2024-02-21,27.0,1.0,13.1,35.3,11.7
128,28,438817,2007-11-16,500/1000,1000,986.53,0,FEMALE,High School,adm-clerical,polo,other-relative,62700,0,2015-02-16,Single Vehicle Collision,Rear Collision,Total Loss,Ambulance,11,1,NO,0,2,YES,101860,18520,18520,64820,Honda,CRV,2007,N,,,,,,,,DT6 6SG,South West,2024-02-16,0.0,0.0,1.4,23.7,12.4
449,57,293794,1999-04-17,250/500,2000,1440.68,0,MALE,Associate,tech-support,movies,own-child,25000,0,2015-02-09,Parked Car,?,Minor Damage,,8,1,YES,0,1,YES,5390,980,980,3430,Volkswagen,Passat,2008,N,CF10 1AA,,,,0.0,10.8,9.2,ME9 8WL,South East,2023-02-09,,,0.0,13.0,8.4
252,39,868283,2006-02-06,250/500,1000,1086.21,0,MALE,JD,farming-fishing,hiking,unmarried,68500,-57500,2015-02-13,Single Vehicle Collision,Side Collision,Minor Damage,Police,18,1,?,1,2,?,50490,5610,5610,39270,Nissan,Maxima,2001,N,,,,,,,,NG34 8NE,East Midlands,2024-02-13,6.0,0.0,3.2,25.5,10.2
359,47,828890,1993-10-20,100/300,2000,1367.68,0,FEMALE,MD,handlers-cleaners,basketball,unmarried,0,0,2015-01-11,Single Vehicle Collision,Front Collision,Total Loss,Police,13,1,NO,0,3,NO,55500,5550,11100,38850,Mercedes,C300,2012,N,BN1 1AA,South East,,,1.5,43.8,11.5,M24 2GB,North West,2023-01-11,,,16.1,30.2,8.5
19,32,882920,2006-01-01,500/1000,1000,1215.85,0,MALE,High School,other-service,hiking,husband,42900,-90200,2015-01-02,Vehicle Theft,?,Minor Damage,Police,8,1,YES,1,1,YES,7040,1280,640,5120,Nissan,Maxima,2015,N,,,,,,,,LL30 3PD,,2024-01-02,28.0,0.0,14.2,26.5,10.9
73,26,918777,2003-04-04,250/500,2000,1191.19,4000000,MALE,MD,farming-fishing,basketball,not-in-family,29300,0,2015-02-12,Multi-vehicle Collision,Rear Collision,Total Loss,Other,9,3,?,0,1,YES,40160,5020,0,35140,Chevrolet,Tahoe,2003,N,NG1 1AA,East Midlands,,,0.0,11.9,9.0,SN11 8UB,South West,2024-02-12,27.0,1.0,0.6,20.1,7.8
285,44,212580,2014-07-05,500/1000,1000,1594.45,0,MALE,High School,handlers-cleaners,bungie-jumping,husband,0,0,2015-02-05,Multi-vehicle Collision,Side Collision,Total Loss,Fire,17,2,YES,2,3,NO,55680,6960,6960,41760,Saab,95,2006,N,,,,,,,,PL13 1ET,South West,2024-02-05,29.0,0.0,0.2,31.4,11.7
196,36,602410,1996-01-16,250/500,2000,1463.07,0,MALE,MD,armed-forces,skydiving,own-child,0,0,2015-01-24,Vehicle Theft,?,Trivial Damage,Police,3,1,?,1,1,NO,5300,530,530,4240,Jeep,Grand Cherokee,2001,Y,OX1 1AA,South East,,,0.0,5.7,3.7,NR18 9AN,East of England,2024-01-24,54.0,3.0,0.0,45.6,13.3
223,43,976971,2002-04-19,250/500,500,1734.09,0,FEMALE,MD,adm-clerical,camping,not-in-family,0,0,2015-01-12,Parked Car,?,Trivial Damage,,6,1,YES,0,3,?,5200,650,650,3900,Accura,MDX,2006,N,SW1A 1AA,London,,,5.7,40.7,12.1,LL30 3PD,,2023-01-12,,,5.6,37.7,11.8
328,48,630226,2005-12-10,250/500,500,1411.43,0,MALE,Masters,armed-forces,bungie-jumping,own-child,45100,-32800,2015-01-16,Single Vehicle Collision,Front Collision,Major Damage,Ambulance,17,1,YES,2,1,NO,59400,5940,11880,41580,Honda,Civic,2014,N,,,,,,,,PO19 6EU,South East,2024-01-16,254.0,3.0,0.0,12.0,3.4
285,43,171254,1994-11-07,100/300,2000,1512.58,0,FEMALE,College,sales,paintball,other-relative,47600,0,2015-01-13,Vehicle Theft,?,Minor Damage,Police,7,1,?,1,1,?,2520,280,280,1960,BMW,3 Series,1997,N,NG1 1AA,East Midlands,1431.0,58.0,0.0,12.8,7.0,ML9 2SA,,2023-01-13,,,1.5,28.2,6.2
30,31,247116,2012-06-02,250/500,2000,1153.35,0,MALE,PhD,craft-repair,golf,not-in-family,0,0,2015-02-02,Vehicle Theft,?,Trivial Damage,Police,9,1,NO,2,1,YES,5760,960,960,3840,Suburu,Impreza,2011,N,,,,,,,,EX8 5DT,South West,2024-02-02,19.0,2.0,0.1,22.1,12.2
342,49,505969,1998-04-07,250/500,500,1722.95,0,MALE,PhD,transport-moving,base-jumping,not-in-family,63100,-13800,2015-02-28,Single Vehicle Collision,Rear Collision,Minor Damage,Fire,3,1,?,2,0,YES,76700,7670,7670,61360,Suburu,Legacy,2006,N,NG1 1AA,East Midlands,1359.0,24.0,1.8,25.3,10.2,DE56 2JB,East Midlands,2023-02-28,,,0.7,23.7,6.8
219,39,653864,2007-04-25,250/500,2000,1281.07,7000000,FEMALE,High School,protective-serv,board-games,unmarried,0,0,2015-01-18,Parked Car,?,Trivial Damage,Police,6,1,NO,0,2,NO,5920,740,740,4440,Chevrolet,Malibu,2015,N,M1 1AE,North West,,,1.6,14.5,5.3,G11 5HD,,2024-01-18,2.0,0.0,0.0,14.4,0.4
468,62,586367,2000-06-30,100/300,500,1011.92,0,MALE,PhD,machine-op-inspct,paintball,wife,0,0,2015-02-15,Multi-vehicle Collision,Rear Collision,Major Damage,Fire,7,3,YES,0,3,?,64350,7150,7150,50050,Chevrolet,Tahoe,2009,N,SW1A 1AA,London,,,0.0,19.3,12.9,NG34 8NE,East Midlands,2023-02-15,,,0.0,22.2,12.8
241,39,896890,1996-06-04,250/500,2000,1042.26,0,MALE,JD,sales,kayaking,husband,0,0,2015-01-31,Multi-vehicle Collision,Rear Collision,Total Loss,Ambulance,21,3,NO,1,2,?,19080,4240,2120,12720,Saab,93,1995,N,,,,,,,,LL30 3PD,,2024-01-31,28.0,0.0,5.1,38.0,10.6
223,43,650026,2009-05-09,500/1000,500,1235.1,0,FEMALE,Masters,tech-support,exercise,not-in-family,66400,-34400,2015-02-10,Single Vehicle Collision,Rear Collision,Minor Damage,Police,14,1,NO,2,1,NO,54400,5440,5440,43520,BMW,M5,2011,N,,,,,,,,IM4 7JQ,,2023-02-10,,,,,
128,32,547744,2001-07-08,100/300,2000,768.91,0,FEMALE,College,sales,chess,other-relative,0,-39300,2015-02-26,Single Vehicle Collision,Rear Collision,Total Loss,Fire,0,1,?,1,0,NO,59800,5980,5980,47840,Ford,F150,1999,Y,,,,,,,,KT22 9AD,South East,2023-02-26,,,0.0,26.7,6.8
124,29,598124,1993-09-20,500/1000,500,1301.72,0,MALE,Masters,handlers-cleaners,golf,husband,0,0,2015-02-25,Multi-vehicle Collision,Side Collision,Major Damage,Police,14,3,?,0,3,YES,72000,7200,7200,57600,Audi,A3,2005,N,,,,,,,,KT22 9AD,South East,2023-02-25,,,0.2,27.0,6.5
343,48,436126,2009-11-03,250/500,500,1451.54,3000000,MALE,JD,adm-clerical,hiking,husband,0,0,2015-01-08,Multi-vehicle Collision,Side Collision,Total Loss,Police,13,4,NO,2,3,NO,65070,7230,14460,43380,Mercedes,C300,2003,N,,,,,,,,RM12 4BG,London,2024-01-08,459.0,47.0,1.1,23.4,3.1
404,53,739447,2014-12-10,250/500,500,767.14,0,MALE,Associate,sales,reading,not-in-family,25500,-36700,2015-01-14,Parked Car,?,Trivial Damage,Police,8,1,NO,0,1,NO,8800,1760,880,6160,Suburu,Legacy,2002,N,,,,,,,,G61 3LF,,2023-01-14,,,22.3,35.6,7.4
63,24,427484,1994-01-08,250/500,2000,1620.89,0,FEMALE,High School,handlers-cleaners,movies,other-relative,0,0,2015-02-03,Vehicle Theft,?,Minor Damage,Police,7,1,NO,2,0,NO,6120,1020,1020,4080,Toyota,Corolla,2015,N,NR35 1AA,East of England,40.0,1.0,1.0,28.5,12.8,TA6 4ET,South West,2023-02-03,,,0.2,23.9,11.2
210,37,218684,2006-08-05,500/1000,2000,1048.46,0,MALE,High School,priv-house-serv,skydiving,not-in-family,59900,0,2015-01-05,Vehicle Theft,?,Trivial Damage,,9,1,?,1,2,?,7080,1180,590,5310,Dodge,RAM,1999,N,,,,,,,,WR11 3JT,West Midlands,2024-01-05,133.0,5.0,0.1,17.2,7.4
335,50,565564,2007-02-07,100/300,1000,1538.26,6000000,MALE,High School,sales,yachting,other-relative,62200,-31400,2015-01-24,Multi-vehicle Collision,Side Collision,Minor Damage,Ambulance,12,3,YES,2,3,YES,34320,8580,4290,21450,Volkswagen,Passat,2009,N,,,,,,,,NR18 9AN,East of England,2023-01-24,,,0.0,8.6,2.9
11,40,743163,2001-04-09,500/1000,2000,1217.69,0,FEMALE,MD,prof-specialty,reading,wife,24000,0,2015-01-26,Multi-vehicle Collision,Side Collision,Major Damage,Other,6,3,?,1,0,?,53460,9720,9720,34020,Dodge,Neon,2004,Y,GL54 1AA,South West,9.0,1.0,0.9,38.6,11.6,DT6 6SG,South West,2023-01-26,,,0.0,30.3,6.8
142,33,604614,1995-02-17,100/300,2000,1362.64,5000000,FEMALE,JD,exec-managerial,cross-fit,wife,0,0,2015-01-21,Single Vehicle Collision,Side Collision,Total Loss,Other,11,1,YES,1,3,?,81360,6780,13560,61020,Suburu,Legacy,2009,Y,,,,,,,,DE56 2JB,East Midlands,2024-01-21,13.0,0.0,4.4,54.6,10.9
272,43,509928,1995-07-25,100/300,1000,1279.13,0,MALE,PhD,craft-repair,bungie-jumping,other-relative,0,0,2015-02-06,Multi-vehicle Collision,Side Collision,Minor Damage,Ambulance,5,3,?,1,2,YES,81070,7370,14740,58960,Audi,A3,2006,Y,,,,,,,,ML9 2SA,,2023-02-06,,,,,
69,26,593390,2006-03-24,100/300,2000,924.72,0,FEMALE,High School,machine-op-inspct,base-jumping,unmarried,0,0,2015-01-07,Single Vehicle Collision,Front Collision,Minor Damage,Fire,14,1,NO,2,2,NO,63120,5260,10520,47340,Audi,A5,2008,N,,,,,,,,DT2 0GA,South West,2023-01-07,,,,,
38,28,970607,1995-03-28,250/500,1000,1019.44,0,MALE,Masters,transport-moving,yachting,not-in-family,0,-39700,2015-02-10,Vehicle Theft,?,Trivial Damage,,17,1,?,2,1,NO,7200,1440,720,5040,BMW,X5,2004,N,YO61 1AA,Yorkshire and The Humber,0.0,0.0,1.1,13.7,8.3,ME9 8WL,South East,2023-02-10,,,,,
328,46,174701,1996-06-19,500/1000,500,1314.6,0,FEMALE,MD,prof-specialty,exercise,not-in-family,24800,0,2015-02-23,Single Vehicle Collision,Rear Collision,Total Loss,Other,0,1,?,2,3,?,70290,12780,6390,51120,Saab,92x,1998,Y,,,,,,,,EX8 5DT,South West,2023-02-23,,,5.9,30.3,8.4
281,43,529398,1993-06-16,100/300,1000,1515.18,6000000,MALE,College,priv-house-serv,camping,other-relative,0,0,2015-01-09,Multi-vehicle Collision,Side Collision,Minor Damage,Fire,21,3,NO,1,0,NO,60190,9260,9260,41670,BMW,X6,1999,N,,,,,,,,DT6 6SG,South West,2024-01-09,0.0,0.0,0.3,28.5,3.3
246,44,940942,2001-07-11,250/500,2000,1649.18,0,MALE,College,farming-fishing,base-jumping,other-relative,0,-58600,2015-02-22,Single Vehicle Collision,Front Collision,Major Damage,Other,18,1,YES,1,2,YES,61380,11160,5580,44640,Honda,Civic,2009,Y,,,,,,,,RM12 4BG,London,2024-02-22,420.0,26.0,11.1,26.9,11.8
298,49,442677,2008-11-22,250/500,500,1451.01,0,FEMALE,College,other-service,exercise,own-child,47800,0,2015-02-21,Single Vehicle Collision,Front Collision,Minor Damage,Ambulance,17,1,NO,2,2,NO,28100,2810,5620,19670,Jeep,Grand Cherokee,2012,N,,,,,,,,LU7 2QH,East of England,2023-02-21,,,0.1,14.7,10.4
330,50,365364,2002-12-28,500/1000,1000,978.46,0,FEMALE,High School,sales,yachting,husband,0,0,2015-02-04,Single Vehicle Collision,Side Collision,Total Loss,Fire,19,1,YES,0,0,NO,49060,8920,8920,31220,Chevrolet,Silverado,1995,N,,,,,,,,NE9 7EY,North East,2024-02-04,144.0,1.0,0.3,36.6,12.6
362,50,114839,2006-01-01,250/500,500,1198.34,4000000,MALE,Associate,sales,board-games,wife,53000,-72500,2015-01-07,Multi-vehicle Collision,Side Collision,Total Loss,Fire,17,3,?,1,1,NO,57060,6340,6340,44380,Mercedes,E400,1995,N,,,,,,,,WS1 4HS,West Midlands,2023-01-07,,,12.0,36.5,10.7
241,38,872734,1990-05-19,100/300,2000,1003.23,0,FEMALE,Associate,tech-support,kayaking,not-in-family,0,0,2015-01-17,Multi-vehicle Collision,Side Collision,Major Damage,Fire,23,3,?,0,3,YES,77880,12980,12980,51920,Accura,MDX,2008,N,,,,,,,,BT56 8FW,,2024-01-17,42.0,1.0,4.8,14.3,1.7
245,41,267885,2013-08-26,500/1000,2000,1212.0,0,MALE,Masters,exec-managerial,basketball,unmarried,24400,-60500,2015-01-28,Single Vehicle Collision,Front Collision,Total Loss,Ambulance,4,1,YES,0,1,YES,73500,7350,14700,51450,Jeep,Wrangler,1999,N,,,,,,,,DT6 6SG,South West,2023-01-28,,,0.0,12.2,6.3
371,52,740505,1997-10-12,250/500,1000,1242.96,7000000,FEMALE,High School,other-service,paintball,own-child,0,-37100,2015-02-22,Multi-vehicle Collision,Rear Collision,Minor Damage,Other,2,2,YES,2,0,?,88920,6840,13680,68400,Accura,RSX,2010,N,,,,,,,,IM4 7JQ,,2023-02-22,,,,,
343,52,629663,2002-01-21,500/1000,1000,1053.02,0,FEMALE,Associate,prof-specialty,bungie-jumping,not-in-family,0,0,2015-02-16,Single Vehicle Collision,Front Collision,Major Damage,Other,2,1,?,0,2,NO,47630,12990,4330,30310,Toyota,Corolla,2005,Y,,,,,,,,RM12 4BG,London,2023-02-16,,,1.7,20.9,11.8
377,53,839884,1996-09-02,100/300,500,1693.63,0,FEMALE,MD,craft-repair,kayaking,unmarried,0,-64000,2015-02-17,Multi-vehicle Collision,Front Collision,Total Loss,Fire,10,3,YES,1,3,NO,59040,6560,6560,45920,Saab,93,2015,N,,,,,,,,DT2 0GA,South West,2023-02-17,,,0.0,25.0,12.5
154,37,241562,2010-01-28,250/500,1000,2047.59,0,FEMALE,MD,farming-fishing,dancing,other-relative,0,-67800,2015-01-09,Single Vehicle Collision,Rear Collision,Minor Damage,Other,2,1,?,0,3,NO,79530,14460,7230,57840,Accura,MDX,2000,N,,,,,,,,DT2 0GA,South West,2023-01-09,,,1.1,27.2,6.6
166,34,405533,2014-10-03,100/300,1000,1083.72,0,FEMALE,High School,machine-op-inspct,base-jumping,wife,65600,-68200,2015-02-09,Single Vehicle Collision,Side Collision,Total Loss,Other,18,1,NO,0,2,YES,53680,4880,4880,43920,Honda,CRV,2005,N,GL54 1AA,South West,,,0.0,15.0,7.0,IM4 7JQ,,2024-02-09,,,,,
298,46,667021,2007-05-02,500/1000,1000,1138.42,6000000,MALE,JD,prof-specialty,dancing,own-child,36900,-55000,2015-02-16,Single Vehicle Collision,Side Collision,Minor Damage,Police,18,1,NO,2,3,YES,33550,3050,6100,24400,Volkswagen,Passat,2005,N,,,,,,,,BT56 8FW,,2024-02-16,41.0,1.0,0.2,11.4,11.4
235,42,511621,1990-09-22,250/500,500,1072.62,0,FEMALE,Masters,machine-op-inspct,exercise,husband,39900,-60200,2015-02-18,Multi-vehicle Collision,Side Collision,Total Loss,Other,7,4,?,2,1,YES,69100,6910,6910,55280,Toyota,Highlander,2006,N,,,,,,,,NE9 7EY,North East,2023-02-18,,,6.0,35.4,12.1
172,35,476923,2004-09-19,100/300,2000,1219.04,0,MALE,MD,handlers-cleaners,paintball,own-child,63600,-68700,2015-01-11,Multi-vehicle Collision,Rear Collision,Major Damage,Police,19,3,?,2,0,NO,79750,14500,14500,50750,Nissan,Pathfinder,1999,N,,,,,,,,KT22 9AD,South East,2024-01-11,105.0,8.0,0.0,23.3,4.8
27,28,735822,1995-08-28,100/300,2000,1371.78,0,MALE,JD,farming-fishing,polo,other-relative,0,-32500,2015-02-04,Multi-vehicle Collision,Front Collision,Major Damage,Other,10,3,?,0,2,YES,53600,5360,10720,37520,Audi,A5,2015,Y,,,,,,,,NR18 9AN,East of England,2023-02-04,,,0.0,17.7,9.8
428,54,492745,2004-02-04,100/300,2000,1506.21,0,MALE,Masters,transport-moving,kayaking,unmarried,0,-24400,2015-01-22,Multi-vehicle Collision,Side Collision,Minor Damage,Fire,16,3,NO,1,0,?,76560,12760,6380,57420,Nissan,Ultima,2009,N,,,,,,,,ME9 8WL,South East,2023-01-22,,,0.0,8.7,2.0
99,32,130930,2014-07-23,100/300,1000,1058.21,3000000,MALE,JD,craft-repair,golf,unmarried,0,0,2015-01-10,Single Vehicle Collision,Front Collision,Total Loss,Fire,17,1,YES,1,1,NO,41130,4570,4570,31990,Dodge,RAM,1999,N,,,,,,,,ME9 8WL,South East,2023-01-10,,,6.3,37.1,12.0
107,26,261119,1997-03-21,500/1000,2000,932.14,0,MALE,MD,sales,cross-fit,own-child,40600,0,2015-01-10,Multi-vehicle Collision,Rear Collision,Total Loss,Fire,2,3,NO,2,3,NO,78650,14300,7150,57200,Audi,A3,1996,Y,BN1 1AA,South East,1309.0,46.0,0.0,21.9,4.1,SN11 8UB,South West,2024-01-10,13.0,0.0,0.0,24.3,3.8
272,41,280709,1991-05-06,500/1000,2000,1608.34,0,FEMALE,Associate,farming-fishing,reading,own-child,33300,-10600,2015-02-16,Single Vehicle Collision,Side Collision,Major Damage,Other,19,1,?,1,1,?,71060,6460,12920,51680,Saab,92x,2010,N,S1 1AA,Yorkshire and The Humber,1104.0,75.0,3.7,20.8,11.8,G61 3LF,,2024-02-16,0.0,0.0,0.2,8.5,9.7
151,37,898573,1992-08-07,500/1000,1000,1728.56,0,FEMALE,Masters,farming-fishing,dancing,own-child,54000,0,2015-02-08,Single Vehicle Collision,Front Collision,Minor Damage,Fire,0,1,YES,1,1,?,38830,3530,3530,31770,Suburu,Legacy,1999,N,S1 1AA,Yorkshire and The Humber,1104.0,75.0,16.3,22.4,2.4,RM12 4BG,London,2023-02-08,,,0.0,10.8,7.0
249,43,547802,2013-09-03,250/500,1000,1518.46,0,FEMALE,MD,armed-forces,cross-fit,own-child,0,0,2015-01-26,Single Vehicle Collision,Front Collision,Major Damage,Fire,16,1,?,0,0,YES,53500,5350,5350,42800,Saab,92x,2015,N,,,,,,,,PO19 6EU,South East,2023-01-26,,,0.0,27.4,6.9
177,38,600845,2012-01-05,100/300,2000,1540.19,0,FEMALE,College,adm-clerical,skydiving,other-relative,0,-74500,2015-02-01,Single Vehicle Collision,Front Collision,Major Damage,Other,20,1,YES,2,0,NO,73700,7370,7370,58960,Chevrolet,Silverado,2001,Y,,,,,,,,KY15 7BA,,2023-02-01,,,1.1,26.4,7.2
190,40,390381,2007-01-27,500/1000,2000,965.21,0,FEMALE,JD,exec-managerial,camping,other-relative,36900,-53700,2015-02-02,Parked Car,?,Trivial Damage,,10,1,?,2,1,YES,6300,630,630,5040,Nissan,Ultima,2001,N,,,,,,,,TA6 4ET,South West,2024-02-02,162.0,3.0,0.0,22.8,12.6
174,36,629918,2005-10-14,100/300,2000,1278.75,0,FEMALE,College,tech-support,paintball,own-child,53200,-53800,2015-02-06,Multi-vehicle Collision,Rear Collision,Total Loss,Ambulance,21,3,?,2,2,NO,65400,10900,10900,43600,Dodge,RAM,2012,N,,,,,,,,DT6 6SG,South West,2024-02-06,0.0,0.0,5.5,37.5,12.4
95,28,208298,1990-11-03,250/500,1000,773.99,0,MALE,Associate,armed-forces,board-games,other-relative,0,-70300,2015-01-01,Vehicle Theft,?,Trivial Damage,,3,1,YES,1,2,NO,3200,640,320,2240,Mercedes,E400,2014,N,,,,,,,,ML9 2SA,,2023-01-01,,,2.6,16.4,3.7
371,51,513099,2005-10-15,500/1000,1000,1532.47,0,FEMALE,Associate,tech-support,golf,other-relative,60300,-24700,2015-01-19,Single Vehicle Collision,Rear Collision,Major Damage,Fire,7,1,YES,0,3,YES,75400,7540,15080,52780,Dodge,RAM,2012,Y,,,,,,,,KY15 7BA,,2023-01-19,,,0.0,25.2,4.0
2,28,184938,1999-05-22,250/500,1000,1340.56,0,FEMALE,JD,machine-op-inspct,golf,not-in-family,0,0,2015-01-17,Single Vehicle Collision,Side Collision,Minor Damage,Fire,19,1,YES,0,2,YES,58140,6460,6460,45220,Saab,92x,2008,N,M1 1AE,North West,,,0.6,12.0,2.2,ME9 8WL,South East,2023-01-17,,,0.0,9.3,1.8
269,44,187775,2002-12-21,100/300,500,1297.75,4000000,FEMALE,JD,other-service,chess,own-child,0,-41400,2015-02-01,Multi-vehicle Collision,Rear Collision,Total Loss,Ambulance,15,3,?,0,1,?,98670,15180,15180,68310,Chevrolet,Tahoe,2010,Y,,,,,,,,LA14 5DF,North West,2023-02-01,,,9.5,39.3,8.0
101,27,326322,2007-02-10,250/500,1000,433.33,0,MALE,Masters,machine-op-inspct,golf,other-relative,25900,0,2015-01-02,Parked Car,?,Minor Damage,,7,1,?,0,3,NO,5900,1180,590,4130,Mercedes,E400,2009,N,,,,,,,,ME9 8WL,South East,2024-01-02,24.0,0.0,10.2,45.9,12.7
94,30,146138,2002-03-01,250/500,2000,1025.54,0,FEMALE,High School,armed-forces,paintball,other-relative,0,-52600,2015-02-20,Single Vehicle Collision,Rear Collision,Major Damage,Fire,19,1,?,1,3,YES,64100,6410,6410,51280,Chevrolet,Malibu,2001,N,,,,,,,,LU7 2QH,East of England,2023-02-20,,,0.0,29.0,11.5
117,28,336047,2003-04-21,250/500,500,1264.77,0,FEMALE,Associate,transport-moving,yachting,unmarried,47500,-32500,2015-02-05,Multi-vehicle Collision,Rear Collision,Total Loss,Fire,13,2,YES,0,1,?,55440,5040,10080,40320,Suburu,Forrestor,2009,Y,,,,,,,,KT22 9AD,South East,2024-02-05,128.0,10.0,0.4,33.3,10.7
111,27,532330,2002-09-22,250/500,500,1459.97,5000000,MALE,MD,sales,yachting,other-relative,0,0,2015-02-27,Multi-vehicle Collision,Side Collision,Major Damage,Police,2,3,NO,1,2,NO,80850,7350,14700,58800,Ford,F150,2011,Y,,,,,,,,LL30 3PD,,2024-02-27,28.0,0.0,2.9,29.8,9.3
242,40,118137,1998-02-10,100/300,500,1238.65,0,FEMALE,High School,transport-moving,bungie-jumping,husband,0,-44600,2015-01-27,Vehicle Theft,?,Trivial Damage,Police,5,1,YES,1,1,NO,7480,680,680,6120,Saab,95,1998,N,SW1A 1AA,London,,,0.0,21.5,7.1,G11 5HD,,2024-01-27,2.0,0.0,0.3,29.0,8.7
440,61,212674,1992-09-01,250/500,500,1050.76,0,MALE,PhD,transport-moving,movies,wife,41500,-70200,2015-01-26,Single Vehicle Collision,Side Collision,Major Damage,Fire,21,1,?,2,3,NO,53640,5960,5960,41720,Nissan,Maxima,2004,Y,,,,,,,,BT63 5JA,,2024-01-26,119.0,2.0,1.3,33.6,10.5
20,23,935596,1999-05-01,500/1000,1000,1711.72,0,FEMALE,JD,tech-support,base-jumping,wife,0,0,2015-01-13,Multi-vehicle Collision,Rear Collision,Major Damage,Fire,21,3,NO,2,2,NO,63250,5750,11500,46000,Chevrolet,Tahoe,2002,Y,OX1 1AA,South East,363.0,6.0,0.0,11.3,4.8,WR11 3JT,West Midlands,2023-01-13,,,0.3,33.8,9.2
461,57,737593,1997-12-19,100/300,500,865.33,7000000,FEMALE,High School,farming-fishing,golf,own-child,0,0,2015-01-14,Multi-vehicle Collision,Side Collision,Major Damage,Ambulance,7,3,NO,0,1,?,59040,9840,9840,39360,Dodge,RAM,1995,N,NR35 1AA,East of England,30.0,2.0,0.1,17.4,4.5,LS14 3HF,Yorkshire and The Humber,2023-01-14,,,6.7,42.6,9.0
208,36,812025,2000-06-18,250/500,500,1153.49,0,MALE,Associate,craft-repair,base-jumping,other-relative,0,0,2015-02-22,Multi-vehicle Collision,Side Collision,Total Loss,Other,16,3,YES,1,0,YES,50500,10100,5050,35350,Accura,TL,2004,N,OX1 1AA,South East,,,4.4,16.4,9.2,IM4 7JQ,,2023-02-22,,,,,
279,43,168151,1995-04-24,500/1000,2000,1281.25,0,MALE,Associate,machine-op-inspct,cross-fit,other-relative,0,0,2015-01-17,Single Vehicle Collision,Side Collision,Major Damage,Police,13,1,YES,0,1,NO,57690,6410,12820,38460,Mercedes,C300,2010,Y,BN1 1AA,South East,1309.0,46.0,0.0,22.7,2.9,DE56 2JB,East Midlands,2023-01-17,,,0.0,18.5,1.4
244,40,594739,2006-06-16,100/300,500,1342.8,0,FEMALE,MD,sales,base-jumping,husband,0,0,2015-02-02,Vehicle Theft,?,Trivial Damage,Police,2,1,YES,1,3,YES,5940,660,660,4620,Toyota,Camry,2014,N,SW1A 1AA,London,,,0.2,27.0,11.1,LU2 7LL,East of England,2023-02-02,,,0.0,28.5,10.5
134,30,843227,2007-09-28,250/500,2000,1443.32,0,FEMALE,PhD,exec-managerial,dancing,unmarried,0,0,2015-01-07,Multi-vehicle Collision,Rear Collision,Major Damage,Fire,19,3,?,0,2,YES,47790,5310,5310,37170,Suburu,Impreza,1995,Y,S1 1AA,Yorkshire and The Humber,1118.0,66.0,0.0,14.5,4.2,KY15 7BA,,2024-01-07,0.0,0.0,0.0,9.7,0.4
122,29,283925,1991-11-21,250/500,1000,1629.94,0,FEMALE,Masters,priv-house-serv,skydiving,other-relative,0,-47100,2015-02-02,Parked Car,?,Trivial Damage,,17,1,?,0,1,NO,3850,350,350,3150,Dodge,Neon,2014,N,OX1 1AA,South East,388.0,4.0,0.0,31.3,11.7,BT56 8FW,,2024-02-02,41.0,1.0,0.6,30.9,12.7
156,31,475588,1996-09-21,100/300,2000,1134.08,0,MALE,PhD,other-service,reading,husband,0,0,2015-02-07,Single Vehicle Collision,Front Collision,Major Damage,Police,3,1,?,2,0,?,59000,5900,5900,47200,Ford,Fusion,2013,Y,,,,,,,,G61 3LF,,2023-02-07,,,0.5,17.8,8.1
232,43,751905,2001-05-16,250/500,500,1483.91,8000000,MALE,College,machine-op-inspct,golf,husband,0,-33600,2015-01-18,Multi-vehicle Collision,Rear Collision,Major Damage,Ambulance,17,3,NO,0,1,?,70600,7060,14120,49420,Volkswagen,Passat,2013,Y,GL54 1AA,South West,9.0,1.0,0.0,15.8,0.9,NG34 8NE,East Midlands,2023-01-18,,,0.0,23.2,4.3
244,40,226725,1999-08-11,500/1000,2000,1304.67,7000000,MALE,Masters,armed-forces,base-jumping,other-relative,0,-45000,2015-01-10,Multi-vehicle Collision,Side Collision,Minor Damage,Police,5,3,?,1,1,?,61490,5590,11180,44720,Dodge,RAM,2001,N,,,,,,,,M24 2GB,North West,2024-01-10,0.0,0.0,0.0,31.1,5.7
84,30,942504,2003-06-16,500/1000,2000,1035.79,0,FEMALE,MD,protective-serv,kayaking,wife,44400,-51500,2015-01-30,Single Vehicle Collision,Side Collision,Minor Damage,Police,9,1,NO,1,0,YES,57640,5240,10480,41920,Volkswagen,Passat,2010,N,NG1 1AA,East Midlands,1431.0,58.0,0.4,21.3,11.5,IM4 7JQ,,2024-01-30,,,,,
394,57,395572,1999-03-30,250/500,500,1401.2,0,FEMALE,High School,craft-repair,movies,own-child,51500,0,2015-01-25,Vehicle Theft,?,Trivial Damage,Police,9,1,NO,1,0,NO,6890,1060,1060,4770,Audi,A5,1999,N,,,,,,,,KY15 7BA,,2024-01-25,0.0,0.0,4.0,28.0,10.6
246,45,889883,1999-02-03,250/500,1000,1665.45,0,MALE,JD,machine-op-inspct,hiking,wife,34400,-33100,2015-01-29,Multi-vehicle Collision,Side Collision,Major Damage,Fire,9,3,?,2,2,?,53280,11840,5920,35520,Toyota,Camry,2006,Y,S1 1AA,Yorkshire and The Humber,1118.0,66.0,7.5,18.4,11.4,LU2 7LL,East of England,2024-01-29,850.0,62.0,1.7,25.7,12.2
35,29,818167,2011-08-25,500/1000,2000,653.66,0,FEMALE,JD,handlers-cleaners,video-games,unmarried,52100,-46900,2015-02-24,Multi-vehicle Collision,Rear Collision,Minor Damage,Fire,22,3,NO,0,0,?,78300,15660,7830,54810,BMW,X5,2009,N,OX1 1AA,South East,388.0,4.0,0.3,9.4,7.5,LS14 3HF,Yorkshire and The Humber,2024-02-24,9.0,0.0,0.1,9.2,8.3
156,37,277767,2010-06-28,100/300,500,1080.13,0,MALE,Associate,protective-serv,reading,other-relative,0,-61000,2015-01-04,Multi-vehicle Collision,Rear Collision,Major Damage,Ambulance,15,3,YES,0,3,NO,41490,4610,4610,32270,Nissan,Pathfinder,2001,N,SW1A 1AA,London,,,0.9,35.9,13.1,BT56 8FW,,2024-01-04,42.0,1.0,0.0,13.3,7.9
195,36,842618,2001-11-06,100/300,2000,1346.18,0,FEMALE,Associate,machine-op-inspct,camping,wife,57800,-53300,2015-02-25,Multi-vehicle Collision,Front Collision,Total Loss,Fire,14,3,YES,2,3,YES,68970,12540,6270,50160,Chevrolet,Tahoe,2007,N,,,,,,,,RM12 4BG,London,2024-02-25,420.0,26.0,3.3,30.5,8.6
369,55,577810,2013-04-15,250/500,2000,1589.54,0,MALE,College,handlers-cleaners,camping,husband,55400,0,2015-01-27,Multi-vehicle Collision,Rear Collision,Minor Damage,Police,6,3,?,2,0,YES,85300,17060,8530,59710,Toyota,Highlander,2003,N,NG1 1AA,East Midlands,1431.0,58.0,0.0,21.9,7.4,TW3 1GN,London,2023-01-27,,,0.0,20.6,7.2
271,40,873114,1995-12-07,100/300,1000,1251.65,0,FEMALE,Associate,other-service,camping,wife,71200,0,2015-02-19,Parked Car,?,Minor Damage,,6,1,NO,0,0,NO,3080,560,280,2240,Audi,A3,2012,N,YO61 1AA,Yorkshire and The Humber,,,0.1,27.7,10.5,LS14 3HF,Yorkshire and The Humber,2023-02-19,,,0.3,30.7,10.3
332,47,994538,1991-11-01,100/300,2000,1083.01,0,MALE,MD,craft-repair,paintball,other-relative,91900,0,2015-01-31,Multi-vehicle Collision,Front Collision,Major Damage,Police,22,4,YES,2,0,?,71760,11040,11040,49680,Jeep,Grand Cherokee,2010,Y,,,,,,,,SN11 8UB,South West,2024-01-31,13.0,0.0,0.8,30.7,10.5
107,26,727792,2014-05-19,100/300,500,974.59,0,FEMALE,JD,armed-forces,skydiving,wife,62800,0,2015-01-18,Multi-vehicle Collision,Rear Collision,Minor Damage,Ambulance,14,3,?,1,0,NO,59700,11940,11940,35820,Nissan,Ultima,2002,N,,,,,,,,KY15 7BA,,2023-01-18,,,0.0,23.6,3.3
217,39,522506,1992-03-15,500/1000,2000,1399.85,0,FEMALE,Masters,other-service,skydiving,other-relative,49900,-19800,2015-01-10,Multi-vehicle Collision,Front Collision,Minor Damage,Fire,16,3,NO,0,2,?,64920,10820,10820,43280,Ford,Fusion,1997,N,,,,,,,,WS1 4HS,West Midlands,2024-01-10,624.0,52.0,0.0,24.3,4.4
243,43,367595,2006-02-03,500/1000,500,1307.74,0,FEMALE,Associate,machine-op-inspct,board-games,own-child,0,-75700,2015-01-28,Multi-vehicle Collision,Front Collision,Major Damage,Ambulance,10,3,?,0,1,NO,37530,4170,4170,29190,Jeep,Wrangler,2008,N,,,,,,,,DT2 0GA,South West,2024-01-28,1.0,0.0,0.0,23.4,10.4
296,42,586104,2003-03-16,250/500,2000,1219.27,0,MALE,Associate,tech-support,paintball,husband,53100,-63400,2015-02-16,Multi-vehicle Collision,Side Collision,Total Loss,Ambulance,9,3,YES,1,2,NO,64080,7120,7120,49840,Saab,93,2012,N,M1 1AE,North West,16.0,0.0,3.6,17.0,10.7,LS14 3HF,Yorkshire and The Humber,2024-02-16,9.0,0.0,2.6,21.6,11.3
264,41,424862,2002-10-16,100/300,500,1411.3,0,MALE,PhD,prof-specialty,cross-fit,unmarried,55600,0,2015-02-08,Single Vehicle Collision,Rear Collision,Minor Damage,Other,4,1,NO,1,0,?,60390,10980,5490,43920,BMW,M5,2004,Y,S1 1AA,Yorkshire and The Humber,1104.0,75.0,16.3,22.4,2.4,TW3 1GN,London,2023-02-08,,,0.0,9.5,6.9
108,33,512813,1990-01-27,100/300,2000,694.45,0,FEMALE,JD,armed-forces,exercise,not-in-family,0,0,2015-01-20,Multi-vehicle Collision,Side Collision,Major Damage,Police,6,3,?,0,1,YES,64350,5850,11700,46800,Nissan,Pathfinder,2011,Y,,,,,,,,DT6 6SG,South West,2024-01-20,0.0,0.0,1.6,44.4,7.0
32,38,356768,2010-03-11,100/300,500,1006.77,6000000,FEMALE,College,other-service,sleeping,own-child,0,0,2015-02-06,Multi-vehicle Collision,Side Collision,Minor Damage,Police,15,3,YES,2,1,YES,70900,14180,7090,49630,BMW,X6,1997,N,NR35 1AA,East of England,,,0.0,11.3,7.3,TW3 1GN,London,2023-02-06,,,0.0,10.3,8.2
259,39,330506,1995-09-19,250/500,1000,1422.36,0,FEMALE,JD,craft-repair,movies,unmarried,0,-83900,2015-01-24,Multi-vehicle Collision,Side Collision,Minor Damage,Fire,12,3,NO,1,3,?,46560,7760,7760,31040,Nissan,Ultima,2012,N,,,,,,,,DT6 6SG,South West,2024-01-24,0.0,0.0,0.1,33.5,12.3
186,33,779075,2010-02-27,100/300,1000,1348.32,0,FEMALE,Associate,craft-repair,cross-fit,wife,37600,-37600,2015-01-14,Vehicle Theft,?,Trivial Damage,Police,3,1,NO,2,1,?,4730,860,860,3010,Chevrolet,Malibu,2013,Y,,,,,,,,PO19 6EU,South East,2024-01-14,254.0,3.0,0.0,14.3,5.7
201,40,799501,1991-12-28,250/500,2000,1315.56,0,FEMALE,PhD,transport-moving,video-games,not-in-family,0,0,2015-02-18,Vehicle Theft,?,Minor Damage,Police,14,1,YES,0,0,YES,6820,1240,1240,4340,Jeep,Grand Cherokee,2003,N,,,,,,,,LL30 3PD,,2024-02-18,28.0,0.0,11.7,19.6,11.6
436,58,987905,2002-04-30,250/500,2000,1407.01,5000000,MALE,PhD,tech-support,sleeping,other-relative,47400,-27600,2015-01-10,Single Vehicle Collision,Rear Collision,Major Damage,Police,10,1,?,0,2,?,59900,11980,5990,41930,BMW,X5,1997,Y,YO61 1AA,Yorkshire and The Humber,,,13.2,37.4,12.8,KT22 9AD,South East,2024-01-10,105.0,8.0,0.0,23.8,4.1
189,36,967756,2007-04-28,250/500,2000,1388.58,0,FEMALE,MD,priv-house-serv,basketball,own-child,0,-49400,2015-02-13,Multi-vehicle Collision,Side Collision,Major Damage,Police,17,3,?,1,3,YES,79560,13260,13260,53040,Ford,Escape,2009,N,NG1 1AA,East Midlands,1359.0,24.0,5.2,22.9,9.4,NG34 8NE,East Midlands,2023-02-13,,,0.0,14.8,9.2
105,33,830414,1996-07-08,500/1000,500,1310.76,0,FEMALE,High School,adm-clerical,kayaking,not-in-family,0,-40900,2015-02-17,Single Vehicle Collision,Front Collision,Total Loss,Other,8,1,YES,0,1,?,70290,12780,6390,51120,Accura,MDX,2008,N,,,,,,,,DE56 2JB,East Midlands,2024-02-17,9.0,0.0,6.8,24.0,12.0
163,31,127313,2002-04-01,100/300,1000,1004.63,6000000,MALE,JD,priv-house-serv,hiking,not-in-family,26900,0,2015-01-07,Multi-vehicle Collision,Rear Collision,Total Loss,Ambulance,14,3,YES,2,0,NO,63910,5810,11620,46480,Suburu,Forrestor,1999,N,YO61 1AA,Yorkshire and The Humber,,,5.7,36.1,11.7,LU7 2QH,East of England,2024-01-07,84.0,3.0,0.0,21.7,3.6
219,40,786957,2006-10-29,100/300,500,1134.91,0,FEMALE,Associate,transport-moving,golf,not-in-family,68700,0,2015-01-29,Vehicle Theft,?,Trivial Damage,,6,1,?,1,0,NO,6400,640,640,5120,Toyota,Camry,1997,N,NR35 1AA,East of England,30.0,2.0,0.0,20.5,12.4,G11 5HD,,2023-01-29,,,3.5,34.9,9.1
88,25,332892,2007-10-25,250/500,1000,1194.0,0,FEMALE,JD,handlers-cleaners,movies,husband,0,0,2015-02-13,Single Vehicle Collision,Rear Collision,Major Damage,Ambulance,6,1,YES,1,2,YES,66780,7420,7420,51940,Ford,Escape,2013,Y,BN1 1AA,South East,1277.0,44.0,2.9,34.7,10.7,ME9 8WL,South East,2024-02-13,27.0,0.0,1.0,28.9,10.8
40,39,448642,2001-03-28,500/1000,1000,1248.25,4000000,FEMALE,College,sales,hiking,own-child,0,-33300,2015-02-01,Parked Car,?,Minor Damage,Police,8,1,NO,0,2,?,8760,1460,1460,5840,BMW,3 Series,2013,N,,,,,,,,ML9 2SA,,2024-02-01,1.0,0.0,0.4,29.9,8.0
284,42,526039,1995-05-04,100/300,500,1338.54,-1000000,MALE,Associate,machine-op-inspct,kayaking,wife,0,0,2015-01-29,Single Vehicle Collision,Side Collision,Major Damage,Ambulance,13,1,YES,0,1,?,94160,8560,17120,68480,Chevrolet,Malibu,1996,N,,,,,,,,EX8 5DT,South West,2024-01-29,16.0,0.0,4.8,31.7,12.0
59,40,444422,2011-09-28,250/500,2000,782.23,0,MALE,College,protective-serv,golf,other-relative,64200,-32300,2015-02-06,Multi-vehicle Collision,Front Collision,Total Loss,Ambulance,0,3,?,0,2,NO,51570,5730,11460,34380,BMW,X5,2010,N,,,,,,,,PL13 1ET,South West,2024-02-06,29.0,0.0,8.3,42.4,11.9
39,31,689500,2003-01-28,250/500,2000,1366.9,0,FEMALE,High School,handlers-cleaners,polo,husband,0,-15700,2015-01-28,Multi-vehicle Collision,Rear Collision,Major Damage,Fire,14,3,?,1,0,NO,52700,10540,10540,31620,BMW,X6,2014,Y,NG1 1AA,East Midlands,1431.0,58.0,0.0,21.6,10.4,IM4 7JQ,,2024-01-28,,,,,
147,34,806081,2011-02-01,500/1000,1000,1275.81,0,MALE,High School,sales,dancing,wife,0,-48300,2015-01-21,Single Vehicle Collision,Side Collision,Minor Damage,Fire,13,1,YES,2,2,?,101010,15540,15540,69930,Mercedes,ML350,1998,N,BN1 1AA,South East,1309.0,46.0,2.0,54.9,11.0,TW3 1GN,London,2024-01-21,688.0,43.0,1.7,46.6,11.7
156,37,384618,1993-02-09,250/500,500,1090.65,0,MALE,High School,exec-managerial,golf,unmarried,0,-51800,2015-01-16,Multi-vehicle Collision,Rear Collision,Minor Damage,Police,16,4,?,1,2,YES,53400,5340,5340,42720,Honda,Civic,2010,Y,OX1 1AA,South East,363.0,6.0,0.0,13.7,3.4,TW3 1GN,London,2023-01-16,,,11.8,26.6,4.9
123,31,756459,2005-08-05,250/500,500,1326.0,0,FEMALE,Associate,prof-specialty,basketball,wife,0,-54600,2015-02-17,Single Vehicle Collision,Side Collision,Total Loss,Fire,13,1,?,1,2,NO,72120,12020,12020,48080,Mercedes,ML350,2009,N,NG1 1AA,East Midlands,1359.0,24.0,7.3,25.2,13.3,DT2 0GA,South West,2024-02-17,0.0,0.0,13.2,29.5,10.8
231,43,655787,2006-06-17,250/500,2000,972.47,0,MALE,College,protective-serv,reading,wife,0,-58100,2015-02-01,Multi-vehicle Collision,Front Collision,Minor Damage,Police,15,3,YES,2,2,YES,77100,7710,15420,53970,Audi,A3,2010,N,,,,,,,,KT22 9AD,South East,2023-02-01,,,0.0,30.1,9.5
247,39,419954,1993-12-07,100/300,500,806.31,0,FEMALE,College,handlers-cleaners,dancing,wife,0,0,2015-02-25,Parked Car,?,Trivial Damage,Police,3,1,?,2,3,?,3300,600,0,2700,Dodge,RAM,2003,N,,,,,,,,IM4 7JQ,,2023-02-25,,,,,
194,35,275092,2012-03-14,500/1000,500,1416.24,0,FEMALE,MD,adm-clerical,golf,not-in-family,0,0,2015-02-26,Parked Car,?,Minor Damage,,7,1,YES,1,0,?,5940,1080,540,4320,Nissan,Pathfinder,2003,N,,,,,,,,DT6 6SG,South West,2024-02-26,0.0,0.0,2.7,46.5,8.2
119,27,515698,1997-08-05,250/500,2000,1097.64,0,MALE,High School,transport-moving,video-games,other-relative,27100,0,2015-02-06,Multi-vehicle Collision,Rear Collision,Major Damage,Other,16,2,NO,1,0,?,63720,7080,21240,35400,Accura,TL,2006,N,,,,,,,,PO19 6EU,South East,2024-02-06,266.0,3.0,3.2,42.5,11.7
259,43,132871,2009-07-05,100/300,500,947.75,0,FEMALE,Masters,farming-fishing,base-jumping,not-in-family,0,-39300,2015-02-03,Vehicle Theft,?,Trivial Damage,Police,15,1,NO,1,3,NO,7680,1280,640,5760,Audi,A5,2008,N,GL54 1AA,South West,,,0.0,24.9,10.5,KT22 9AD,South East,2024-02-03,128.0,10.0,0.0,24.7,12.6
107,31,714929,1994-11-25,100/300,2000,1018.73,5000000,MALE,Associate,handlers-cleaners,yachting,own-child,20000,-82700,2015-01-27,Multi-vehicle Collision,Side Collision,Total Loss,Police,21,3,YES,1,2,?,93730,14420,21630,57680,Honda,CRV,2001,N,SW1A 1AA,London,,,0.0,21.5,7.1,WR11 3JT,West Midlands,2023-01-27,,,0.0,13.2,5.7
48,44,297816,1997-02-03,100/300,2000,1400.74,0,MALE,College,sales,base-jumping,other-relative,34000,-55600,2015-01-21,Multi-vehicle Collision,Rear Collision,Major Damage,Police,23,3,YES,0,2,?,87300,17460,17460,52380,Jeep,Wrangler,2013,N,OX1 1AA,South East,363.0,6.0,7.4,46.9,11.7,NE9 7EY,North East,2024-01-21,130.0,5.0,15.6,48.0,12.2
267,40,426708,2009-10-09,250/500,500,1155.53,5000000,MALE,JD,transport-moving,camping,wife,0,-35200,2015-01-24,Parked Car,?,Trivial Damage,Police,5,1,?,0,2,NO,5670,1260,630,3780,Ford,F150,1997,N,,,,,,,,G11 5HD,,2023-01-24,,,0.3,15.9,9.1
286,47,615047,2002-11-20,250/500,500,1386.93,0,MALE,High School,priv-house-serv,bungie-jumping,husband,54100,-77600,2015-01-17,Multi-vehicle Collision,Rear Collision,Minor Damage,Other,15,3,YES,0,0,NO,65800,13160,6580,46060,Accura,TL,2001,N,,,,,,,,ME9 8WL,South East,2024-01-17,24.0,0.0,0.0,17.6,2.6
175,34,771236,1995-05-29,100/300,500,915.29,0,FEMALE,JD,handlers-cleaners,base-jumping,wife,82400,-57100,2015-02-23,Single Vehicle Collision,Front Collision,Major Damage,Other,14,1,?,2,1,YES,36720,4080,4080,28560,Honda,Accord,2009,Y,,,,,,,,LL30 3PD,,2023-02-23,,,0.3,20.4,6.3
111,29,235869,2011-01-22,250/500,500,1239.55,2000000,FEMALE,PhD,farming-fishing,kayaking,own-child,0,0,2015-01-09,Single Vehicle Collision,Side Collision,Major Damage,Fire,1,1,?,1,1,YES,52800,4800,9600,38400,Mercedes,ML350,1996,Y,,,,,,,,PO19 6EU,South East,2023-01-09,,,0.4,28.4,8.5
151,37,931625,2012-10-18,250/500,500,1366.42,0,FEMALE,Associate,protective-serv,cross-fit,unmarried,44000,0,2015-02-15,Multi-vehicle Collision,Rear Collision,Total Loss,Fire,14,3,NO,1,2,YES,59100,5910,5910,47280,Nissan,Maxima,1998,Y,BN1 1AA,South East,1277.0,44.0,2.5,25.4,13.2,PO19 6EU,South East,2023-02-15,,,0.4,17.6,10.5
156,37,371635,1991-10-13,500/1000,1000,1086.48,6000000,MALE,Associate,machine-op-inspct,hiking,unmarried,0,-53800,2015-01-16,Multi-vehicle Collision,Rear Collision,Total Loss,Other,17,3,?,1,1,YES,77440,14080,7040,56320,Suburu,Legacy,1999,N,S1 1AA,Yorkshire and The Humber,1118.0,66.0,0.0,26.0,2.9,TA6 4ET,South West,2023-01-16,,,6.4,27.2,5.6
165,36,427199,2010-10-01,250/500,2000,1247.87,0,MALE,Masters,armed-forces,golf,husband,0,-39700,2015-01-14,Multi-vehicle Collision,Side Collision,Total Loss,Fire,20,3,NO,2,2,NO,45700,4570,4570,36560,BMW,3 Series,2008,N,NG1 1AA,East Midlands,,,9.2,33.8,10.8,LL30 3PD,,2023-01-14,,,17.0,29.6,10.1
253,41,261315,2013-04-10,100/300,2000,1312.75,0,FEMALE,PhD,sales,dancing,other-relative,81300,0,2015-01-01,Multi-vehicle Collision,Rear Collision,Major Damage,Other,10,3,NO,2,2,YES,80740,7340,14680,58720,Toyota,Camry,2014,Y,,,,,,,,M24 2GB,North West,2023-01-01,,,11.2,25.7,8.8
10,26,582973,2008-06-11,100/300,2000,765.64,0,MALE,MD,sales,base-jumping,not-in-family,0,-22200,2015-02-16,Multi-vehicle Collision,Front Collision,Major Damage,Ambulance,3,3,?,0,3,?,31350,2850,5700,22800,Honda,Accord,2001,Y,,,,,,,,PO19 6EU,South East,2023-02-16,,,0.7,28.8,11.1
158,33,278091,2013-12-04,100/300,2000,1327.41,0,FEMALE,Associate,handlers-cleaners,skydiving,other-relative,0,-38600,2015-01-04,Single Vehicle Collision,Side Collision,Total Loss,Other,0,1,?,0,0,?,35000,3500,7000,24500,Suburu,Legacy,2012,N,,,,,,,,IM4 7JQ,,2024-01-04,,,,,
436,59,153154,2010-08-21,500/1000,1000,1338.55,0,MALE,PhD,protective-serv,board-games,own-child,39000,0,2015-01-12,Multi-vehicle Collision,Side Collision,Total Loss,Police,10,3,?,2,2,NO,68000,13600,6800,47600,Toyota,Corolla,2014,N,,,,,,,,DT2 0GA,South West,2023-01-12,,,12.5,43.3,10.7
91,30,515217,2010-06-18,250/500,2000,1316.63,8000000,FEMALE,Masters,machine-op-inspct,golf,unmarried,43900,0,2015-01-08,Multi-vehicle Collision,Side Collision,Minor Damage,Other,13,3,YES,2,0,?,84500,13000,13000,58500,BMW,X6,2009,N,,,,,,,,LS14 3HF,Yorkshire and The Humber,2023-01-08,,,1.3,27.7,7.7
256,42,860497,1992-04-10,500/1000,1000,1286.44,0,FEMALE,MD,transport-moving,bungie-jumping,wife,0,-39500,2015-01-22,Single Vehicle Collision,Rear Collision,Minor Damage,Police,14,1,NO,2,1,?,75500,7550,15100,52850,Nissan,Ultima,1998,N,S1 1AA,Yorkshire and The Humber,1118.0,66.0,2.9,44.8,11.9,LS14 3HF,Yorkshire and The Humber,2023-01-22,,,0.0,14.5,2.4
274,46,351741,1997-02-03,500/1000,1000,1372.18,0,MALE,High School,exec-managerial,bungie-jumping,not-in-family,0,0,2015-01-13,Multi-vehicle Collision,Side Collision,Total Loss,Other,22,3,NO,1,3,?,90600,15100,15100,60400,BMW,X5,2009,N,,,,,,,,M24 2GB,North West,2023-01-13,,,3.0,37.1,7.4
275,45,403737,1991-12-06,500/1000,2000,1447.77,0,FEMALE,Associate,adm-clerical,camping,wife,39400,-63900,2015-01-18,Multi-vehicle Collision,Side Collision,Total Loss,Ambulance,8,3,YES,1,1,?,64320,5360,10720,48240,Accura,MDX,1998,N,M1 1AE,North West,,,1.6,14.5,5.3,LA14 5DF,North West,2024-01-18,310.0,12.0,0.0,22.6,2.0
1,33,162004,1995-09-19,250/500,500,903.32,0,FEMALE,High School,transport-moving,yachting,not-in-family,0,0,2015-01-19,Multi-vehicle Collision,Rear Collision,Minor Damage,Police,1,3,?,1,0,?,31700,6340,3170,22190,Toyota,Highlander,2006,N,S1 1AA,Yorkshire and The Humber,1118.0,66.0,0.0,22.4,4.0,NG34 8NE,East Midlands,2024-01-19,2.0,0.0,0.0,22.3,4.1
85,30,740384,1993-10-29,500/1000,1000,1454.42,0,MALE,Associate,protective-serv,reading,other-relative,51600,-73900,2015-01-31,Single Vehicle Collision,Side Collision,Major Damage,Other,19,1,YES,0,1,YES,74280,12380,12380,49520,Suburu,Forrestor,2006,Y,,,,,,,,LU7 2QH,East of England,2024-01-31,84.0,3.0,0.5,30.9,10.1
233,37,876714,1991-11-03,100/300,2000,1603.42,0,FEMALE,High School,sales,video-games,wife,61600,-30200,2015-02-06,Single Vehicle Collision,Front Collision,Total Loss,Fire,17,1,YES,0,2,YES,80520,13420,6710,60390,Toyota,Corolla,2005,N,CF10 1AA,,1138.0,89.0,25.6,40.8,11.1,WS1 4HS,West Midlands,2023-02-06,,,0.0,11.8,6.0
142,30,951543,2002-07-09,250/500,2000,1616.58,0,MALE,JD,adm-clerical,polo,husband,58500,-46800,2015-02-04,Multi-vehicle Collision,Rear Collision,Major Damage,Other,13,3,YES,0,3,YES,63600,6360,12720,44520,Dodge,RAM,2010,N,NG1 1AA,East Midlands,,,0.0,19.3,9.6,M24 2GB,North West,2024-02-04,0.0,0.0,3.3,36.4,11.5
266,44,576723,1999-12-07,250/500,500,1611.83,0,MALE,High School,handlers-cleaners,movies,husband,0,0,2015-01-02,Single Vehicle Collision,Front Collision,Total Loss,Police,4,1,?,1,2,YES,32800,3280,3280,26240,BMW,3 Series,2012,N,M1 1AE,North West,16.0,1.0,18.5,23.3,9.4,IM4 7JQ,,2023-01-02,,,,,
350,50,391003,2005-07-01,500/1000,500,889.13,0,FEMALE,Masters,priv-house-serv,board-games,other-relative,0,0,2015-02-26,Multi-vehicle Collision,Rear Collision,Total Loss,Police,14,3,NO,0,2,NO,44190,9820,4910,29460,Audi,A3,2015,N,,,,,,,,RM12 4BG,London,2024-02-26,420.0,26.0,1.1,40.5,8.5
97,26,225865,1991-11-04,250/500,1000,1252.08,0,MALE,College,exec-managerial,sleeping,not-in-family,0,0,2015-02-08,Multi-vehicle Collision,Rear Collision,Major Damage,Other,4,2,YES,2,2,NO,50400,10080,5040,35280,Honda,CRV,2000,Y,S1 1AA,Yorkshire and The Humber,1104.0,75.0,16.3,22.4,2.4,PO19 6EU,South East,2024-02-08,266.0,3.0,21.4,32.1,11.4
399,55,984948,1993-04-14,500/1000,2000,995.56,0,MALE,JD,tech-support,sleeping,not-in-family,0,-65400,2015-02-07,Multi-vehicle Collision,Side Collision,Total Loss,Police,23,3,YES,1,1,YES,88400,17680,8840,61880,Nissan,Pathfinder,2010,N,,,,,,,,NE9 7EY,North East,2024-02-07,144.0,1.0,0.0,19.2,5.0
305,49,890328,2009-08-23,100/300,2000,1347.92,0,FEMALE,High School,farming-fishing,bungie-jumping,own-child,0,-42100,2015-02-17,Multi-vehicle Collision,Front Collision,Total Loss,Fire,21,3,YES,0,2,?,66550,12100,6050,48400,Volkswagen,Jetta,2003,N,SW1A 1AA,London,,,0.1,36.2,13.6,KT22 9AD,South East,2023-02-17,,,0.2,33.0,13.3
276,47,803294,1993-06-18,100/300,1000,1724.09,0,MALE,PhD,craft-repair,yachting,own-child,0,0,2015-01-12,Multi-vehicle Collision,Rear Collision,Minor Damage,Police,23,3,YES,0,0,?,65780,5980,11960,47840,Chevrolet,Tahoe,2014,N,BN1 1AA,South East,,,11.7,51.8,11.3,BT63 5JA,,2023-01-12,,,7.4,44.9,9.3
257,40,414913,2012-07-17,250/500,500,1379.93,0,MALE,MD,armed-forces,base-jumping,husband,0,0,2015-02-01,Multi-vehicle Collision,Side Collision,Major Damage,Other,6,3,?,0,2,YES,51810,9420,4710,37680,Audi,A3,2002,Y,S1 1AA,Yorkshire and The Humber,,,0.7,41.0,8.7,WR11 3JT,West Midlands,2024-02-01,149.0,5.0,0.1,19.6,9.4
78,31,414519,1999-01-25,250/500,1000,1554.64,4000000,MALE,PhD,protective-serv,board-games,own-child,0,-27900,2015-02-03,Single Vehicle Collision,Front Collision,Major Damage,Other,21,1,NO,1,0,NO,55660,5060,10120,40480,Honda,CRV,2009,Y,,,,,,,,G61 3LF,,2024-02-03,0.0,0.0,1.5,27.2,9.0
129,28,818413,1990-02-23,500/1000,1000,1377.94,0,MALE,Masters,machine-op-inspct,base-jumping,not-in-family,0,0,2015-02-21,Single Vehicle Collision,Side Collision,Major Damage,Fire,23,1,?,2,3,?,44640,9920,4960,29760,Toyota,Camry,2005,N,,,,,,,,ME9 8WL,South East,2023-02-21,,,0.0,14.9,10.6
283,46,487356,2000-08-30,500/1000,2000,1313.33,0,FEMALE,PhD,transport-moving,reading,husband,53500,-73600,2015-01-09,Multi-vehicle Collision,Front Collision,Major Damage,Ambulance,3,3,?,1,3,NO,77660,7060,14120,56480,Nissan,Maxima,2004,Y,,,,,,,,LA14 5DF,North West,2024-01-09,310.0,12.0,0.0,23.1,3.5
85,25,159768,2008-09-03,250/500,500,1259.02,0,FEMALE,JD,tech-support,base-jumping,unmarried,67000,-53600,2015-02-16,Parked Car,?,Trivial Damage,,8,1,NO,2,2,?,5640,940,940,3760,Nissan,Ultima,2005,N,BN1 1AA,South East,1277.0,44.0,1.0,23.8,11.7,RM12 4BG,London,2023-02-16,,,1.7,20.9,11.8
101,26,865839,1991-08-02,500/1000,1000,1371.88,0,FEMALE,MD,prof-specialty,reading,husband,0,0,2015-02-04,Parked Car,?,Trivial Damage,,4,1,?,2,2,?,3190,580,580,2030,Suburu,Legacy,1995,N,,,,,,,,RM12 4BG,London,2024-02-04,420.0,26.0,0.1,37.0,13.1
96,30,406567,2001-09-25,100/300,500,1399.27,6000000,MALE,College,prof-specialty,hiking,wife,38900,-48700,2015-02-24,Single Vehicle Collision,Side Collision,Total Loss,Fire,22,1,?,0,0,YES,53440,0,6680,46760,Ford,Escape,2004,N,,,,,,,,LA14 5DF,North West,2024-02-24,334.0,4.0,2.6,11.4,6.3
121,31,623032,2007-03-11,500/1000,1000,1061.98,6000000,FEMALE,JD,armed-forces,camping,unmarried,0,0,2015-02-01,Single Vehicle Collision,Rear Collision,Minor Damage,Police,16,1,NO,0,1,YES,65250,7250,7250,50750,BMW,3 Series,2002,N,,,,,,,,WR11 3JT,West Midlands,2024-02-01,149.0,5.0,0.1,19.6,9.4
176,39,935442,2010-11-20,250/500,500,1365.46,4000000,MALE,College,armed-forces,sleeping,unmarried,0,-56600,2015-02-05,Multi-vehicle Collision,Side Collision,Minor Damage,Fire,14,3,NO,2,1,NO,44280,4920,4920,34440,Chevrolet,Silverado,2008,N,,,,,,,,BT63 5JA,,2024-02-05,120.0,1.0,0.7,28.0,10.8
159,37,106873,1998-08-28,500/1000,1000,894.4,0,MALE,Associate,tech-support,camping,wife,0,-53700,2015-01-07,Single Vehicle Collision,Rear Collision,Total Loss,Police,13,1,YES,2,0,NO,70290,7810,7810,54670,Dodge,RAM,1999,N,,,,,,,,KY15 7BA,,2024-01-07,0.0,0.0,0.0,9.7,0.4
120,30,563878,2002-07-16,250/500,500,956.69,0,FEMALE,Associate,priv-house-serv,movies,husband,39600,-64300,2015-02-06,Single Vehicle Collision,Front Collision,Minor Damage,Other,20,1,?,1,1,YES,87100,8710,8710,69680,Saab,92x,2000,N,,,,,,,,TA6 4ET,South West,2023-02-06,,,0.0,8.9,8.3
212,35,620855,1990-04-29,500/1000,2000,1123.89,0,MALE,MD,priv-house-serv,video-games,unmarried,35400,-49200,2015-01-21,Multi-vehicle Collision,Front Collision,Total Loss,Fire,0,3,?,1,3,?,50380,4580,4580,41220,Suburu,Forrestor,1996,N,CF10 1AA,,,,0.0,14.0,4.1,RM12 4BG,London,2024-01-21,459.0,47.0,0.8,48.0,11.8
290,45,583169,1998-02-01,100/300,500,1085.03,0,FEMALE,JD,sales,cross-fit,wife,0,-61000,2015-03-01,Multi-vehicle Collision,Side Collision,Total Loss,Police,23,3,YES,2,2,NO,64800,12960,6480,45360,Audi,A3,2014,Y,,,,,,,,EX8 5DT,South West,2023-03-01,,,0.8,23.6,7.6
299,42,337677,2008-07-20,100/300,2000,1437.33,0,FEMALE,Associate,craft-repair,movies,wife,25000,0,2015-02-24,Single Vehicle Collision,Rear Collision,Minor Damage,Other,13,1,YES,1,3,NO,70400,12800,12800,44800,BMW,3 Series,2000,N,,,,,,,,TW3 1GN,London,2024-02-24,713.0,34.0,2.0,8.9,8.2
66,26,445973,1998-11-13,250/500,1000,988.29,0,MALE,College,armed-forces,skydiving,own-child,0,0,2015-02-02,Single Vehicle Collision,Rear Collision,Major Damage,Police,8,1,?,2,2,YES,57860,0,10520,47340,Suburu,Impreza,2008,Y,,,,,,,,DT6 6SG,South West,2023-02-02,,,0.1,23.4,10.9
334,47,156694,2001-05-24,500/1000,500,1238.89,0,MALE,Masters,protective-serv,sleeping,other-relative,0,0,2015-01-31,Vehicle Theft,?,Minor Damage,,3,1,?,0,3,NO,6240,960,960,4320,Ford,Fusion,2011,N,S1 1AA,Yorkshire and The Humber,1118.0,66.0,3.6,36.7,10.0,IM4 7JQ,,2024-01-31,,,,,
216,38,421940,2014-06-03,100/300,1000,1384.64,5000000,FEMALE,Associate,tech-support,board-games,unmarried,0,0,2015-01-09,Single Vehicle Collision,Rear Collision,Total Loss,Police,16,1,?,2,3,NO,66600,16650,11100,38850,Jeep,Grand Cherokee,2012,Y,GL54 1AA,South West,,,0.0,28.0,6.5,ML9 2SA,,2024-01-09,1.0,0.0,0.0,15.2,2.0
86,28,613226,1991-08-22,100/300,2000,1595.07,0,MALE,PhD,transport-moving,hiking,unmarried,75800,0,2015-02-23,Single Vehicle Collision,Side Collision,Minor Damage,Police,19,1,YES,0,2,YES,70920,11820,11820,47280,Jeep,Wrangler,2002,N,,,,,,,,LL30 3PD,,2023-02-23,,,0.3,20.4,6.3
429,56,804410,1998-12-12,250/500,1000,1127.89,6000000,MALE,Associate,machine-op-inspct,skydiving,own-child,67400,-43800,2015-01-28,Single Vehicle Collision,Rear Collision,Minor Damage,Ambulance,0,1,YES,2,0,YES,39480,6580,6580,26320,Suburu,Forrestor,2002,N,,,,,,,,NE9 7EY,North East,2024-01-28,130.0,5.0,0.1,31.3,11.7
257,43,553565,1999-02-18,500/1000,2000,929.7,6000000,FEMALE,PhD,handlers-cleaners,base-jumping,husband,46400,-74300,2015-01-14,Single Vehicle Collision,Front Collision,Total Loss,Other,12,1,?,2,2,YES,63240,10540,5270,47430,Mercedes,E400,2005,N,,,,,,,,NR18 9AN,East of England,2024-01-14,54.0,3.0,0.0,19.8,4.5
15,34,399524,1997-10-30,100/300,1000,1829.63,0,MALE,JD,tech-support,cross-fit,not-in-family,56700,0,2015-02-03,Multi-vehicle Collision,Side Collision,Total Loss,Other,21,3,YES,1,0,?,67650,12300,6150,49200,Audi,A5,2009,N,,,,,,,,NE9 7EY,North East,2023-02-03,,,0.0,45.8,11.8
230,39,331595,1999-11-29,100/300,1000,904.7,7000000,FEMALE,MD,craft-repair,bungie-jumping,unmarried,68600,-22300,2015-02-17,Single Vehicle Collision,Front Collision,Major Damage,Fire,0,1,?,1,3,NO,74200,14840,14840,44520,Accura,TL,2002,Y,,,,,,,,WS1 4HS,West Midlands,2024-02-17,600.0,54.0,6.7,25.6,12.4
250,43,380067,2013-07-07,500/1000,1000,1243.84,0,FEMALE,JD,tech-support,polo,own-child,47900,-73400,2015-01-30,Single Vehicle Collision,Side Collision,Minor Damage,Other,22,1,YES,1,3,NO,64900,12980,12980,38940,Volkswagen,Jetta,2011,N,,,,,,,,SN11 8UB,South West,2024-01-30,13.0,0.0,0.1,26.0,9.6
270,44,701521,2003-07-05,500/1000,2000,1030.95,0,FEMALE,Associate,machine-op-inspct,paintball,other-relative,47200,0,2015-02-03,Multi-vehicle Collision,Rear Collision,Major Damage,Ambulance,20,3,?,1,0,NO,35900,7180,3590,25130,Audi,A3,2007,Y,,,,,,,,LA14 5DF,North West,2023-02-03,,,0.7,40.8,9.6
65,26,360770,2005-09-21,100/300,500,1285.03,3000000,FEMALE,High School,craft-repair,camping,unmarried,0,-41500,2015-02-03,Single Vehicle Collision,Rear Collision,Minor Damage,Fire,0,1,NO,1,3,?,52200,5220,10440,36540,Honda,CRV,2011,N,,,,,,,,NG34 8NE,East Midlands,2024-02-03,6.0,0.0,0.4,27.6,13.1
475,57,958785,1995-02-18,100/300,500,1216.56,0,MALE,Masters,adm-clerical,skydiving,own-child,67400,-83200,2015-01-31,Single Vehicle Collision,Front Collision,Minor Damage,Police,20,1,?,0,2,NO,78000,6500,13000,58500,Suburu,Forrestor,2000,N,OX1 1AA,South East,363.0,6.0,0.7,29.2,10.7,LL30 3PD,,2024-01-31,28.0,0.0,5.1,38.0,10.6
77,27,797934,1999-04-07,500/1000,2000,966.26,0,FEMALE,High School,adm-clerical,base-jumping,own-child,56400,-32800,2015-02-06,Multi-vehicle Collision,Front Collision,Minor Damage,Ambulance,1,3,YES,0,0,?,67200,6720,6720,53760,Volkswagen,Passat,1995,N,NG1 1AA,East Midlands,,,0.0,10.4,6.5,TA6 4ET,South West,2023-02-06,,,0.0,8.9,8.3
256,43,883980,2014-12-13,100/300,500,1203.17,0,FEMALE,MD,prof-specialty,golf,unmarried,56700,-65600,2015-02-06,Single Vehicle Collision,Rear Collision,Total Loss,Fire,11,1,NO,0,0,?,63250,11500,5750,46000,Nissan,Ultima,1997,N,,,,,,,,WS1 4HS,West Midlands,2023-02-06,,,0.0,11.8,6.0
229,37,340614,1997-06-01,250/500,2000,1212.12,0,FEMALE,MD,craft-repair,paintball,not-in-family,65600,0,2015-01-29,Multi-vehicle Collision,Side Collision,Major Damage,Other,14,3,YES,1,1,YES,68760,11460,5730,51570,Ford,Fusion,1995,N,,,,,,,,LL30 3PD,,2024-01-29,28.0,0.0,26.9,14.4,11.1
110,28,435784,2013-07-13,250/500,1000,1573.93,0,MALE,College,other-service,movies,other-relative,30400,0,2015-01-07,Multi-vehicle Collision,Side Collision,Minor Damage,Police,20,3,YES,0,2,?,65040,10840,10840,43360,Suburu,Impreza,2010,N,,,,,,,,PO19 6EU,South East,2023-01-07,,,9.1,42.1,11.1
177,33,563837,2002-12-30,100/300,1000,1609.67,0,MALE,College,adm-clerical,yachting,wife,0,-13200,2015-01-20,Single Vehicle Collision,Side Collision,Major Damage,Ambulance,22,1,?,1,3,?,82800,20700,13800,48300,Jeep,Grand Cherokee,2004,Y,,,,,,,,LU7 2QH,East of England,2023-01-20,,,0.0,17.6,5.0
292,44,200827,1997-02-28,500/1000,500,1097.57,0,MALE,PhD,priv-house-serv,basketball,unmarried,0,0,2015-02-28,Single Vehicle Collision,Side Collision,Total Loss,Other,12,1,NO,1,0,YES,61700,6170,6170,49360,Saab,93,2005,N,CF10 1AA,,1138.0,89.0,2.4,23.0,10.6,DT6 6SG,South West,2024-02-28,0.0,0.0,2.1,27.6,10.8
451,61,533941,1998-06-18,250/500,2000,1618.65,2000000,FEMALE,Associate,transport-moving,polo,unmarried,0,-42600,2015-02-04,Multi-vehicle Collision,Rear Collision,Major Damage,Ambulance,3,3,YES,2,1,YES,78100,15620,7810,54670,Chevrolet,Tahoe,1997,Y,,,,,,,,G61 3LF,,2023-02-04,,,3.1,26.3,8.7
61,24,265026,1996-02-08,100/300,500,922.67,0,FEMALE,College,priv-house-serv,paintball,other-relative,47400,0,2015-01-12,Multi-vehicle Collision,Rear Collision,Major Damage,Ambulance,15,3,YES,2,1,?,65520,9360,9360,46800,Toyota,Highlander,2011,Y,SW1A 1AA,London,4960.0,187.0,0.0,18.1,6.8,TW3 1GN,London,2024-01-12,688.0,43.0,0.0,16.6,6.8
150,30,354481,2004-11-17,100/300,1000,1342.02,0,MALE,MD,prof-specialty,polo,own-child,0,0,2015-02-28,Parked Car,?,Trivial Damage,,8,1,YES,0,2,NO,4500,450,450,3600,Saab,93,1999,N,,,,,,,,DT6 6SG,South West,2023-02-28,,,0.0,29.1,8.3
283,41,566720,2012-10-25,100/300,500,1195.01,0,FEMALE,Associate,sales,reading,own-child,60700,-54300,2015-01-08,Multi-vehicle Collision,Side Collision,Major Damage,Other,13,3,NO,0,2,?,42700,0,6100,36600,Mercedes,ML350,2011,Y,,,,,,,,TA6 4ET,South West,2023-01-08,,,5.4,29.2,9.0
291,46,832746,2006-04-13,500/1000,1000,994.74,0,FEMALE,High School,adm-clerical,polo,own-child,0,-55300,2015-01-25,Parked Car,?,Minor Damage,Police,8,1,NO,2,2,YES,5580,620,620,4340,Volkswagen,Passat,2005,Y,,,,,,,,KY15 7BA,,2023-01-25,,,0.1,21.9,9.1
162,31,386690,2006-02-21,100/300,1000,1050.24,0,FEMALE,Masters,adm-clerical,chess,wife,30700,0,2015-02-26,Parked Car,?,Minor Damage,,7,1,?,0,0,NO,3600,360,720,2520,BMW,X5,2013,Y,,,,,,,,RM12 4BG,London,2024-02-26,420.0,26.0,1.1,40.5,8.5
154,36,979285,2003-12-17,250/500,2000,1313.51,7000000,FEMALE,Masters,exec-managerial,dancing,own-child,68500,0,2015-02-03,Vehicle Theft,?,Trivial Damage,,9,1,?,2,0,?,2800,280,280,2240,Volkswagen,Passat,2015,N,BN1 1AA,South East,1277.0,44.0,0.0,26.0,11.4,M24 2GB,North West,2024-02-03,0.0,0.0,1.7,29.5,10.8
289,47,594722,1999-07-31,500/1000,2000,1102.29,0,FEMALE,Associate,adm-clerical,hiking,own-child,73000,-37900,2015-01-31,Single Vehicle Collision,Front Collision,Minor Damage,Ambulance,15,1,NO,1,0,YES,54000,6000,6000,42000,Toyota,Highlander,1996,N,,,,,,,,KT22 9AD,South East,2024-01-31,105.0,8.0,0.1,29.3,10.5
10,19,216738,2014-08-05,250/500,1000,1185.78,0,FEMALE,JD,craft-repair,yachting,wife,0,-60700,2015-02-01,Single Vehicle Collision,Side Collision,Minor Damage,Police,5,1,?,0,2,?,48950,4450,8900,35600,Accura,TL,2011,Y,,,,,,,,G11 5HD,,2023-02-01,,,5.8,31.5,8.1
309,47,369048,2011-06-05,500/1000,500,1527.95,0,MALE,PhD,exec-managerial,hiking,other-relative,69400,0,2015-02-21,Multi-vehicle Collision,Rear Collision,Major Damage,Other,15,4,YES,0,1,?,77800,15560,15560,46680,Dodge,RAM,2002,N,SW1A 1AA,London,5183.0,187.0,3.5,36.1,11.9,G11 5HD,,2023-02-21,,,1.2,21.7,10.2
396,57,514424,1992-10-11,100/300,1000,1366.39,0,MALE,High School,protective-serv,exercise,other-relative,0,-22400,2015-01-30,Multi-vehicle Collision,Front Collision,Major Damage,Other,22,3,YES,2,1,NO,52560,11680,5840,35040,Saab,93,1995,N,BN1 1AA,South East,,,0.0,22.3,8.7,BT63 5JA,,2023-01-30,,,0.0,22.1,8.6
273,41,954191,2010-02-17,500/1000,1000,1403.9,0,FEMALE,PhD,farming-fishing,dancing,own-child,0,0,2015-01-31,Multi-vehicle Collision,Side Collision,Total Loss,Police,16,2,?,1,2,YES,44110,4010,8020,32080,Honda,Accord,2015,N,,,,,,,,LS14 3HF,Yorkshire and The Humber,2024-01-31,23.0,0.0,4.1,40.7,9.7
129,30,150181,2007-05-06,500/1000,2000,927.23,0,FEMALE,PhD,sales,video-games,husband,51500,0,2015-01-13,Single Vehicle Collision,Front Collision,Total Loss,Other,7,1,NO,1,3,?,74360,13520,6760,54080,Suburu,Forrestor,2009,N,,,,,,,,ME9 8WL,South East,2023-01-13,,,0.0,31.8,9.7
140,31,388671,1997-05-01,250/500,2000,1554.86,6000000,FEMALE,JD,armed-forces,base-jumping,wife,59000,0,2015-02-16,Parked Car,?,Minor Damage,,2,1,YES,1,2,?,6120,680,680,4760,Honda,Civic,2002,Y,CF10 1AA,,,,14.1,26.6,10.8,BT56 8FW,,2024-02-16,41.0,1.0,0.2,11.4,11.4
419,53,457244,1998-01-28,500/1000,2000,736.07,6000000,MALE,College,transport-moving,chess,unmarried,45700,0,2015-02-04,Multi-vehicle Collision,Side Collision,Minor Damage,Police,17,4,?,0,0,YES,62280,5190,10380,46710,Suburu,Forrestor,2012,N,,,,,,,,LU7 2QH,East of England,2024-02-04,85.0,8.0,0.0,31.7,11.8
315,44,206667,1993-05-05,250/500,1000,974.16,6000000,FEMALE,Masters,sales,reading,other-relative,0,-56800,2015-02-07,Multi-vehicle Collision,Front Collision,Total Loss,Other,12,3,?,1,0,YES,26730,4860,4860,17010,Volkswagen,Jetta,2006,N,,,,,,,,DE56 2JB,East Midlands,2024-02-07,9.0,0.0,0.0,12.7,4.9
72,29,745200,1994-08-06,500/1000,500,973.8,0,FEMALE,Associate,craft-repair,exercise,own-child,0,-85900,2015-01-16,Single Vehicle Collision,Rear Collision,Major Damage,Ambulance,9,1,?,1,0,NO,66200,6620,6620,52960,Dodge,Neon,2013,N,,,,,,,,LS14 3HF,Yorkshire and The Humber,2023-01-16,,,0.2,25.3,1.7
32,26,412703,2014-11-14,100/300,2000,1260.32,6000000,MALE,JD,other-service,polo,not-in-family,0,-79800,2015-02-28,Single Vehicle Collision,Side Collision,Total Loss,Fire,16,1,?,1,2,?,45500,9100,4550,31850,Toyota,Corolla,2009,N,,,,,,,,DT2 0GA,South West,2023-02-28,,,0.1,29.2,7.4
230,41,736771,1991-12-14,100/300,1000,1464.03,0,MALE,JD,transport-moving,sleeping,own-child,0,0,2015-02-08,Multi-vehicle Collision,Side Collision,Minor Damage,Ambulance,19,3,?,2,0,?,53040,4420,4420,44200,Audi,A3,2006,N,OX1 1AA,South East,,,0.0,10.5,5.9,DT6 6SG,South West,2023-02-08,,,0.0,16.3,7.2
157,32,347984,2009-10-21,100/300,2000,617.11,0,MALE,College,other-service,reading,other-relative,0,-54100,2015-01-02,Multi-vehicle Collision,Front Collision,Major Damage,Other,14,3,?,1,2,NO,50800,10160,5080,35560,Mercedes,E400,2013,Y,,,,,,,,LS14 3HF,Yorkshire and The Humber,2023-01-02,,,0.0,16.4,5.9
265,41,626074,1997-09-29,250/500,2000,1724.46,6000000,FEMALE,Associate,craft-repair,sleeping,own-child,81800,0,2015-01-13,Multi-vehicle Collision,Side Collision,Total Loss,Police,18,3,?,1,3,?,44200,4420,4420,35360,Audi,A5,2014,N,CF10 1AA,,1223.0,92.0,0.0,10.5,4.1,LL30 3PD,,2023-01-13,,,4.6,38.2,8.4
47,34,218109,2003-12-31,500/1000,500,1161.31,0,FEMALE,PhD,exec-managerial,base-jumping,other-relative,64800,-24300,2015-01-07,Single Vehicle Collision,Front Collision,Minor Damage,Police,23,1,YES,1,3,?,62920,11440,5720,45760,Chevrolet,Malibu,2012,N,,,,,,,,LS14 3HF,Yorkshire and The Humber,2024-01-07,23.0,0.0,0.1,10.2,3.6
113,29,999435,2008-01-01,250/500,2000,1091.73,0,MALE,PhD,exec-managerial,golf,not-in-family,36100,-42300,2015-01-05,Multi-vehicle Collision,Rear Collision,Minor Damage,Other,15,3,?,0,2,YES,49950,5550,5550,38850,Nissan,Ultima,2004,Y,,,,,,,,BT56 8FW,,2023-01-05,,,1.2,29.6,11.8
289,46,858060,2004-05-31,250/500,2000,1209.07,0,MALE,JD,armed-forces,chess,unmarried,0,0,2015-02-28,Single Vehicle Collision,Rear Collision,Minor Damage,Ambulance,18,1,YES,0,1,YES,56430,6270,6270,43890,BMW,3 Series,1995,Y,,,,,,,,LU7 2QH,East of England,2023-02-28,,,0.7,26.1,6.9
254,41,500384,2013-12-18,250/500,2000,1241.04,0,FEMALE,Masters,protective-serv,board-games,own-child,0,0,2015-01-04,Single Vehicle Collision,Front Collision,Minor Damage,Police,16,1,NO,2,2,YES,100210,18220,18220,63770,Audi,A5,2014,N,,,,,,,,NE9 7EY,North East,2024-01-04,130.0,5.0,6.1,10.2,7.7
115,30,903785,2000-08-24,500/1000,500,1757.21,0,MALE,High School,prof-specialty,base-jumping,wife,46400,0,2015-02-02,Multi-vehicle Collision,Front Collision,Minor Damage,Fire,12,3,NO,1,0,YES,49140,5460,5460,38220,Ford,F150,2007,N,S1 1AA,Yorkshire and The Humber,,,0.8,31.0,10.5,KT22 9AD,South East,2023-02-02,,,0.1,27.7,10.6
236,38,873859,1992-10-14,250/500,1000,802.24,0,FEMALE,College,other-service,paintball,not-in-family,0,-62500,2015-02-23,Single Vehicle Collision,Side Collision,Major Damage,Ambulance,16,1,NO,0,1,?,66840,16710,5570,44560,Mercedes,E400,2014,N,,,,,,,,KY15 7BA,,2024-02-23,0.0,0.0,0.4,19.7,6.4
7,21,204294,1991-11-16,500/1000,1000,1342.72,0,MALE,Associate,machine-op-inspct,camping,wife,0,-45300,2015-02-10,Single Vehicle Collision,Front Collision,Total Loss,Other,21,1,?,1,2,?,62460,6940,6940,48580,Honda,Accord,2003,N,NR35 1AA,East of England,40.0,1.0,0.8,13.8,11.1,KY15 7BA,,2024-02-10,0.0,0.0,3.8,24.2,5.0
208,36,467106,1995-10-08,100/300,2000,1209.41,5000000,MALE,JD,machine-op-inspct,base-jumping,wife,0,0,2015-02-16,Multi-vehicle Collision,Side Collision,Total Loss,Other,15,3,YES,0,1,?,62810,11420,11420,39970,Nissan,Ultima,1999,N,,,,,,,,DT2 0GA,South West,2023-02-16,,,3.6,27.7,11.5
126,33,357713,2007-10-28,500/1000,1000,1141.71,2000000,FEMALE,JD,priv-house-serv,sleeping,own-child,36700,-73400,2015-01-04,Single Vehicle Collision,Front Collision,Major Damage,Ambulance,21,1,YES,1,2,?,54160,6770,6770,40620,Suburu,Legacy,2009,N,,,,,,,,KT22 9AD,South East,2024-01-04,105.0,8.0,21.1,24.5,8.6
48,35,890026,2008-05-16,100/300,500,1090.03,0,FEMALE,JD,exec-managerial,golf,unmarried,0,-51000,2015-01-30,Single Vehicle Collision,Rear Collision,Major Damage,Ambulance,1,1,YES,0,2,NO,48400,9680,4840,33880,Saab,92x,2005,N,,,,,,,,BT63 5JA,,2023-01-30,,,0.0,22.1,8.6
297,48,751612,2009-06-22,250/500,1000,1464.73,3000000,MALE,PhD,exec-managerial,golf,other-relative,54900,-36700,2015-01-25,Multi-vehicle Collision,Side Collision,Total Loss,Fire,17,3,?,0,0,NO,51480,5720,5720,40040,Toyota,Highlander,2013,N,GL54 1AA,South West,,,0.7,24.1,6.5,LU7 2QH,East of England,2023-01-25,,,0.9,19.6,5.4
160,36,876680,2012-05-10,100/300,1000,1118.58,0,FEMALE,High School,prof-specialty,board-games,husband,0,-36600,2015-01-22,Multi-vehicle Collision,Rear Collision,Total Loss,Fire,5,3,NO,2,1,NO,51700,5170,10340,36190,Saab,95,2003,N,,,,,,,,DT2 0GA,South West,2024-01-22,1.0,0.0,3.1,52.4,11.7
406,58,756981,2003-10-02,250/500,2000,1117.04,0,MALE,MD,exec-managerial,video-games,own-child,0,-42700,2015-01-01,Multi-vehicle Collision,Front Collision,Total Loss,Other,15,3,?,1,2,?,65520,10920,5460,49140,Volkswagen,Jetta,2009,N,GL54 1AA,South West,,,3.0,32.6,10.1,EX8 5DT,South West,2023-01-01,,,2.7,35.7,11.3
157,31,121439,1990-08-02,500/1000,500,1257.83,7000000,MALE,High School,farming-fishing,reading,own-child,40700,-41600,2015-02-14,Multi-vehicle Collision,Rear Collision,Major Damage,Other,2,4,NO,2,2,NO,47700,4770,9540,33390,Accura,TL,2011,Y,S1 1AA,Yorkshire and The Humber,,,0.0,14.8,9.8,BT56 8FW,,2023-02-14,,,,,
146,31,411289,1997-09-16,250/500,2000,1082.72,0,FEMALE,PhD,machine-op-inspct,video-games,not-in-family,61400,-57500,2015-01-15,Vehicle Theft,?,Minor Damage,,3,1,YES,2,0,NO,5220,580,580,4060,Accura,MDX,2015,N,NG1 1AA,East Midlands,,,0.5,35.1,6.4,RM12 4BG,London,2024-01-15,459.0,47.0,,,
409,57,538466,1995-07-29,100/300,1000,1191.8,6000000,MALE,High School,protective-serv,exercise,unmarried,55600,0,2015-01-06,Single Vehicle Collision,Side Collision,Major Damage,Other,19,1,NO,1,0,?,73320,6110,12220,54990,Ford,Fusion,2012,N,,,,,,,,EX8 5DT,South West,2023-01-06,,,,,
252,46,932097,2005-09-06,100/300,1000,1242.02,0,MALE,Masters,adm-clerical,dancing,wife,0,-28800,2015-02-08,Single Vehicle Collision,Front Collision,Minor Damage,Fire,17,1,YES,0,2,YES,74900,14980,7490,52430,Jeep,Grand Cherokee,2003,N,,,,,,,,TA6 4ET,South West,2024-02-08,162.0,3.0,,,
6,27,463727,1992-08-05,250/500,500,1075.71,0,FEMALE,High School,prof-specialty,dancing,unmarried,0,-47400,2015-02-17,Vehicle Theft,?,Trivial Damage,Police,7,1,?,0,1,YES,3190,580,290,2320,Saab,95,2015,N,CF10 1AA,,,,3.6,35.1,11.2,RM12 4BG,London,2024-02-17,420.0,26.0,,,
103,33,552618,1993-01-22,100/300,1000,969.88,6000000,MALE,MD,armed-forces,exercise,own-child,0,0,2015-01-21,Single Vehicle Collision,Rear Collision,Minor Damage,Ambulance,21,1,NO,1,0,YES,76920,12820,6410,57690,Chevrolet,Malibu,2002,N,M1 1AE,North West,,,0.0,14.4,3.9,LU2 7LL,East of England,2024-01-21,850.0,62.0,,,
369,53,936638,1995-05-20,250/500,2000,1459.93,0,FEMALE,Masters,priv-house-serv,video-games,not-in-family,0,0,2015-02-09,Multi-vehicle Collision,Front Collision,Total Loss,Police,10,2,YES,1,3,NO,77990,7090,14180,56720,Jeep,Wrangler,2012,N,NR35 1AA,East of England,,,0.0,15.1,8.0,TW3 1GN,London,2024-02-09,713.0,34.0,,,
261,46,348814,1992-09-24,500/1000,1000,1245.61,0,MALE,MD,transport-moving,base-jumping,own-child,0,0,2015-02-12,Single Vehicle Collision,Front Collision,Total Loss,Fire,11,1,YES,1,0,?,59670,9180,9180,41310,Ford,Escape,2008,N,NG1 1AA,East Midlands,1359.0,24.0,0.7,26.0,7.9,WS1 4HS,West Midlands,2024-02-12,600.0,54.0,,,
159,33,944102,2007-07-20,100/300,2000,1462.76,0,FEMALE,College,craft-repair,skydiving,husband,69200,-36900,2015-02-24,Multi-vehicle Collision,Rear Collision,Major Damage,Ambulance,23,3,YES,2,0,NO,44880,8160,4080,32640,Mercedes,C300,2004,Y,,,,,,,,LU2 7LL,East of England,2023-02-24,,,,,
344,51,689901,1992-04-28,100/300,2000,1398.46,0,MALE,Associate,sales,skydiving,other-relative,0,0,2015-02-02,Single Vehicle Collision,Side Collision,Minor Damage,Ambulance,14,1,?,0,2,NO,82830,7530,15060,60240,Audi,A5,2004,N,,,,,,,,PL13 1ET,South West,2023-02-02,,,,,
437,60,901083,1998-01-19,500/1000,1000,1269.64,0,FEMALE,College,armed-forces,cross-fit,unmarried,48800,0,2015-02-14,Single Vehicle Collision,Front Collision,Minor Damage,Other,10,1,NO,1,3,NO,84480,7680,15360,61440,Chevrolet,Silverado,2012,Y,,,,,,,,EX8 5DT,South West,2023-02-14,,,,,
65,30,396224,2009-09-08,100/300,500,1455.65,4000000,FEMALE,College,transport-moving,skydiving,wife,0,-66300,2015-02-15,Multi-vehicle Collision,Side Collision,Total Loss,Fire,6,3,?,2,3,NO,79800,15960,7980,55860,Honda,Civic,1999,N,,,,,,,,DT6 6SG,South West,2023-02-15,,,0.5,22.6,12.1
280,41,682178,1994-12-18,500/1000,2000,1140.31,0,MALE,MD,adm-clerical,exercise,husband,29300,-64700,2015-02-28,Multi-vehicle Collision,Rear Collision,Minor Damage,Police,10,3,?,0,3,YES,53020,9640,9640,33740,Toyota,Corolla,1999,N,,,,,,,,ML9 2SA,,2023-02-28,,,0.2,16.8,6.1
269,45,596298,1996-08-23,500/1000,500,1330.46,0,FEMALE,High School,machine-op-inspct,sleeping,wife,54800,-64100,2015-01-18,Multi-vehicle Collision,Side Collision,Total Loss,Police,5,3,?,0,0,NO,24200,2200,4400,17600,Suburu,Forrestor,2008,N,,,,,,,,SN11 8UB,South West,2023-01-18,,,0.0,19.1,4.3
275,40,253005,1991-11-20,250/500,2000,1190.6,0,MALE,Masters,exec-managerial,camping,unmarried,0,-45300,2015-01-06,Single Vehicle Collision,Rear Collision,Minor Damage,Fire,17,1,?,1,3,YES,43230,7860,7860,27510,Chevrolet,Silverado,2001,N,M1 1AE,North West,,,3.6,25.9,11.7,NR18 9AN,East of England,2024-01-06,54.0,3.0,0.1,17.6,5.6
265,45,985924,1998-10-28,250/500,500,972.5,0,FEMALE,College,exec-managerial,cross-fit,unmarried,0,0,2015-01-19,Vehicle Theft,?,Trivial Damage,,3,1,NO,2,3,NO,3190,290,580,2320,Ford,Escape,1995,N,,,,,,,,LL30 3PD,,2024-01-19,28.0,0.0,0.0,24.2,5.7
283,43,631565,1997-07-14,100/300,2000,1161.91,0,FEMALE,Associate,adm-clerical,polo,not-in-family,0,-50400,2015-01-17,Parked Car,?,Minor Damage,,9,1,?,0,3,NO,5850,1300,650,3900,BMW,M5,2006,N,,,,,,,,KY15 7BA,,2024-01-17,0.0,0.0,0.0,16.5,-0.4
84,29,630998,2003-04-09,250/500,1000,1117.17,0,FEMALE,High School,machine-op-inspct,video-games,not-in-family,0,-29900,2015-02-12,Parked Car,?,Trivial Damage,Police,6,1,YES,2,0,YES,6820,620,1240,4960,BMW,3 Series,2005,N,SW1A 1AA,London,,,0.0,12.0,9.2,RM12 4BG,London,2024-02-12,420.0,26.0,0.0,16.5,9.1
247,44,926665,1992-02-04,250/500,2000,1101.51,0,FEMALE,College,farming-fishing,camping,not-in-family,64000,0,2015-02-11,Multi-vehicle Collision,Front Collision,Minor Damage,Fire,22,3,NO,2,2,NO,69480,11580,11580,46320,Chevrolet,Tahoe,2008,N,,,,,,,,LS14 3HF,Yorkshire and The Humber,2024-02-11,9.0,0.0,17.9,22.3,9.3
56,29,302669,2006-06-29,100/300,1000,1523.17,0,MALE,Masters,prof-specialty,movies,own-child,0,0,2015-02-21,Multi-vehicle Collision,Front Collision,Major Damage,Fire,10,3,?,1,2,YES,94560,7880,15760,70920,Jeep,Grand Cherokee,1995,N,,,,,,,,KT22 9AD,South East,2023-02-21,,,0.8,13.3,10.0
210,39,620020,1997-06-21,500/1000,1000,984.45,0,MALE,Associate,armed-forces,paintball,unmarried,0,0,2015-01-02,Vehicle Theft,?,Minor Damage,,4,1,YES,1,2,?,7800,780,780,6240,Dodge,RAM,1997,N,M1 1AE,North West,,,2.0,14.8,6.6,PL13 1ET,South West,2024-01-02,35.0,0.0,14.1,52.4,13.0
108,32,439828,2006-09-07,500/1000,2000,1257.0,4000000,FEMALE,High School,machine-op-inspct,basketball,unmarried,63900,-43700,2015-01-11,Single Vehicle Collision,Front Collision,Total Loss,Other,23,1,NO,1,3,NO,61270,5570,11140,44560,Suburu,Legacy,1999,N,,,,,,,,KY15 7BA,,2024-01-11,0.0,0.0,0.0,11.8,4.9
328,49,971295,2001-10-01,500/1000,500,1434.51,0,FEMALE,Masters,transport-moving,bungie-jumping,wife,0,0,2015-02-23,Single Vehicle Collision,Rear Collision,Total Loss,Police,19,1,?,0,2,YES,71440,8930,8930,53580,Mercedes,ML350,2005,N,,,,,,,,TA6 4ET,South West,2024-02-23,162.0,3.0,2.1,19.5,7.7
186,37,165565,2009-02-20,250/500,2000,1628.0,0,FEMALE,JD,priv-house-serv,exercise,unmarried,0,0,2015-01-28,Single Vehicle Collision,Rear Collision,Total Loss,Ambulance,22,1,YES,1,2,YES,55600,11120,5560,38920,Jeep,Grand Cherokee,2009,N,,,,,,,,EX8 5DT,South West,2023-01-28,,,0.0,11.5,5.7
277,44,936543,2001-06-26,500/1000,500,1412.31,0,MALE,High School,priv-house-serv,board-games,unmarried,0,0,2015-02-01,Vehicle Theft,?,Trivial Damage,Police,6,1,NO,1,3,NO,5000,1000,500,3500,Jeep,Wrangler,2005,N,,,,,,,,DT2 0GA,South West,2023-02-01,,,0.1,29.0,9.3
138,33,296960,1997-01-18,250/500,500,1362.87,5000000,FEMALE,JD,exec-managerial,paintball,own-child,56900,-56900,2015-02-24,Single Vehicle Collision,Side Collision,Minor Damage,Other,6,1,NO,2,0,?,95810,14740,14740,66330,BMW,X5,2007,N,NG1 1AA,East Midlands,,,0.2,24.7,9.7,G61 3LF,,2023-02-24,,,0.1,21.6,9.9
208,41,501692,2014-06-24,100/300,1000,1134.68,0,FEMALE,College,tech-support,chess,husband,0,0,2015-01-20,Single Vehicle Collision,Rear Collision,Major Damage,Ambulance,18,1,NO,2,2,?,69300,6930,13860,48510,Volkswagen,Jetta,1996,N,NG1 1AA,East Midlands,1431.0,58.0,0.8,32.9,5.4,LA14 5DF,North West,2024-01-20,310.0,12.0,10.8,42.6,7.5
147,37,525224,1992-10-02,250/500,1000,1306.78,0,MALE,MD,prof-specialty,video-games,other-relative,0,0,2015-01-14,Single Vehicle Collision,Front Collision,Total Loss,Ambulance,22,1,?,1,0,NO,81120,13520,20280,47320,Toyota,Camry,1995,N,,,,,,,,LL30 3PD,,2023-01-14,,,17.0,29.6,10.1
8,21,355085,2012-10-09,500/1000,500,1021.9,0,MALE,High School,handlers-cleaners,hiking,husband,0,0,2015-02-05,Single Vehicle Collision,Front Collision,Major Damage,Other,21,1,?,0,0,?,91260,14040,14040,63180,Toyota,Corolla,2012,N,,,,,,,,M24 2GB,North West,2023-02-05,,,0.0,11.5,6.1
297,48,830729,1993-02-10,100/300,1000,1538.6,0,FEMALE,MD,other-service,kayaking,wife,0,-54700,2015-01-11,Single Vehicle Collision,Side Collision,Minor Damage,Fire,12,1,?,0,0,?,60600,6060,12120,42420,Ford,Fusion,2004,N,,,,,,,,PO19 6EU,South East,2024-01-11,254.0,3.0,0.0,24.5,4.7
150,31,651948,1994-09-28,500/1000,1000,1354.5,0,MALE,Masters,machine-op-inspct,base-jumping,husband,52800,0,2015-01-02,Multi-vehicle Collision,Front Collision,Major Damage,Ambulance,6,3,?,0,3,YES,64800,6480,12960,45360,Suburu,Forrestor,2000,Y,YO61 1AA,Yorkshire and The Humber,1.0,0.0,13.6,28.8,9.6,SN11 8UB,South West,2023-01-02,,,0.1,14.0,7.3
4,34,424358,2003-05-24,500/1000,500,1282.93,0,FEMALE,College,exec-managerial,basketball,other-relative,0,0,2015-02-12,Multi-vehicle Collision,Side Collision,Major Damage,Police,0,4,?,0,0,?,66880,6080,12160,48640,Chevrolet,Silverado,1996,Y,,,,,,,,ML9 2SA,,2024-02-12,1.0,0.0,3.3,28.5,5.2
210,35,131478,1991-12-25,500/1000,1000,1346.27,0,MALE,Masters,farming-fishing,cross-fit,not-in-family,44900,-91400,2015-01-03,Single Vehicle Collision,Front Collision,Total Loss,Ambulance,11,1,NO,0,2,?,58200,5820,5820,46560,BMW,X5,2013,N,,,,,,,,RM12 4BG,London,2024-01-03,459.0,47.0,1.3,28.5,10.5
91,31,268833,1999-09-18,100/300,1000,1338.4,4000000,FEMALE,High School,priv-house-serv,polo,own-child,63600,0,2015-02-25,Single Vehicle Collision,Side Collision,Minor Damage,Police,19,1,?,1,0,NO,60570,6730,6730,47110,Nissan,Maxima,2011,N,NG1 1AA,East Midlands,1359.0,24.0,0.0,25.1,8.4,TA6 4ET,South West,2024-02-25,162.0,3.0,11.9,32.3,8.6
167,36,287489,1994-02-03,100/300,1000,949.44,0,FEMALE,Masters,exec-managerial,camping,other-relative,0,-38400,2015-01-19,Multi-vehicle Collision,Rear Collision,Major Damage,Ambulance,22,3,?,0,0,NO,69680,8710,8710,52260,Mercedes,ML350,2008,Y,M1 1AE,North West,16.0,1.0,0.0,21.4,5.2,EX8 5DT,South West,2024-01-19,16.0,0.0,0.0,18.9,5.2
467,58,808153,2003-01-18,500/1000,2000,977.4,0,MALE,Masters,transport-moving,bungie-jumping,own-child,82200,0,2015-01-03,Single Vehicle Collision,Front Collision,Total Loss,Fire,2,1,YES,2,3,NO,55700,5570,11140,38990,Nissan,Maxima,2014,N,,,,,,,,WS1 4HS,West Midlands,2023-01-03,,,2.0,32.2,11.5
264,47,687639,2005-03-07,250/500,2000,1181.46,10000000,FEMALE,JD,transport-moving,sleeping,other-relative,0,-67400,2015-02-12,Multi-vehicle Collision,Front Collision,Total Loss,Ambulance,16,4,YES,1,2,YES,62370,5670,5670,51030,Dodge,Neon,2001,N,,,,,,,,WS1 4HS,West Midlands,2024-02-12,600.0,54.0,,,
270,45,497347,2003-08-23,500/1000,500,1187.53,0,FEMALE,PhD,priv-house-serv,yachting,not-in-family,83200,-53300,2015-02-24,Multi-vehicle Collision,Side Collision,Total Loss,Other,23,3,?,0,0,YES,54340,9880,0,44460,Saab,92x,2005,N,,,,,,,,LA14 5DF,North West,2024-02-24,334.0,4.0,2.6,11.4,6.3
310,48,439660,2002-07-11,100/300,1000,845.16,0,FEMALE,Masters,priv-house-serv,base-jumping,other-relative,0,0,2015-02-25,Single Vehicle Collision,Front Collision,Major Damage,Police,21,1,YES,1,0,NO,55170,6130,6130,42910,Audi,A5,2005,Y,OX1 1AA,South East,,,0.2,26.8,6.5,EX8 5DT,South West,2024-02-25,19.0,2.0,21.9,40.1,8.4
143,34,847123,2014-03-19,100/300,500,1442.27,0,MALE,College,priv-house-serv,exercise,wife,67900,0,2015-02-17,Single Vehicle Collision,Front Collision,Minor Damage,Other,10,1,?,2,3,YES,58500,11700,5850,40950,Dodge,RAM,1999,N,GL54 1AA,South West,,,0.0,35.9,13.6,G61 3LF,,2023-02-17,,,12.0,40.5,11.0
146,32,172307,1993-12-06,100/300,2000,1276.43,0,MALE,Associate,priv-house-serv,skydiving,own-child,0,0,2015-02-09,Single Vehicle Collision,Rear Collision,Major Damage,Fire,12,1,?,0,3,?,59940,6660,6660,46620,Honda,CRV,1995,N,GL54 1AA,South West,8.0,0.0,9.6,26.9,10.6,SN11 8UB,South West,2023-02-09,,,0.0,11.3,8.1
102,28,810189,1999-08-29,250/500,500,1075.41,0,MALE,MD,machine-op-inspct,reading,wife,55200,0,2015-02-15,Single Vehicle Collision,Side Collision,Total Loss,Police,6,1,NO,1,0,NO,73400,7340,7340,58720,Dodge,Neon,1996,N,M1 1AE,North West,16.0,0.0,7.3,23.0,15.8,KT22 9AD,South East,2023-02-15,,,0.2,19.5,11.9
61,23,432068,2007-03-09,100/300,500,1111.72,0,MALE,JD,exec-managerial,bungie-jumping,other-relative,54600,0,2015-02-25,Single Vehicle Collision,Side Collision,Major Damage,Fire,6,1,?,1,2,?,41850,4650,4650,32550,Suburu,Legacy,1997,N,NR35 1AA,East of England,,,0.4,27.0,6.8,RM12 4BG,London,2023-02-25,,,0.0,24.5,7.2
255,44,903203,2004-01-03,500/1000,2000,814.96,6000000,FEMALE,PhD,priv-house-serv,chess,not-in-family,68500,0,2015-02-05,Parked Car,?,Trivial Damage,Police,7,1,?,2,2,NO,6400,640,1280,4480,Mercedes,ML350,2005,Y,,,,,,,,WS1 4HS,West Midlands,2023-02-05,,,0.0,19.1,6.0
211,40,253085,1991-04-25,500/1000,1000,1575.86,0,FEMALE,PhD,other-service,sleeping,own-child,0,0,2015-01-12,Vehicle Theft,?,Trivial Damage,Police,3,1,NO,1,1,NO,3190,580,290,2320,Audi,A5,2004,N,,,,,,,,DT6 6SG,South West,2024-01-12,0.0,0.0,0.0,18.2,5.6
61,29,180720,1995-03-14,250/500,1000,1115.27,0,MALE,JD,handlers-cleaners,polo,unmarried,0,-66000,2015-01-01,Parked Car,?,Trivial Damage,,10,1,YES,2,1,YES,5900,590,590,4720,Nissan,Pathfinder,2010,N,,,,,,,,IM4 7JQ,,2024-01-01,,,,,
108,31,492224,2005-12-09,500/1000,2000,1175.7,0,MALE,Masters,protective-serv,yachting,not-in-family,0,0,2015-02-19,Single Vehicle Collision,Rear Collision,Total Loss,Fire,14,1,NO,0,2,NO,57330,6370,6370,44590,Dodge,Neon,2006,N,,,,,,,,BT56 8FW,,2024-02-19,41.0,1.0,1.2,22.7,11.3
303,50,411477,2001-12-25,100/300,500,793.15,0,MALE,MD,tech-support,board-games,own-child,54600,-45500,2015-01-14,Multi-vehicle Collision,Front Collision,Total Loss,Other,17,3,NO,0,3,NO,81960,13660,13660,54640,Dodge,Neon,2008,N,CF10 1AA,,,,24.4,37.9,11.7,NG34 8NE,East Midlands,2023-01-14,,,8.7,36.4,11.3
152,33,107181,1999-11-14,250/500,500,942.51,0,FEMALE,PhD,transport-moving,exercise,wife,0,0,2015-01-30,Single Vehicle Collision,Side Collision,Major Damage,Fire,16,1,YES,0,0,?,70400,6400,19200,44800,Suburu,Legacy,2001,Y,,,,,,,,G11 5HD,,2023-01-30,,,0.4,31.7,7.9
120,34,312940,2001-10-27,500/1000,1000,1056.71,0,FEMALE,JD,protective-serv,paintball,not-in-family,77900,0,2015-01-20,Parked Car,?,Minor Damage,,3,1,NO,2,1,?,3770,580,580,2610,Jeep,Grand Cherokee,2002,N,GL54 1AA,South West,,,0.0,21.9,4.4,TW3 1GN,London,2024-01-20,688.0,43.0,0.0,26.1,5.2
144,36,855186,1993-10-31,500/1000,2000,1255.68,6000000,FEMALE,Associate,sales,reading,other-relative,23600,-15600,2015-02-18,Parked Car,?,Minor Damage,,7,1,NO,0,0,?,7400,740,1480,5180,Dodge,Neon,2014,N,,,,,,,,DT6 6SG,South West,2023-02-18,,,0.5,25.3,12.2
414,52,373935,2003-02-13,500/1000,500,1335.13,0,FEMALE,High School,farming-fishing,chess,unmarried,44000,-71000,2015-01-07,Single Vehicle Collision,Rear Collision,Total Loss,Police,13,1,YES,1,1,?,54810,6090,6090,42630,Chevrolet,Silverado,1999,Y,,,,,,,,WS1 4HS,West Midlands,2023-01-07,,,12.0,36.5,10.7
163,37,812989,2004-03-06,250/500,500,1178.95,6000000,FEMALE,JD,priv-house-serv,dancing,own-child,0,-67300,2015-01-16,Single Vehicle Collision,Rear Collision,Total Loss,Fire,20,1,YES,2,3,YES,49400,4940,9880,34580,Jeep,Wrangler,2005,N,S1 1AA,Yorkshire and The Humber,1118.0,66.0,0.0,26.0,2.9,DT2 0GA,South West,2023-01-16,,,21.7,41.8,4.3
352,53,993840,2013-07-12,250/500,500,1793.16,0,MALE,Associate,tech-support,exercise,wife,0,0,2015-01-15,Single Vehicle Collision,Front Collision,Minor Damage,Fire,23,1,YES,2,2,NO,68750,12500,6250,50000,Chevrolet,Malibu,2009,N,,,,,,,,ML9 2SA,,2023-01-15,,,6.8,39.4,4.2
27,32,327856,2014-08-27,100/300,500,1008.38,0,FEMALE,PhD,adm-clerical,yachting,other-relative,37900,0,2015-02-01,Single Vehicle Collision,Front Collision,Total Loss,Ambulance,11,1,NO,1,0,?,61500,12300,6150,43050,Dodge,Neon,2013,N,BN1 1AA,South East,1277.0,44.0,0.1,29.3,10.1,LA14 5DF,North West,2024-02-01,334.0,4.0,0.2,30.3,7.6
239,39,506333,1990-06-22,100/300,500,1396.83,0,FEMALE,Masters,other-service,reading,husband,0,0,2015-01-06,Multi-vehicle Collision,Rear Collision,Major Damage,Ambulance,0,4,?,0,3,NO,76890,6990,13980,55920,BMW,X6,2007,N,S1 1AA,Yorkshire and The Humber,1118.0,66.0,0.2,13.5,5.1,PL13 1ET,South West,2024-01-06,35.0,0.0,0.0,19.9,8.2
33,32,263159,2008-03-07,100/300,500,1402.78,5000000,FEMALE,PhD,other-service,base-jumping,husband,70300,-50300,2015-02-02,Single Vehicle Collision,Rear Collision,Minor Damage,Ambulance,2,1,YES,0,1,?,56070,6230,12460,37380,Toyota,Camry,2012,N,,,,,,,,LU7 2QH,East of England,2024-02-02,85.0,8.0,0.0,31.1,11.2
88,30,372912,1992-08-05,100/300,1000,1437.88,0,FEMALE,College,transport-moving,reading,husband,42800,-51200,2015-02-25,Single Vehicle Collision,Side Collision,Total Loss,Fire,3,1,NO,2,0,YES,56000,14000,0,42000,Chevrolet,Malibu,2003,N,,,,,,,,TW3 1GN,London,2024-02-25,713.0,34.0,3.1,32.2,8.8
101,33,552788,1991-09-03,500/1000,1000,1313.64,0,FEMALE,College,priv-house-serv,board-games,unmarried,12100,0,2015-02-10,Parked Car,?,Trivial Damage,,3,1,YES,1,0,NO,4290,780,390,3120,Audi,A3,1997,N,M1 1AE,North West,,,0.0,18.0,10.1,ME9 8WL,South East,2024-02-10,27.0,0.0,6.1,20.8,11.1
20,37,722747,2011-09-02,250/500,500,1482.14,0,FEMALE,Associate,transport-moving,reading,husband,33000,-43600,2015-02-22,Multi-vehicle Collision,Rear Collision,Total Loss,Other,15,3,?,2,1,NO,60750,6750,6750,47250,Suburu,Forrestor,2003,N,,,,,,,,EX8 5DT,South West,2024-02-22,19.0,2.0,12.7,42.6,10.4
126,30,248467,2012-10-06,250/500,2000,1171.75,0,FEMALE,Associate,machine-op-inspct,board-games,not-in-family,46500,-42700,2015-01-31,Single Vehicle Collision,Side Collision,Minor Damage,Other,23,1,?,2,3,NO,48730,4430,4430,39870,Chevrolet,Malibu,2011,N,M1 1AE,North West,16.0,1.0,5.9,32.2,9.8,NR18 9AN,East of England,2023-01-31,,,0.0,30.9,10.9
264,43,955953,2014-01-18,500/1000,2000,1353.33,0,MALE,Associate,adm-clerical,video-games,not-in-family,0,-8500,2015-02-12,Multi-vehicle Collision,Front Collision,Minor Damage,Police,9,3,YES,2,0,NO,95150,17300,17300,60550,Ford,Escape,2007,N,S1 1AA,Yorkshire and The Humber,,,0.0,13.0,8.9,ME9 8WL,South East,2023-02-12,,,0.2,12.1,8.7
78,24,910622,1992-03-22,100/300,500,1175.51,0,MALE,Masters,craft-repair,yachting,husband,0,0,2015-01-06,Vehicle Theft,?,Minor Damage,Police,20,1,?,0,1,YES,7480,680,680,6120,Dodge,Neon,2003,N,,,,,,,,LU2 7LL,East of England,2023-01-06,,,2.3,32.3,11.1
123,28,137675,2012-12-03,100/300,2000,1836.02,0,MALE,Masters,transport-moving,movies,own-child,38000,-41200,2015-01-01,Single Vehicle Collision,Side Collision,Major Damage,Ambulance,5,1,?,2,1,YES,79800,13300,6650,59850,Volkswagen,Passat,2011,Y,,,,,,,,DT6 6SG,South West,2024-01-01,0.0,0.0,14.3,42.3,12.6
347,51,343421,1996-10-18,500/1000,500,1480.79,9000000,FEMALE,MD,priv-house-serv,board-games,unmarried,0,-12100,2015-01-07,Single Vehicle Collision,Side Collision,Total Loss,Other,15,1,YES,0,2,?,103560,8630,17260,77670,Jeep,Wrangler,1997,N,YO61 1AA,Yorkshire and The Humber,,,5.7,36.1,11.7,DT2 0GA,South West,2024-01-07,1.0,0.0,0.0,23.1,3.6
163,38,413192,1997-10-02,500/1000,2000,1453.92,0,FEMALE,PhD,other-service,yachting,other-relative,51700,0,2015-02-21,Single Vehicle Collision,Side Collision,Minor Damage,Ambulance,13,1,YES,2,3,?,79500,15900,7950,55650,Accura,MDX,1995,N,NG1 1AA,East Midlands,,,0.0,19.2,10.6,WR11 3JT,West Midlands,2023-02-21,,,4.8,14.1,10.2
271,44,247801,2008-03-18,250/500,500,1340.71,0,FEMALE,High School,tech-support,base-jumping,other-relative,0,0,2015-02-14,Single Vehicle Collision,Rear Collision,Minor Damage,Other,16,1,NO,2,2,NO,76230,6930,13860,55440,Volkswagen,Passat,1997,Y,CF10 1AA,,,,0.0,11.7,12.0,IM4 7JQ,,2023-02-14,,,,,
410,54,171147,2010-08-29,100/300,2000,714.03,0,MALE,MD,protective-serv,board-games,own-child,0,-17000,2015-02-16,Single Vehicle Collision,Side Collision,Minor Damage,Ambulance,0,1,YES,0,2,NO,59520,9920,9920,39680,Honda,Accord,2001,N,,,,,,,,WS1 4HS,West Midlands,2023-02-16,,,0.5,24.1,11.8
448,57,431283,2005-03-31,100/300,2000,1376.16,0,FEMALE,PhD,tech-support,hiking,own-child,38600,-50300,2015-02-04,Multi-vehicle Collision,Front Collision,Major Damage,Police,10,3,NO,2,1,?,47760,5970,5970,35820,Suburu,Impreza,2013,Y,GL54 1AA,South West,,,0.0,17.1,8.4,EX8 5DT,South West,2023-02-04,,,0.2,15.3,10.0
218,41,461962,2013-12-25,100/300,500,914.22,0,MALE,JD,prof-specialty,golf,wife,37900,-72900,2015-01-22,Multi-vehicle Collision,Side Collision,Total Loss,Police,14,3,NO,2,0,NO,84590,15380,7690,61520,Saab,93,2013,N,SW1A 1AA,London,4960.0,187.0,6.0,50.1,12.4,KT22 9AD,South East,2024-01-22,105.0,8.0,5.4,49.2,11.8
43,38,149467,2014-03-11,500/1000,1000,1601.47,0,MALE,PhD,handlers-cleaners,skydiving,other-relative,64400,0,2015-02-15,Multi-vehicle Collision,Front Collision,Total Loss,Other,1,3,YES,2,2,?,61650,6850,6850,47950,Nissan,Ultima,2006,N,,,,,,,,BT63 5JA,,2023-02-15,,,1.9,27.9,9.7
33,33,758740,1997-08-04,500/1000,1000,1096.79,6000000,FEMALE,Associate,handlers-cleaners,dancing,unmarried,45500,-60600,2015-01-07,Single Vehicle Collision,Rear Collision,Major Damage,Police,16,1,?,2,1,?,81400,8140,8140,65120,BMW,M5,1998,N,,,,,,,,IM4 7JQ,,2024-01-07,,,,,
126,34,628337,2007-11-14,100/300,2000,1078.22,0,FEMALE,Masters,transport-moving,camping,wife,54500,0,2015-02-23,Multi-vehicle Collision,Side Collision,Major Damage,Fire,2,3,NO,0,1,YES,58410,10620,5310,42480,Chevrolet,Tahoe,2007,N,YO61 1AA,Yorkshire and The Humber,0.0,0.0,0.1,24.9,7.5,KT22 9AD,South East,2023-02-23,,,0.7,25.3,7.7
411,56,574637,1992-07-30,250/500,1000,1595.28,0,FEMALE,College,protective-serv,exercise,other-relative,0,0,2015-01-06,Multi-vehicle Collision,Side Collision,Major Damage,Ambulance,23,3,?,0,0,?,38610,3510,3510,31590,Volkswagen,Passat,2007,N,S1 1AA,Yorkshire and The Humber,1118.0,66.0,0.2,13.5,5.1,DE56 2JB,East Midlands,2023-01-06,,,4.0,33.7,10.9
225,37,373600,2000-12-01,100/300,1000,1217.84,5000000,FEMALE,High School,farming-fishing,yachting,not-in-family,49600,0,2015-02-07,Multi-vehicle Collision,Front Collision,Minor Damage,Fire,19,3,?,2,2,NO,57600,9600,9600,38400,Volkswagen,Passat,2015,N,BN1 1AA,South East,1277.0,44.0,12.2,43.7,10.5,SN11 8UB,South West,2023-02-07,,,0.0,8.1,7.2
35,35,930032,2002-09-10,100/300,2000,1117.42,0,FEMALE,PhD,protective-serv,kayaking,not-in-family,0,-51900,2015-02-14,Multi-vehicle Collision,Side Collision,Minor Damage,Fire,23,3,NO,2,2,NO,53190,5910,11820,35460,Volkswagen,Jetta,1996,N,GL54 1AA,South West,8.0,0.0,2.7,24.6,12.8,WS1 4HS,West Midlands,2024-02-14,600.0,54.0,0.5,23.2,13.1
460,57,396590,1997-11-07,100/300,2000,1567.37,0,FEMALE,JD,craft-repair,skydiving,husband,62500,0,2015-02-15,Single Vehicle Collision,Front Collision,Major Damage,Other,10,1,?,2,3,NO,58300,5830,11660,40810,Nissan,Maxima,2014,Y,,,,,,,,KT22 9AD,South East,2023-02-15,,,0.2,19.5,11.9
195,38,238412,1993-05-18,500/1000,2000,1294.93,6000000,MALE,MD,tech-support,video-games,unmarried,38000,-50300,2015-02-14,Multi-vehicle Collision,Front Collision,Minor Damage,Ambulance,12,3,YES,1,2,NO,64620,7180,0,57440,Dodge,Neon,2003,N,NG1 1AA,East Midlands,,,0.0,13.8,10.7,BT56 8FW,,2023-02-14,,,,,
360,51,484321,1996-07-11,250/500,1000,1152.12,0,MALE,PhD,armed-forces,hiking,not-in-family,0,-62400,2015-02-05,Multi-vehicle Collision,Side Collision,Total Loss,Ambulance,15,3,NO,2,0,YES,90480,15080,15080,60320,BMW,X6,2000,N,S1 1AA,Yorkshire and The Humber,,,0.0,18.7,7.0,WS1 4HS,West Midlands,2024-02-05,600.0,54.0,0.1,33.4,10.5
300,49,795847,1995-12-17,100/300,1000,1441.21,0,FEMALE,PhD,farming-fishing,kayaking,wife,0,0,2015-01-04,Vehicle Theft,?,Trivial Damage,,3,1,NO,1,0,NO,7080,1180,1180,4720,Nissan,Maxima,2001,N,CF10 1AA,,1223.0,92.0,2.0,20.8,8.2,LS14 3HF,Yorkshire and The Humber,2024-01-04,23.0,0.0,2.0,18.5,7.5
245,42,218456,2002-07-16,500/1000,1000,1575.74,7000000,MALE,JD,exec-managerial,chess,other-relative,0,-68900,2015-02-20,Parked Car,?,Minor Damage,Police,19,1,?,2,2,?,6490,590,1180,4720,Toyota,Camry,2011,Y,CF10 1AA,,1138.0,89.0,1.7,28.5,11.8,LS14 3HF,Yorkshire and The Humber,2023-02-20,,,0.0,44.4,12.2
146,36,792673,2013-04-12,500/1000,2000,1233.96,0,FEMALE,Masters,other-service,golf,other-relative,34500,-60600,2015-02-05,Multi-vehicle Collision,Side Collision,Total Loss,Police,16,3,NO,1,1,NO,55900,5590,5590,44720,Nissan,Ultima,2015,N,,,,,,,,KY15 7BA,,2023-02-05,,,0.0,14.3,6.1
67,29,662256,1995-11-13,250/500,1000,1861.43,0,MALE,High School,adm-clerical,polo,husband,60400,-67800,2015-01-15,Single Vehicle Collision,Rear Collision,Major Damage,Other,16,1,NO,0,3,YES,63800,6380,6380,51040,Saab,92x,1998,Y,,,,,,,,M24 2GB,North West,2023-01-15,,,5.3,29.8,7.0
380,56,971338,2004-11-04,100/300,1000,1570.86,0,MALE,MD,farming-fishing,cross-fit,other-relative,66000,0,2015-01-05,Single Vehicle Collision,Side Collision,Total Loss,Police,10,1,?,0,1,YES,58160,7270,7270,43620,Saab,95,1996,Y,,,,,,,,PO19 6EU,South East,2024-01-05,254.0,3.0,4.0,32.9,7.1
389,53,714738,1998-03-21,500/1000,2000,791.47,0,MALE,Masters,armed-forces,chess,unmarried,0,0,2015-01-01,Vehicle Theft,?,Minor Damage,Police,6,1,NO,1,2,NO,6300,630,1260,4410,Mercedes,C300,2001,Y,,,,,,,,LA14 5DF,North West,2023-01-01,,,19.4,34.8,7.7
317,46,753844,1999-07-22,250/500,1000,1012.78,0,MALE,MD,sales,yachting,other-relative,43700,0,2015-01-26,Single Vehicle Collision,Front Collision,Major Damage,Fire,18,1,NO,2,1,NO,104610,19020,19020,66570,Mercedes,ML350,1999,Y,,,,,,,,LU7 2QH,East of England,2024-01-26,84.0,3.0,1.3,36.6,11.8
264,44,976645,2010-02-28,100/300,500,1047.06,6000000,MALE,College,exec-managerial,sleeping,wife,0,0,2015-02-13,Multi-vehicle Collision,Rear Collision,Major Damage,Fire,20,3,NO,0,2,NO,69850,12700,6350,50800,Ford,Fusion,1999,N,,,,,,,,KY15 7BA,,2023-02-13,,,0.0,8.1,7.7
20,21,918037,2005-01-30,250/500,1000,1390.29,0,FEMALE,Masters,priv-house-serv,polo,other-relative,0,-41200,2015-01-14,Single Vehicle Collision,Rear Collision,Minor Damage,Fire,14,1,NO,0,0,?,62900,12580,6290,44030,Accura,MDX,2006,N,,,,,,,,RM12 4BG,London,2023-01-14,,,10.4,38.0,12.0
116,30,996253,2001-11-29,500/1000,500,951.46,0,MALE,JD,handlers-cleaners,golf,not-in-family,0,-35500,2015-01-31,Multi-vehicle Collision,Front Collision,Major Damage,Other,8,3,NO,0,3,?,59670,6630,6630,46410,Volkswagen,Passat,2004,Y,,,,,,,,LL30 3PD,,2023-01-31,,,0.4,27.5,9.2
222,40,373731,2012-12-24,100/300,1000,1226.78,0,MALE,JD,armed-forces,camping,unmarried,49600,-49200,2015-01-22,Multi-vehicle Collision,Rear Collision,Minor Damage,Other,17,2,YES,2,0,?,81500,16300,8150,57050,BMW,3 Series,2013,N,,,,,,,,LU7 2QH,East of England,2023-01-22,,,0.0,8.4,2.7
439,56,836272,1997-05-11,100/300,500,1280.9,0,MALE,High School,armed-forces,video-games,own-child,48900,-40900,2015-01-30,Single Vehicle Collision,Rear Collision,Minor Damage,Ambulance,9,1,NO,2,0,?,50000,15000,5000,30000,Jeep,Wrangler,2009,N,,,,,,,,KT22 9AD,South East,2023-01-30,,,0.0,22.2,8.3
66,28,167231,1994-01-26,100/300,2000,1472.77,0,MALE,Associate,adm-clerical,exercise,husband,0,-31700,2015-02-17,Single Vehicle Collision,Front Collision,Total Loss,Other,0,1,?,2,1,?,48290,8780,8780,30730,Nissan,Maxima,1995,N,,,,,,,,NE9 7EY,North East,2023-02-17,,,2.4,50.0,13.4
128,29,743330,2010-11-04,500/1000,1000,1878.44,0,MALE,High School,other-service,golf,husband,0,-76000,2015-02-20,Single Vehicle Collision,Rear Collision,Total Loss,Fire,2,1,NO,0,0,?,59070,5370,5370,48330,Chevrolet,Malibu,2003,N,,,,,,,,ME9 8WL,South East,2024-02-20,27.0,0.0,0.0,32.0,10.9
69,24,807369,1992-06-19,500/1000,500,1418.5,0,FEMALE,High School,armed-forces,yachting,other-relative,0,0,2015-02-04,Multi-vehicle Collision,Rear Collision,Minor Damage,Police,23,3,?,0,0,NO,63300,12660,6330,44310,Dodge,RAM,2012,N,,,,,,,,G11 5HD,,2023-02-04,,,2.7,28.4,9.4
294,46,735307,2010-06-02,100/300,500,1532.8,0,MALE,College,prof-specialty,exercise,own-child,0,0,2015-02-23,Single Vehicle Collision,Side Collision,Total Loss,Other,8,1,NO,0,3,YES,65780,11960,11960,41860,Mercedes,ML350,2013,N,BN1 1AA,South East,,,0.1,26.9,8.8,RM12 4BG,London,2023-02-23,,,1.0,21.5,8.1
19,29,789208,2002-10-12,250/500,500,1304.35,0,MALE,JD,transport-moving,cross-fit,not-in-family,0,0,2015-02-08,Multi-vehicle Collision,Front Collision,Total Loss,Ambulance,6,3,NO,0,2,?,75400,11600,11600,52200,Dodge,Neon,2005,Y,,,,,,,,KY15 7BA,,2023-02-08,,,2.7,37.5,8.8
191,33,585324,2008-02-25,500/1000,2000,1551.61,0,MALE,High School,armed-forces,movies,unmarried,45000,-30400,2015-02-21,Vehicle Theft,?,Minor Damage,,3,1,YES,1,1,NO,2250,250,250,1750,Toyota,Corolla,2005,N,BN1 1AA,South East,,,0.1,14.2,9.2,WR11 3JT,West Midlands,2023-02-21,,,4.8,14.1,10.2
4,39,498759,1996-09-05,100/300,1000,1326.98,6000000,FEMALE,High School,machine-op-inspct,reading,unmarried,64200,0,2015-01-13,Multi-vehicle Collision,Front Collision,Minor Damage,Ambulance,14,3,YES,1,3,?,54120,4510,9020,40590,Jeep,Grand Cherokee,2007,N,,,,,,,,NG34 8NE,East Midlands,2024-01-13,2.0,0.0,0.0,14.8,6.8
298,49,795004,1998-03-16,250/500,500,862.92,0,MALE,MD,machine-op-inspct,camping,wife,0,-71700,2015-01-17,Multi-vehicle Collision,Side Collision,Major Damage,Other,16,3,NO,0,2,NO,69480,11580,11580,46320,Saab,95,2007,N,,,,,,,,LS14 3HF,Yorkshire and The Humber,2024-01-17,23.0,0.0,0.4,17.5,1.9
231,43,203250,2010-04-22,100/300,2000,1331.69,0,FEMALE,Masters,adm-clerical,reading,not-in-family,0,0,2015-02-18,Single Vehicle Collision,Rear Collision,Minor Damage,Police,12,1,?,1,2,NO,66950,10300,10300,46350,Chevrolet,Malibu,2015,N,,,,,,,,LS14 3HF,Yorkshire and The Humber,2023-02-18,,,2.5,44.6,12.1
338,47,430794,2008-01-25,250/500,2000,1486.04,0,FEMALE,Associate,armed-forces,board-games,own-child,0,-56200,2015-01-14,Multi-vehicle Collision,Rear Collision,Major Damage,Other,1,3,NO,2,3,?,64100,12820,6410,44870,Dodge,RAM,2014,Y,OX1 1AA,South East,363.0,6.0,0.2,17.1,5.9,TA6 4ET,South West,2024-01-14,154.0,5.0,0.0,17.8,6.5
261,46,156636,2000-09-10,100/300,1000,870.55,0,MALE,PhD,prof-specialty,camping,unmarried,0,-49400,2015-01-27,Single Vehicle Collision,Rear Collision,Minor Damage,Other,19,1,?,0,3,?,80280,13380,13380,53520,Chevrolet,Tahoe,2013,N,NG1 1AA,East Midlands,1431.0,58.0,,,,LU2 7LL,East of England,2024-01-27,850.0,62.0,0.0,19.6,7.1
321,44,284143,2008-04-23,500/1000,2000,1344.56,6000000,MALE,Associate,machine-op-inspct,hiking,husband,0,-39100,2015-02-12,Vehicle Theft,?,Trivial Damage,Police,7,1,?,1,2,NO,4680,520,0,4160,Accura,MDX,1999,N,,,,,,,,SN11 8UB,South West,2024-02-12,27.0,1.0,0.6,20.1,7.8
0,32,740518,2011-02-18,500/1000,1000,1377.04,0,MALE,College,tech-support,base-jumping,wife,61400,-41100,2015-01-17,Multi-vehicle Collision,Rear Collision,Minor Damage,Ambulance,6,4,?,1,1,NO,39720,6620,6620,26480,Accura,MDX,2002,N,S1 1AA,Yorkshire and The Humber,,,0.0,19.5,2.2,NE9 7EY,North East,2023-01-17,,,0.0,23.1,1.0
405,58,445289,2012-04-24,250/500,500,1237.88,0,MALE,MD,exec-managerial,exercise,not-in-family,0,-46900,2015-01-13,Single Vehicle Collision,Front Collision,Major Damage,Police,11,1,?,0,0,?,63580,5780,5780,52020,Mercedes,ML350,1997,Y,,,,,,,,PL13 1ET,South West,2023-01-13,,,0.6,38.2,10.1
304,49,599262,2001-09-25,100/300,1000,1525.86,0,FEMALE,PhD,craft-repair,camping,own-child,0,0,2015-01-21,Single Vehicle Collision,Side Collision,Minor Damage,Other,2,1,YES,1,1,YES,73370,13340,6670,53360,Saab,95,2013,N,,,,,,,,NR18 9AN,East of England,2024-01-21,54.0,3.0,0.9,51.9,11.4
1,29,357949,2006-05-24,500/1000,500,854.58,0,FEMALE,JD,craft-repair,paintball,other-relative,52200,0,2015-01-01,Single Vehicle Collision,Side Collision,Minor Damage,Police,15,1,?,2,3,YES,86790,7890,23670,55230,Honda,CRV,2003,N,BN1 1AA,South East,1309.0,46.0,11.1,42.1,11.0,BT56 8FW,,2023-01-01,,,3.6,16.5,5.5
26,39,493161,1992-01-30,250/500,1000,770.76,0,MALE,Masters,tech-support,sleeping,husband,0,-53700,2015-02-18,Single Vehicle Collision,Side Collision,Major Damage,Police,0,1,NO,0,2,?,49800,9960,4980,34860,Mercedes,ML350,2015,N,NG1 1AA,East Midlands,1359.0,24.0,12.3,23.5,12.6,RM12 4BG,London,2024-02-18,420.0,26.0,15.5,24.6,14.7
202,38,320251,2009-01-24,100/300,2000,1132.74,0,FEMALE,Associate,armed-forces,exercise,husband,0,-37500,2015-02-04,Single Vehicle Collision,Side Collision,Major Damage,Other,12,1,YES,1,1,NO,77440,7040,14080,56320,Nissan,Ultima,2005,N,,,,,,,,G61 3LF,,2024-02-04,0.0,0.0,18.5,33.9,9.3
289,48,231127,1995-08-29,500/1000,500,1173.37,8000000,FEMALE,PhD,handlers-cleaners,board-games,own-child,0,-42700,2015-01-09,Single Vehicle Collision,Front Collision,Total Loss,Other,1,1,?,1,0,?,42900,8580,0,34320,Accura,TL,1999,N,S1 1AA,Yorkshire and The Humber,1118.0,66.0,0.1,26.2,3.7,LL30 3PD,,2023-01-09,,,1.7,29.1,7.3
61,26,766193,2011-07-31,100/300,2000,1188.28,6000000,FEMALE,JD,farming-fishing,skydiving,wife,0,-53800,2015-02-14,Multi-vehicle Collision,Rear Collision,Major Damage,Fire,16,2,YES,1,0,NO,53820,11960,5980,35880,Ford,F150,2015,Y,,,,,,,,ME9 8WL,South East,2023-02-14,,,0.0,12.7,11.8
334,46,555374,2013-01-05,100/300,1000,876.88,6000000,MALE,MD,sales,reading,other-relative,0,0,2015-01-03,Single Vehicle Collision,Rear Collision,Minor Damage,Police,2,1,NO,2,1,NO,57330,12740,6370,38220,Jeep,Grand Cherokee,1998,N,,,,,,,,DT2 0GA,South West,2024-01-03,1.0,0.0,4.4,27.0,9.2
12,24,491484,1994-11-18,500/1000,1000,1143.95,0,FEMALE,PhD,tech-support,paintball,other-relative,51400,0,2015-02-04,Multi-vehicle Collision,Rear Collision,Minor Damage,Police,13,3,NO,2,1,?,53370,5930,5930,41510,Nissan,Ultima,2011,N,NG1 1AA,East Midlands,1359.0,24.0,0.7,30.9,12.1,BT63 5JA,,2023-02-04,,,0.8,21.4,10.2
86,29,925128,2014-08-30,100/300,2000,1409.06,0,MALE,High School,prof-specialty,yachting,husband,74200,-68100,2015-01-30,Single Vehicle Collision,Front Collision,Minor Damage,Police,0,1,NO,2,2,YES,62920,9680,14520,38720,Accura,MDX,2005,N,,,,,,,,NR18 9AN,East of England,2023-01-30,,,0.1,30.1,8.8
83,24,265093,2006-01-01,500/1000,1000,1070.63,0,FEMALE,High School,machine-op-inspct,board-games,unmarried,0,0,2015-02-20,Multi-vehicle Collision,Front Collision,Total Loss,Fire,0,3,?,0,1,NO,61600,6160,12320,43120,Honda,CRV,2003,N,,,,,,,,RM12 4BG,London,2023-02-20,,,0.1,26.7,12.5
126,30,267808,1998-09-10,500/1000,2000,916.13,0,MALE,College,sales,golf,unmarried,55300,-58400,2015-01-07,Multi-vehicle Collision,Rear Collision,Total Loss,Police,16,3,YES,2,0,NO,74160,6180,12360,55620,Mercedes,E400,2002,N,YO61 1AA,Yorkshire and The Humber,1.0,0.0,0.0,7.9,4.2,LS14 3HF,Yorkshire and The Humber,2023-01-07,,,5.4,35.9,11.6
209,38,116735,2010-01-28,250/500,500,1191.5,0,MALE,High School,priv-house-serv,reading,husband,38600,-52900,2015-01-31,Single Vehicle Collision,Rear Collision,Total Loss,Police,8,1,NO,2,0,?,80100,8900,8900,62300,Audi,A3,2015,N,,,,,,,,M24 2GB,North West,2024-01-31,0.0,0.0,6.9,33.2,9.2
283,48,963680,2003-01-04,500/1000,1000,1474.66,0,FEMALE,JD,sales,paintball,husband,0,-46200,2015-02-17,Parked Car,?,Trivial Damage,Police,9,1,?,2,3,NO,6560,820,820,4920,Volkswagen,Jetta,2003,N,YO61 1AA,Yorkshire and The Humber,0.0,0.0,4.4,23.5,13.1,ML9 2SA,,2024-02-17,1.0,0.0,4.1,22.7,10.2
194,34,445694,2004-05-24,250/500,1000,1193.45,0,MALE,JD,other-service,hiking,not-in-family,0,0,2015-01-24,Single Vehicle Collision,Rear Collision,Total Loss,Ambulance,11,1,?,2,1,YES,58800,11760,5880,41160,Nissan,Pathfinder,1997,N,,,,,,,,RM12 4BG,London,2023-01-24,,,0.0,8.9,5.2
184,38,215534,1994-09-12,250/500,1000,1437.53,0,FEMALE,College,transport-moving,chess,not-in-family,0,0,2015-02-02,Multi-vehicle Collision,Side Collision,Minor Damage,Ambulance,6,3,?,0,2,NO,53730,11940,5970,35820,Dodge,RAM,2013,Y,SW1A 1AA,London,5183.0,187.0,0.0,31.8,12.6,BT63 5JA,,2023-02-02,,,0.2,23.9,10.5
479,60,232854,1997-07-07,100/300,2000,1304.83,0,FEMALE,College,other-service,cross-fit,husband,0,0,2015-01-09,Single Vehicle Collision,Rear Collision,Total Loss,Ambulance,18,1,NO,0,0,NO,60600,5050,10100,45450,Honda,Civic,2001,N,,,,,,,,M24 2GB,North West,2023-01-09,,,6.7,29.5,6.4
284,48,168260,1991-03-01,250/500,1000,1168.8,0,FEMALE,JD,tech-support,movies,other-relative,0,-42400,2015-02-28,Single Vehicle Collision,Side Collision,Total Loss,Other,11,1,?,0,3,YES,35750,6500,3250,26000,Mercedes,E400,2001,N,SW1A 1AA,London,5183.0,187.0,1.3,25.1,10.8,PL13 1ET,South West,2024-02-28,29.0,0.0,2.2,29.3,11.0
65,27,538955,2001-09-29,100/300,1000,1164.97,0,FEMALE,College,adm-clerical,exercise,wife,43000,-42500,2015-01-17,Single Vehicle Collision,Front Collision,Total Loss,Ambulance,17,1,?,1,2,YES,42840,3570,7140,32130,Chevrolet,Silverado,2004,N,,,,,,,,BT56 8FW,,2023-01-17,,,5.9,21.7,2.8
222,39,243226,2012-01-10,250/500,1000,1232.72,0,MALE,High School,armed-forces,hiking,own-child,87800,-51200,2015-02-09,Multi-vehicle Collision,Front Collision,Major Damage,Fire,21,3,?,1,0,NO,87960,14660,14660,58640,Jeep,Wrangler,1999,Y,,,,,,,,BT56 8FW,,2023-02-09,,,0.0,20.5,8.3
196,41,246435,2001-07-05,250/500,2000,1800.76,0,MALE,JD,protective-serv,camping,other-relative,0,-78600,2015-01-14,Multi-vehicle Collision,Rear Collision,Minor Damage,Ambulance,0,3,NO,1,0,NO,47800,4780,4780,38240,Jeep,Grand Cherokee,2009,N,,,,,,,,KY15 7BA,,2023-01-14,,,14.3,34.9,5.9
253,43,582480,1991-08-07,500/1000,500,1187.01,7000000,FEMALE,Associate,tech-support,exercise,unmarried,46300,-33000,2015-02-02,Vehicle Theft,?,Trivial Damage,Police,9,1,NO,0,1,?,3840,640,640,2560,Chevrolet,Tahoe,2014,N,,,,,,,,LA14 5DF,North West,2024-02-02,334.0,4.0,1.2,38.4,9.9
280,43,345539,2012-07-24,100/300,1000,1559.34,0,MALE,JD,transport-moving,hiking,own-child,0,-51600,2015-02-17,Single Vehicle Collision,Front Collision,Total Loss,Fire,1,1,NO,0,2,?,77000,14000,7000,56000,Accura,RSX,2004,N,NG1 1AA,East Midlands,1359.0,24.0,7.3,25.2,13.3,TA6 4ET,South West,2024-02-17,162.0,3.0,5.0,27.1,13.8
5,26,924318,2014-07-27,250/500,2000,1137.02,0,FEMALE,PhD,farming-fishing,skydiving,not-in-family,31500,0,2015-01-25,Single Vehicle Collision,Rear Collision,Total Loss,Ambulance,22,1,YES,1,3,?,88110,16020,16020,56070,Audi,A5,2003,N,,,,,,,,EX8 5DT,South West,2024-01-25,16.0,0.0,0.5,29.0,12.1
220,42,726880,1994-08-08,100/300,1000,1281.72,0,MALE,College,farming-fishing,hiking,other-relative,33500,-49500,2015-02-13,Multi-vehicle Collision,Rear Collision,Minor Damage,Fire,20,4,NO,0,2,YES,47740,4340,4340,39060,Honda,Civic,2005,N,,,,,,,,DE56 2JB,East Midlands,2024-02-13,9.0,0.0,4.6,24.5,8.1
85,30,190588,2001-12-09,100/300,1000,796.35,0,FEMALE,MD,craft-repair,video-games,own-child,72400,-77000,2015-02-20,Multi-vehicle Collision,Rear Collision,Total Loss,Fire,9,3,YES,2,1,YES,58960,5360,10720,42880,Ford,F150,2004,N,,,,,,,,BT63 5JA,,2024-02-20,120.0,1.0,0.7,23.5,12.1
266,46,246705,1990-03-14,250/500,500,1270.02,0,FEMALE,Associate,tech-support,skydiving,own-child,0,-45800,2015-01-08,Parked Car,?,Minor Damage,Police,5,1,NO,1,2,?,2160,480,240,1440,Toyota,Corolla,2004,N,,,,,,,,WR11 3JT,West Midlands,2023-01-08,,,2.7,30.8,8.2
41,26,619589,2006-03-28,100/300,1000,1383.13,0,FEMALE,JD,prof-specialty,exercise,own-child,46700,0,2015-02-28,Vehicle Theft,?,Trivial Damage,Police,12,1,YES,1,1,?,6890,530,1060,5300,Jeep,Grand Cherokee,1997,N,,,,,,,,NE9 7EY,North East,2024-02-28,144.0,1.0,0.9,26.1,10.4
316,45,164988,2013-12-23,100/300,2000,1290.74,5000000,FEMALE,High School,prof-specialty,kayaking,husband,58300,0,2015-02-12,Multi-vehicle Collision,Side Collision,Major Damage,Ambulance,6,3,NO,2,0,YES,78870,7170,14340,57360,Suburu,Legacy,2013,N,,,,,,,,EX8 5DT,South West,2024-02-12,19.0,2.0,0.0,20.3,9.5
285,47,729534,1991-09-30,100/300,1000,1216.68,0,FEMALE,Masters,sales,basketball,other-relative,55100,0,2015-01-06,Vehicle Theft,?,Trivial Damage,Police,8,1,NO,1,1,NO,2700,300,300,2100,Ford,F150,2013,N,,,,,,,,G11 5HD,,2024-01-06,2.0,0.0,0.0,10.5,2.7
379,54,505014,2001-12-27,100/300,500,1251.16,0,FEMALE,Associate,machine-op-inspct,kayaking,not-in-family,41400,0,2015-02-15,Single Vehicle Collision,Front Collision,Total Loss,Ambulance,14,1,?,0,1,NO,75960,6330,6330,63300,Jeep,Grand Cherokee,2010,N,,,,,,,,NG34 8NE,East Midlands,2024-02-15,6.0,0.0,2.5,22.7,17.3
15,34,920826,2005-04-07,250/500,2000,1586.41,0,FEMALE,High School,sales,video-games,other-relative,33500,-58900,2015-01-20,Single Vehicle Collision,Front Collision,Major Damage,Police,10,1,YES,1,3,?,75570,6870,13740,54960,BMW,X5,2010,Y,,,,,,,,DE56 2JB,East Midlands,2023-01-20,,,0.0,26.6,5.2
354,48,534982,2003-04-08,500/1000,2000,1526.11,5000000,FEMALE,Masters,sales,exercise,unmarried,0,0,2015-01-03,Single Vehicle Collision,Front Collision,Minor Damage,Police,12,1,?,2,3,YES,90240,15040,15040,60160,Chevrolet,Malibu,1995,N,,,,,,,,ME9 8WL,South East,2024-01-03,24.0,0.0,1.0,24.7,10.2
342,53,110408,2005-11-14,100/300,1000,1028.44,0,FEMALE,College,prof-specialty,dancing,not-in-family,0,0,2015-01-26,Single Vehicle Collision,Front Collision,Major Damage,Ambulance,12,1,?,0,0,NO,80960,14720,7360,58880,Accura,MDX,2000,N,NG1 1AA,East Midlands,,,0.0,25.0,7.2,NG34 8NE,East Midlands,2023-01-26,,,0.7,22.7,7.7
169,38,283052,2005-01-07,100/300,1000,1555.94,0,MALE,PhD,craft-repair,skydiving,own-child,23300,0,2015-01-25,Multi-vehicle Collision,Front Collision,Total Loss,Other,12,3,NO,1,3,YES,79080,6590,13180,59310,Mercedes,C300,2012,N,,,,,,,,G11 5HD,,2024-01-25,2.0,0.0,4.0,32.8,11.4
339,49,840806,1994-02-14,500/1000,2000,1570.77,0,MALE,JD,adm-clerical,paintball,not-in-family,98800,-65300,2015-01-18,Vehicle Theft,?,Minor Damage,,13,1,NO,0,3,NO,6820,1240,620,4960,Mercedes,ML350,2009,N,,,,,,,,EX8 5DT,South West,2023-01-18,,,0.3,24.2,5.0
259,42,382394,1996-01-23,100/300,2000,1170.53,0,FEMALE,PhD,armed-forces,sleeping,wife,65000,-49200,2015-01-12,Multi-vehicle Collision,Rear Collision,Total Loss,Fire,17,3,NO,1,2,YES,62590,5690,11380,45520,Nissan,Pathfinder,2006,N,NG1 1AA,East Midlands,,,5.3,40.7,11.8,WR11 3JT,West Midlands,2024-01-12,133.0,5.0,0.0,13.9,6.3
65,23,876699,1999-12-12,250/500,1000,1099.95,0,FEMALE,College,sales,dancing,wife,0,-71900,2015-01-15,Single Vehicle Collision,Side Collision,Major Damage,Other,14,1,NO,1,0,YES,52400,6550,6550,39300,Accura,MDX,2005,Y,,,,,,,,LS14 3HF,Yorkshire and The Humber,2023-01-15,,,1.1,44.0,7.3
254,46,871432,2004-07-15,250/500,2000,1472.43,0,MALE,MD,tech-support,basketball,husband,0,-90600,2015-01-10,Multi-vehicle Collision,Front Collision,Major Damage,Ambulance,3,3,?,1,3,YES,63580,5780,11560,46240,Volkswagen,Jetta,2004,N,,,,,,,,PO19 6EU,South East,2024-01-10,254.0,3.0,0.0,22.8,4.3
440,55,379882,2012-11-07,250/500,500,1275.62,0,FEMALE,Associate,priv-house-serv,reading,other-relative,0,-56200,2015-01-23,Multi-vehicle Collision,Side Collision,Minor Damage,Police,18,3,YES,2,1,NO,61400,6140,6140,49120,Nissan,Ultima,1995,N,NG1 1AA,East Midlands,,,0.0,9.8,4.1,KT22 9AD,South East,2024-01-23,105.0,8.0,2.2,36.0,11.9
478,63,852002,2009-06-29,250/500,1000,1292.3,0,MALE,High School,adm-clerical,paintball,own-child,47600,0,2015-02-21,Parked Car,?,Minor Damage,,5,1,YES,1,3,NO,4700,940,470,3290,Dodge,Neon,2007,Y,BN1 1AA,South East,,,0.1,14.2,9.2,NG34 8NE,East Midlands,2023-02-21,,,0.0,20.2,11.9
230,44,372891,2000-06-26,250/500,2000,1009.37,0,FEMALE,College,prof-specialty,hiking,other-relative,45400,-39400,2015-02-17,Single Vehicle Collision,Front Collision,Total Loss,Fire,19,1,NO,0,2,YES,74140,13480,13480,47180,BMW,X5,2015,N,,,,,,,,BT63 5JA,,2024-02-17,120.0,1.0,5.9,21.5,12.2
138,30,689034,2002-01-09,500/1000,500,1093.07,4000000,FEMALE,PhD,other-service,reading,wife,27700,-72400,2015-01-06,Single Vehicle Collision,Front Collision,Major Damage,Other,0,1,?,2,2,NO,83160,6930,13860,62370,Volkswagen,Jetta,2011,N,,,,,,,,LA14 5DF,North West,2023-01-06,,,2.4,40.3,8.9
239,41,743092,2013-11-11,250/500,1000,1325.44,7000000,FEMALE,JD,farming-fishing,paintball,other-relative,51400,-6300,2015-02-18,Parked Car,?,Trivial Damage,Police,22,1,?,0,2,YES,10790,1660,830,8300,Mercedes,E400,2013,N,M1 1AE,North West,16.0,0.0,13.7,24.2,12.0,EX8 5DT,South West,2023-02-18,,,0.0,24.7,12.4
93,31,599174,2008-01-14,100/300,2000,1017.18,0,FEMALE,MD,prof-specialty,paintball,husband,0,0,2015-02-17,Multi-vehicle Collision,Rear Collision,Major Damage,Police,21,3,YES,1,3,NO,48070,8740,8740,30590,Saab,92x,2014,N,,,,,,,,WR11 3JT,West Midlands,2024-02-17,149.0,5.0,3.2,25.5,13.7
37,25,421092,2003-03-04,100/300,1000,1221.17,0,FEMALE,Masters,protective-serv,golf,not-in-family,49300,0,2015-01-24,Multi-vehicle Collision,Rear Collision,Minor Damage,Ambulance,4,3,YES,0,0,YES,51030,5670,11340,34020,Suburu,Impreza,1996,N,BN1 1AA,South East,,,0.0,16.1,5.2,RM12 4BG,London,2024-01-24,459.0,47.0,0.3,35.5,13.0
254,40,349658,1994-06-07,100/300,500,1927.87,0,MALE,MD,prof-specialty,yachting,husband,0,0,2015-01-21,Single Vehicle Collision,Front Collision,Minor Damage,Fire,10,1,YES,0,1,?,43280,0,5410,37870,Honda,Civic,1996,Y,M1 1AE,North West,,,0.0,14.4,3.9,EX8 5DT,South West,2023-01-21,,,0.0,16.0,6.3
131,29,811042,2013-07-04,250/500,1000,978.27,0,FEMALE,Associate,sales,paintball,own-child,65700,0,2015-02-03,Single Vehicle Collision,Front Collision,Major Damage,Fire,5,1,?,1,3,NO,76400,15280,7640,53480,Suburu,Forrestor,2003,N,YO61 1AA,Yorkshire and The Humber,0.0,0.0,0.4,18.8,11.5,EX8 5DT,South West,2023-02-03,,,0.0,20.3,11.2
230,43,505316,2002-06-30,100/300,2000,1221.14,0,MALE,MD,prof-specialty,board-games,wife,48100,0,2015-01-07,Single Vehicle Collision,Side Collision,Total Loss,Ambulance,13,1,?,0,2,?,75460,13720,13720,48020,Audi,A5,2002,N,NR35 1AA,East of England,30.0,2.0,0.5,21.2,4.5,G11 5HD,,2023-01-07,,,15.3,27.4,9.7
313,50,116645,2004-06-30,100/300,2000,1255.62,0,MALE,MD,armed-forces,polo,unmarried,0,0,2015-02-02,Multi-vehicle Collision,Side Collision,Major Damage,Other,18,3,YES,2,1,YES,69000,13800,6900,48300,Ford,F150,1995,Y,NG1 1AA,East Midlands,1359.0,24.0,0.0,39.5,12.5,G11 5HD,,2024-02-02,5.0,0.0,4.0,34.6,10.9
210,38,950880,1998-12-19,250/500,500,999.52,0,MALE,JD,tech-support,golf,other-relative,0,0,2015-01-13,Vehicle Theft,?,Minor Damage,Police,6,1,?,1,2,NO,8640,1440,720,6480,Accura,TL,2008,N,SW1A 1AA,London,,,0.0,33.9,10.2,ME9 8WL,South East,2024-01-13,24.0,0.0,0.0,11.8,4.0
101,29,788502,2014-08-31,250/500,500,1380.89,0,MALE,PhD,armed-forces,dancing,own-child,30000,-53000,2015-02-28,Multi-vehicle Collision,Rear Collision,Minor Damage,Ambulance,0,3,?,2,1,?,67210,12220,12220,42770,BMW,X6,1996,N,S1 1AA,Yorkshire and The Humber,1104.0,75.0,1.8,27.7,10.3,NE9 7EY,North East,2023-02-28,,,4.2,23.9,7.1
153,37,627486,2005-11-10,500/1000,500,1010.77,0,MALE,High School,transport-moving,basketball,unmarried,52300,-55600,2015-01-16,Multi-vehicle Collision,Side Collision,Total Loss,Ambulance,5,3,?,0,3,NO,42500,4250,4250,34000,Volkswagen,Jetta,1999,N,,,,,,,,KT22 9AD,South East,2023-01-16,,,19.0,28.2,4.4
337,53,498842,2000-05-04,100/300,500,1205.86,0,MALE,Associate,armed-forces,basketball,wife,0,-34600,2015-02-01,Single Vehicle Collision,Rear Collision,Minor Damage,Fire,8,1,YES,0,1,NO,86400,14400,7200,64800,Accura,RSX,2001,N,SW1A 1AA,London,,,0.0,31.1,9.8,BT63 5JA,,2024-02-01,120.0,1.0,0.1,25.4,10.3
360,51,550294,2001-11-26,500/1000,1000,1526.61,0,MALE,Masters,handlers-cleaners,chess,not-in-family,0,-32900,2015-01-30,Vehicle Theft,?,Minor Damage,Police,5,1,YES,2,2,?,4620,840,840,2940,Dodge,RAM,2009,Y,,,,,,,,RM12 4BG,London,2024-01-30,459.0,47.0,0.0,24.7,12.3
428,53,328387,2014-05-06,100/300,1000,1496.44,0,FEMALE,High School,tech-support,camping,unmarried,0,0,2015-02-16,Parked Car,?,Trivial Damage,Police,9,1,YES,2,2,NO,6930,630,1260,5040,Honda,CRV,2013,N,,,,,,,,ML9 2SA,,2024-02-16,1.0,0.0,0.1,11.6,9.9
204,40,540152,1991-01-27,100/300,500,1256.2,0,FEMALE,JD,sales,hiking,not-in-family,0,0,2015-01-07,Multi-vehicle Collision,Side Collision,Minor Damage,Other,10,3,YES,1,2,YES,41700,8340,8340,25020,Saab,95,2013,N,SW1A 1AA,London,,,5.0,36.7,11.6,LU7 2QH,East of England,2023-01-07,,,6.6,37.5,11.2
364,51,385932,1992-04-28,100/300,500,1268.35,0,MALE,Masters,transport-moving,board-games,wife,0,0,2015-01-10,Single Vehicle Collision,Rear Collision,Major Damage,Other,16,1,YES,2,1,NO,77330,14060,14060,49210,Volkswagen,Jetta,2014,Y,,,,,,,,PL13 1ET,South West,2023-01-10,,,10.9,47.3,12.7
185,35,618682,2000-03-04,500/1000,2000,1421.59,0,MALE,College,other-service,sleeping,own-child,0,0,2015-01-31,Vehicle Theft,?,Trivial Damage,Police,8,1,?,2,3,YES,4950,900,450,3600,Ford,F150,2011,N,SW1A 1AA,London,4960.0,187.0,0.4,29.0,11.0,NE9 7EY,North East,2024-01-31,130.0,5.0,6.7,42.8,9.6
63,26,550930,1995-10-12,500/1000,500,1500.04,6000000,MALE,PhD,craft-repair,polo,own-child,0,-36500,2015-02-13,Vehicle Theft,?,Minor Damage,Police,5,1,NO,0,2,YES,5160,860,860,3440,Accura,TL,2004,N,,,,,,,,TW3 1GN,London,2023-02-13,,,0.0,10.7,11.3
210,35,998192,2014-04-25,100/300,500,1433.24,0,FEMALE,College,exec-managerial,yachting,not-in-family,0,-19500,2015-02-22,Multi-vehicle Collision,Side Collision,Total Loss,Fire,11,3,NO,2,1,?,24570,2730,2730,19110,Saab,95,2006,Y,,,,,,,,G61 3LF,,2023-02-22,,,3.8,19.6,8.8
194,38,663938,2011-01-26,100/300,2000,1231.25,0,FEMALE,PhD,craft-repair,movies,not-in-family,46500,0,2015-01-08,Multi-vehicle Collision,Rear Collision,Minor Damage,Ambulance,15,3,?,1,0,?,53680,4880,9760,39040,Toyota,Camry,2011,N,M1 1AE,North West,16.0,1.0,0.0,20.1,3.7,PL13 1ET,South West,2024-01-08,35.0,0.0,0.0,21.7,3.7
294,49,756870,1996-01-26,500/1000,500,1135.43,0,MALE,Masters,farming-fishing,bungie-jumping,own-child,22700,0,2015-02-04,Multi-vehicle Collision,Side Collision,Total Loss,Police,23,3,YES,1,1,YES,42900,3900,3900,35100,Chevrolet,Malibu,2010,N,,,,,,,,TA6 4ET,South West,2023-02-04,,,0.0,11.9,10.5
272,41,337158,1991-04-08,250/500,2000,945.73,5000000,MALE,MD,protective-serv,chess,wife,38600,-42800,2015-02-04,Single Vehicle Collision,Front Collision,Minor Damage,Fire,23,1,NO,0,0,NO,84100,16820,8410,58870,Ford,Escape,2009,Y,,,,,,,,NR18 9AN,East of England,2023-02-04,,,0.0,17.7,9.8
27,27,919875,2002-06-29,100/300,2000,1118.76,0,FEMALE,College,adm-clerical,dancing,own-child,0,-55800,2015-02-26,Single Vehicle Collision,Front Collision,Total Loss,Fire,23,1,?,1,3,?,61560,6840,6840,47880,Ford,Fusion,2008,N,,,,,,,,BT56 8FW,,2023-02-26,,,0.0,13.8,8.2
251,39,315631,1999-04-09,500/1000,2000,1231.98,0,FEMALE,Associate,other-service,hiking,not-in-family,0,-31700,2015-01-08,Single Vehicle Collision,Rear Collision,Minor Damage,Police,10,1,YES,0,0,?,44240,5530,5530,33180,Dodge,RAM,1997,N,,,,,,,,WR11 3JT,West Midlands,2023-01-08,,,2.7,30.8,8.2
180,33,113464,2009-04-19,500/1000,2000,1005.47,0,FEMALE,JD,protective-serv,hiking,own-child,58100,-49000,2015-02-15,Multi-vehicle Collision,Rear Collision,Minor Damage,Ambulance,12,4,?,2,3,YES,57700,11540,5770,40390,Jeep,Grand Cherokee,2002,N,BN1 1AA,South East,,,0.1,17.6,9.7,ME9 8WL,South East,2024-02-15,27.0,0.0,4.9,21.7,15.0
392,50,556415,1991-08-22,100/300,2000,1108.97,0,FEMALE,PhD,exec-managerial,exercise,not-in-family,68400,-66800,2015-01-14,Single Vehicle Collision,Side Collision,Minor Damage,Other,4,1,NO,2,2,YES,108030,16620,16620,74790,Saab,92x,2002,N,,,,,,,,LU2 7LL,East of England,2024-01-14,850.0,62.0,1.3,18.4,4.9
143,30,250249,1991-11-28,100/300,500,1392.39,5000000,FEMALE,High School,exec-managerial,dancing,unmarried,0,-65700,2015-01-12,Single Vehicle Collision,Rear Collision,Minor Damage,Fire,16,1,NO,2,0,YES,54300,10860,5430,38010,Toyota,Highlander,2010,N,,,,,,,,G61 3LF,,2023-01-12,,,13.8,30.3,7.3
371,54,403776,2012-04-27,100/300,2000,1317.97,0,MALE,High School,craft-repair,movies,wife,34700,-81000,2015-01-18,Multi-vehicle Collision,Front Collision,Major Damage,Ambulance,18,3,?,1,2,?,32280,5380,5380,21520,Ford,Fusion,2010,Y,CF10 1AA,,1223.0,92.0,0.0,12.3,4.2,ML9 2SA,,2024-01-18,1.0,0.0,0.0,15.5,-0.1
292,42,396002,2007-03-04,250/500,1000,1588.22,0,MALE,JD,machine-op-inspct,camping,other-relative,0,-53800,2015-01-15,Multi-vehicle Collision,Rear Collision,Total Loss,Other,15,3,YES,1,1,NO,84600,16920,8460,59220,Chevrolet,Malibu,2007,N,,,,,,,,IM4 7JQ,,2023-01-15,,,,,
165,35,976908,2012-12-31,250/500,500,900.02,6000000,MALE,College,craft-repair,camping,own-child,0,-49900,2015-02-24,Single Vehicle Collision,Front Collision,Total Loss,Other,8,1,NO,1,3,YES,69700,6970,6970,55760,BMW,3 Series,2008,N,,,,,,,,NE9 7EY,North East,2023-02-24,,,1.5,26.8,8.3
158,33,509489,2013-12-21,100/300,1000,1744.64,3000000,MALE,JD,prof-specialty,movies,unmarried,0,0,2015-02-07,Multi-vehicle Collision,Rear Collision,Total Loss,Ambulance,4,3,NO,0,1,NO,36400,3640,7280,25480,Volkswagen,Jetta,1998,N,,,,,,,,LU7 2QH,East of England,2024-02-07,85.0,8.0,4.5,14.8,6.4
241,39,485295,2005-04-28,250/500,1000,1260.56,0,FEMALE,JD,adm-clerical,paintball,own-child,0,-54900,2015-02-22,Multi-vehicle Collision,Side Collision,Minor Damage,Police,20,3,NO,0,2,YES,37520,4690,4690,28140,Jeep,Wrangler,2010,N,,,,,,,,KY15 7BA,,2024-02-22,0.0,0.0,3.5,21.3,6.1
103,33,361829,1994-09-17,500/1000,2000,1021.14,0,FEMALE,Masters,other-service,paintball,wife,69500,-47700,2015-01-19,Multi-vehicle Collision,Side Collision,Major Damage,Ambulance,1,3,NO,2,3,?,79090,14380,14380,50330,Dodge,RAM,2014,N,,,,,,,,BT56 8FW,,2024-01-19,42.0,1.0,0.0,26.7,4.3
402,54,603632,2003-08-16,250/500,2000,1285.09,0,MALE,JD,farming-fishing,board-games,not-in-family,48000,-79600,2015-02-28,Single Vehicle Collision,Rear Collision,Major Damage,Other,19,1,NO,0,2,YES,67770,7530,15060,45180,Mercedes,ML350,2013,Y,,,,,,,,KY15 7BA,,2024-02-28,0.0,0.0,6.1,21.3,9.6
102,32,783494,2014-09-02,100/300,500,1537.07,3000000,MALE,JD,tech-support,chess,wife,0,0,2015-02-04,Single Vehicle Collision,Side Collision,Total Loss,Other,11,1,NO,1,0,NO,47400,9480,4740,33180,Chevrolet,Silverado,2004,Y,,,,,,,,WS1 4HS,West Midlands,2024-02-04,600.0,54.0,0.3,33.5,11.7
182,40,439049,2011-12-12,100/300,1000,1022.42,0,MALE,PhD,other-service,skydiving,husband,50000,-56900,2015-02-17,Single Vehicle Collision,Front Collision,Total Loss,Other,13,1,YES,0,2,?,71100,7110,14220,49770,Audi,A3,2008,N,SW1A 1AA,London,,,0.1,36.2,13.6,SN11 8UB,South West,2024-02-17,27.0,1.0,6.6,27.2,12.7
282,46,502634,1991-08-17,100/300,2000,1558.86,0,MALE,MD,other-service,dancing,wife,51100,-75100,2015-02-17,Single Vehicle Collision,Front Collision,Minor Damage,Police,2,1,?,2,2,NO,69400,13880,6940,48580,BMW,M5,2012,N,,,,,,,,PO19 6EU,South East,2024-02-17,266.0,3.0,2.5,27.5,11.2
222,39,378588,2004-02-29,500/1000,500,1757.87,0,MALE,High School,transport-moving,board-games,not-in-family,71400,0,2015-01-17,Multi-vehicle Collision,Rear Collision,Major Damage,Other,9,3,YES,2,1,?,55000,5000,10000,40000,Saab,93,1996,Y,,,,,,,,NE9 7EY,North East,2024-01-17,130.0,5.0,0.0,15.2,0.1
415,52,794731,2015-02-22,250/500,1000,973.5,0,MALE,PhD,machine-op-inspct,polo,not-in-family,50400,0,2015-02-02,Multi-vehicle Collision,Rear Collision,Total Loss,Police,15,2,YES,1,3,YES,51090,7860,7860,35370,Toyota,Highlander,2003,N,,,,,,,,LS14 3HF,Yorkshire and The Humber,2023-02-02,,,0.4,39.6,10.1
51,34,641934,2013-12-25,500/1000,500,1430.8,0,MALE,PhD,machine-op-inspct,camping,unmarried,0,0,2015-02-12,Single Vehicle Collision,Side Collision,Major Damage,Fire,23,1,?,2,3,NO,64200,6420,19260,38520,Honda,Civic,2007,Y,,,,,,,,BT63 5JA,,2023-02-12,,,0.0,19.0,9.6
255,45,113516,1990-10-13,500/1000,500,1192.27,0,MALE,High School,sales,base-jumping,own-child,0,-40200,2015-01-04,Single Vehicle Collision,Front Collision,Total Loss,Other,16,1,NO,2,0,YES,67320,12240,12240,42840,Ford,Fusion,2006,N,,,,,,,,G11 5HD,,2024-01-04,2.0,0.0,2.6,11.4,7.4
143,31,425631,2014-07-05,250/500,500,1163.83,0,MALE,Associate,protective-serv,movies,husband,37700,0,2015-02-21,Multi-vehicle Collision,Side Collision,Major Damage,Other,21,4,YES,2,0,?,76120,6920,13840,55360,Audi,A5,1999,N,YO61 1AA,Yorkshire and The Humber,0.0,0.0,7.8,31.0,11.9,DE56 2JB,East Midlands,2024-02-21,9.0,0.0,9.7,34.8,11.1
130,28,542245,1991-11-25,500/1000,1000,1003.15,0,FEMALE,JD,farming-fishing,movies,other-relative,0,-38500,2015-01-23,Multi-vehicle Collision,Front Collision,Minor Damage,Ambulance,21,2,YES,2,1,NO,85020,13080,13080,58860,Ford,Fusion,2010,N,S1 1AA,Yorkshire and The Humber,1118.0,66.0,7.3,44.5,13.5,EX8 5DT,South West,2024-01-23,16.0,0.0,3.4,38.9,13.2
242,41,512894,1990-10-02,250/500,2000,1153.54,6000000,MALE,Masters,protective-serv,polo,unmarried,0,-57000,2015-02-12,Multi-vehicle Collision,Rear Collision,Minor Damage,Fire,3,3,NO,0,1,?,68090,12380,12380,43330,Toyota,Corolla,2009,N,CF10 1AA,,1138.0,89.0,1.3,23.9,8.6,ML9 2SA,,2024-02-12,1.0,0.0,3.3,28.5,5.2
96,27,633090,2009-02-17,100/300,1000,1631.1,0,FEMALE,High School,priv-house-serv,exercise,wife,0,0,2015-01-23,Parked Car,?,Trivial Damage,Police,4,1,?,1,2,NO,6030,670,670,4690,Nissan,Pathfinder,2007,N,,,,,,,,SN11 8UB,South West,2024-01-23,13.0,0.0,5.1,37.3,12.8
180,35,464234,2005-07-17,500/1000,1000,1252.48,0,MALE,MD,machine-op-inspct,yachting,wife,0,-55800,2015-02-10,Vehicle Theft,?,Minor Damage,,17,1,?,1,3,NO,5100,1020,510,3570,Chevrolet,Malibu,2000,N,S1 1AA,Yorkshire and The Humber,,,0.1,27.2,9.9,NR18 9AN,East of England,2024-02-10,32.0,3.0,2.0,18.4,11.4
150,30,290162,1994-03-12,100/300,1000,1677.26,0,MALE,College,sales,yachting,own-child,40100,0,2015-01-10,Vehicle Theft,?,Trivial Damage,Police,7,1,YES,1,3,YES,4590,510,510,3570,Volkswagen,Jetta,2013,N,BN1 1AA,South East,,,11.0,46.6,12.0,DE56 2JB,East Midlands,2023-01-10,,,12.2,36.9,11.8
463,59,638155,1994-08-03,250/500,1000,979.73,0,FEMALE,JD,exec-managerial,yachting,not-in-family,51700,0,2015-02-12,Multi-vehicle Collision,Front Collision,Major Damage,Other,14,2,?,1,2,NO,72400,7240,14480,50680,Chevrolet,Tahoe,1999,Y,,,,,,,,NE9 7EY,North East,2024-02-12,144.0,1.0,0.2,24.8,8.0
472,64,911429,2012-08-25,250/500,500,989.24,0,MALE,Masters,other-service,skydiving,not-in-family,0,0,2015-02-21,Single Vehicle Collision,Front Collision,Major Damage,Fire,13,1,NO,2,3,NO,70900,14180,7090,49630,Mercedes,ML350,2002,N,NG1 1AA,East Midlands,,,0.0,19.2,10.6,LS14 3HF,Yorkshire and The Humber,2023-02-21,,,0.0,25.6,11.3
75,25,106186,2011-12-02,500/1000,1000,1389.86,0,FEMALE,Associate,priv-house-serv,hiking,husband,0,0,2015-01-18,Multi-vehicle Collision,Side Collision,Total Loss,Other,23,2,?,2,3,YES,65100,6510,6510,52080,Saab,93,2011,N,,,,,,,,DE56 2JB,East Midlands,2024-01-18,13.0,0.0,0.0,20.3,2.0
193,40,311783,2005-02-25,100/300,500,1233.85,0,FEMALE,College,handlers-cleaners,chess,husband,0,0,2015-02-28,Multi-vehicle Collision,Side Collision,Total Loss,Ambulance,23,3,?,2,1,YES,64260,0,14280,49980,Ford,Escape,1999,N,,,,,,,,PO19 6EU,South East,2024-02-28,266.0,3.0,4.4,26.5,10.0
43,43,528385,1997-11-07,500/1000,500,1320.39,0,FEMALE,Associate,armed-forces,yachting,not-in-family,0,0,2015-01-19,Single Vehicle Collision,Rear Collision,Major Damage,Ambulance,16,1,?,2,1,?,79970,7270,21810,50890,Honda,CRV,1996,Y,,,,,,,,LA14 5DF,North West,2023-01-19,,,0.2,29.1,5.2
253,41,228403,2004-04-20,100/300,1000,1435.09,0,FEMALE,College,machine-op-inspct,bungie-jumping,not-in-family,36600,0,2015-01-11,Single Vehicle Collision,Rear Collision,Total Loss,Police,17,1,NO,2,0,?,56610,6290,6290,44030,Chevrolet,Tahoe,1995,N,NG1 1AA,East Midlands,,,4.0,35.9,9.1,IM4 7JQ,,2023-01-11,,,,,
152,30,209177,2009-11-17,500/1000,500,1448.54,0,FEMALE,JD,craft-repair,polo,wife,58600,0,2015-02-11,Single Vehicle Collision,Side Collision,Major Damage,Fire,9,1,YES,1,1,?,84590,7690,7690,69210,Toyota,Highlander,2000,Y,OX1 1AA,South East,388.0,4.0,0.1,19.9,10.3,TA6 4ET,South West,2023-02-11,,,0.0,11.8,10.7
160,38,497929,2009-09-19,250/500,500,1733.56,0,MALE,High School,sales,sleeping,wife,0,-43800,2015-01-09,Multi-vehicle Collision,Side Collision,Major Damage,Fire,13,3,NO,2,1,YES,66780,7420,14840,44520,Mercedes,ML350,1996,N,,,,,,,,DT2 0GA,South West,2023-01-09,,,1.1,27.2,6.6
56,36,735844,2009-11-08,100/300,500,1533.07,0,MALE,JD,farming-fishing,exercise,own-child,0,-28800,2015-01-20,Single Vehicle Collision,Rear Collision,Major Damage,Police,13,1,YES,1,2,YES,58500,0,6500,52000,Ford,Escape,2001,N,CF10 1AA,,,,0.0,12.2,6.4,G61 3LF,,2024-01-20,0.0,0.0,16.7,33.8,8.1
286,41,710741,2001-09-12,100/300,500,1106.77,0,FEMALE,College,prof-specialty,golf,other-relative,45500,-62500,2015-02-26,Parked Car,?,Trivial Damage,Police,3,1,?,2,0,NO,5000,500,500,4000,Dodge,RAM,2003,N,M1 1AE,North West,16.0,0.0,0.0,26.0,8.7,WS1 4HS,West Midlands,2023-02-26,,,0.2,24.2,6.7
3,29,276804,1992-11-27,100/300,500,995.7,5000000,FEMALE,JD,priv-house-serv,chess,unmarried,0,0,2015-02-02,Parked Car,?,Trivial Damage,Police,3,1,?,2,1,?,5000,500,1000,3500,Mercedes,E400,2008,Y,,,,,,,,G11 5HD,,2024-02-02,5.0,0.0,4.0,34.6,10.9
286,41,507545,1998-12-07,250/500,1000,1298.85,6000000,FEMALE,High School,sales,camping,other-relative,71300,-70300,2015-01-04,Multi-vehicle Collision,Front Collision,Major Damage,Ambulance,16,3,?,1,3,YES,54450,6050,12100,36300,Saab,92x,2007,N,,,,,,,,TW3 1GN,London,2023-01-04,,,0.8,33.6,12.9
239,38,485642,1990-08-25,250/500,1000,1276.73,5000000,FEMALE,Masters,handlers-cleaners,bungie-jumping,other-relative,0,0,2015-02-19,Multi-vehicle Collision,Front Collision,Major Damage,Police,12,3,NO,1,3,?,61920,6880,6880,48160,Saab,93,2003,N,,,,,,,,M24 2GB,North West,2024-02-19,0.0,0.0,2.3,28.1,10.3
64,29,796375,2011-10-22,250/500,2000,1202.28,0,MALE,High School,exec-managerial,cross-fit,other-relative,0,-61400,2015-01-12,Single Vehicle Collision,Side Collision,Minor Damage,Ambulance,4,1,?,1,2,NO,43700,4370,4370,34960,Nissan,Pathfinder,2007,Y,BN1 1AA,South East,,,11.7,51.8,11.3,LA14 5DF,North West,2023-01-12,,,18.1,60.9,9.3
98,31,171183,1990-02-01,100/300,500,671.92,0,MALE,Masters,machine-op-inspct,bungie-jumping,wife,0,-26400,2015-01-24,Single Vehicle Collision,Front Collision,Minor Damage,Other,3,1,?,2,0,?,64080,7120,7120,49840,Ford,Escape,1997,N,SW1A 1AA,London,,,0.0,9.6,4.8,KY15 7BA,,2024-01-24,0.0,0.0,0.8,39.4,8.8
16,35,110084,1990-11-27,250/500,1000,1358.03,0,MALE,JD,sales,chess,own-child,59300,-31400,2015-02-17,Single Vehicle Collision,Rear Collision,Total Loss,Other,0,1,NO,2,1,?,55000,10000,10000,35000,Volkswagen,Jetta,2008,Y,BN1 1AA,South East,1277.0,44.0,2.4,29.8,11.0,ML9 2SA,,2024-02-17,1.0,0.0,4.1,22.7,10.2
70,27,714784,2004-07-16,250/500,1000,1008.79,4000000,FEMALE,Masters,adm-clerical,video-games,own-child,46000,0,2015-01-13,Vehicle Theft,?,Trivial Damage,Police,19,1,NO,2,3,?,4400,0,550,3850,Toyota,Camry,2000,N,M1 1AE,North West,16.0,1.0,0.4,12.3,7.2,SN11 8UB,South West,2024-01-13,13.0,0.0,0.0,9.4,3.4
75,27,143924,1993-12-10,100/300,1000,1141.1,0,MALE,JD,armed-forces,movies,other-relative,0,0,2015-02-28,Multi-vehicle Collision,Side Collision,Minor Damage,Police,15,2,?,0,1,YES,71640,5970,11940,53730,Toyota,Highlander,2008,N,NG1 1AA,East Midlands,1359.0,24.0,1.8,25.3,10.2,DT2 0GA,South West,2024-02-28,0.0,0.0,3.6,27.6,9.6
246,44,996850,1995-03-08,100/300,1000,1397.0,0,MALE,High School,machine-op-inspct,reading,not-in-family,0,0,2015-01-03,Single Vehicle Collision,Rear Collision,Minor Damage,Other,6,1,NO,1,0,NO,61740,6860,6860,48020,Accura,MDX,1997,N,NG1 1AA,East Midlands,,,2.7,33.5,12.0,LL30 3PD,,2023-01-03,,,16.0,31.6,12.5
110,27,284834,2009-08-03,500/1000,1000,1664.66,0,FEMALE,Associate,priv-house-serv,golf,own-child,0,-66200,2015-02-05,Single Vehicle Collision,Side Collision,Total Loss,Ambulance,3,1,?,0,3,?,57500,5750,5750,46000,Audi,A3,2010,N,BN1 1AA,South East,1277.0,44.0,0.3,33.7,9.7,DE56 2JB,East Midlands,2023-02-05,,,0.0,17.8,6.2
236,39,830878,1996-11-03,250/500,1000,1151.39,4000000,FEMALE,Masters,exec-managerial,reading,wife,0,-63900,2015-01-01,Parked Car,?,Minor Damage,Police,17,1,YES,0,0,?,8700,870,1740,6090,Accura,RSX,2003,N,,,,,,,,LL30 3PD,,2023-01-01,,,1.1,29.9,9.1
267,46,270208,2004-08-09,100/300,2000,1546.01,0,FEMALE,MD,adm-clerical,polo,wife,0,0,2015-01-06,Multi-vehicle Collision,Front Collision,Total Loss,Police,4,4,NO,2,1,?,77100,15420,7710,53970,Volkswagen,Jetta,1996,N,,,,,,,,NR18 9AN,East of England,2023-01-06,,,2.4,33.9,11.6
463,57,407958,1991-07-20,250/500,500,1063.67,0,MALE,Masters,priv-house-serv,dancing,wife,0,0,2015-02-03,Single Vehicle Collision,Front Collision,Minor Damage,Police,14,1,NO,2,0,YES,59400,6600,6600,46200,Dodge,Neon,1995,N,,,,,,,,ME9 8WL,South East,2023-02-03,,,0.0,23.2,12.3
303,46,832300,2005-01-14,100/300,1000,709.14,0,MALE,Masters,machine-op-inspct,kayaking,husband,0,0,2015-02-12,Multi-vehicle Collision,Rear Collision,Minor Damage,Fire,3,3,NO,1,0,NO,54890,9980,4990,39920,Toyota,Corolla,2006,N,,,,,,,,RM12 4BG,London,2023-02-12,,,0.1,12.7,9.1
137,30,927205,2011-12-16,250/500,500,1039.55,0,MALE,MD,exec-managerial,kayaking,unmarried,55600,-59700,2015-02-16,Multi-vehicle Collision,Front Collision,Minor Damage,Other,4,3,?,2,1,?,74030,6730,13460,53840,Chevrolet,Tahoe,2005,N,,,,,,,,LA14 5DF,North West,2024-02-16,334.0,4.0,1.0,17.2,9.1
56,42,655356,1996-07-07,250/500,500,1339.39,0,FEMALE,Associate,adm-clerical,chess,not-in-family,0,0,2015-02-25,Single Vehicle Collision,Rear Collision,Total Loss,Other,13,1,?,1,2,YES,61490,11180,11180,39130,BMW,X5,1998,N,,,,,,,,PO19 6EU,South East,2024-02-25,266.0,3.0,18.1,30.4,8.3
75,27,831053,1992-08-05,250/500,1000,1202.75,0,MALE,High School,handlers-cleaners,board-games,not-in-family,57900,-90100,2015-01-21,Multi-vehicle Collision,Front Collision,Minor Damage,Police,23,3,NO,0,2,YES,79560,6630,13260,59670,Volkswagen,Passat,2003,N,GL54 1AA,South West,9.0,1.0,9.6,52.2,10.7,G11 5HD,,2024-01-21,2.0,0.0,24.7,50.7,11.4
131,33,432740,1990-10-09,100/300,2000,1081.17,0,MALE,MD,sales,yachting,wife,0,-65200,2015-01-28,Parked Car,?,Minor Damage,Police,3,1,?,0,1,NO,4900,490,490,3920,Toyota,Camry,2010,N,,,,,,,,G61 3LF,,2023-01-28,,,0.7,11.3,6.4
153,34,893853,1994-02-27,250/500,500,991.39,0,MALE,High School,tech-support,paintball,other-relative,45600,-61400,2015-02-27,Multi-vehicle Collision,Side Collision,Total Loss,Other,0,3,?,1,0,NO,77770,14140,14140,49490,Nissan,Pathfinder,2000,N,S1 1AA,Yorkshire and The Humber,1104.0,75.0,0.5,26.6,7.7,NE9 7EY,North East,2024-02-27,144.0,1.0,0.7,28.6,9.0
255,43,594988,2007-05-06,500/1000,500,984.02,0,FEMALE,JD,transport-moving,board-games,unmarried,75800,0,2015-02-10,Multi-vehicle Collision,Side Collision,Major Damage,Fire,14,2,?,2,2,?,74700,7470,14940,52290,Nissan,Maxima,2007,Y,,,,,,,,ML9 2SA,,2023-02-10,,,2.1,27.8,8.8
103,26,979544,2014-04-21,100/300,500,1354.83,0,MALE,MD,tech-support,sleeping,husband,66300,0,2015-01-18,Multi-vehicle Collision,Front Collision,Minor Damage,Police,14,2,NO,2,2,?,40600,4060,4060,32480,Volkswagen,Passat,2010,N,CF10 1AA,,1223.0,92.0,0.0,12.3,4.2,PO19 6EU,South East,2023-01-18,,,0.0,15.6,4.5
97,28,191891,2010-02-11,100/300,1000,830.31,0,MALE,JD,farming-fishing,video-games,husband,0,-32600,2015-01-13,Single Vehicle Collision,Rear Collision,Total Loss,Ambulance,22,1,?,1,0,?,45270,10060,10060,25150,Jeep,Wrangler,2006,N,,,,,,,,DT2 0GA,South West,2023-01-13,,,0.0,31.5,9.1
214,36,831479,2000-06-04,100/300,2000,987.42,7000000,FEMALE,Associate,machine-op-inspct,kayaking,own-child,0,0,2015-01-31,Multi-vehicle Collision,Front Collision,Minor Damage,Ambulance,17,3,NO,0,3,?,47080,4280,8560,34240,Saab,93,2006,N,,,,,,,,DT6 6SG,South West,2024-01-31,0.0,0.0,0.4,27.2,11.4
438,57,714346,1991-10-05,500/1000,500,1119.29,0,FEMALE,MD,machine-op-inspct,chess,husband,0,0,2015-01-15,Single Vehicle Collision,Side Collision,Minor Damage,Police,14,1,?,0,0,NO,40700,4070,4070,32560,Volkswagen,Passat,2000,Y,S1 1AA,Yorkshire and The Humber,,,1.0,37.1,6.7,DT2 0GA,South West,2023-01-15,,,2.3,25.7,5.9
87,27,326289,2004-01-03,100/300,500,1048.39,0,FEMALE,Masters,transport-moving,polo,own-child,0,0,2015-02-13,Single Vehicle Collision,Side Collision,Minor Damage,Police,2,1,?,2,1,YES,34650,6300,3150,25200,Ford,F150,1996,N,NG1 1AA,East Midlands,1359.0,24.0,5.2,22.9,9.4,SN11 8UB,South West,2023-02-13,,,0.0,17.0,10.1
27,28,944537,1992-07-23,500/1000,1000,1074.47,0,MALE,MD,protective-serv,camping,wife,0,0,2015-02-13,Parked Car,?,Trivial Damage,Police,4,1,?,2,0,?,3200,400,400,2400,Jeep,Grand Cherokee,2012,N,,,,,,,,BT63 5JA,,2023-02-13,,,0.0,22.2,9.3
206,42,779156,1993-10-10,500/1000,1000,1230.76,0,MALE,High School,machine-op-inspct,yachting,unmarried,0,-74200,2015-01-03,Single Vehicle Collision,Rear Collision,Major Damage,Fire,2,1,?,1,1,NO,78980,7180,14360,57440,Saab,92x,1997,Y,,,,,,,,NG34 8NE,East Midlands,2023-01-03,,,3.8,34.0,12.0
127,31,856153,2002-07-09,500/1000,500,1255.02,0,MALE,Associate,sales,reading,not-in-family,58200,0,2015-01-13,Parked Car,?,Minor Damage,,10,1,YES,1,0,NO,6160,560,1120,4480,Nissan,Ultima,1996,N,S1 1AA,Yorkshire and The Humber,1118.0,66.0,0.0,16.2,7.0,M24 2GB,North West,2023-01-13,,,3.0,37.1,7.4
422,60,473338,2010-11-14,100/300,1000,1555.52,0,FEMALE,MD,machine-op-inspct,hiking,own-child,43600,-67800,2015-02-14,Single Vehicle Collision,Front Collision,Major Damage,Ambulance,11,1,YES,1,1,NO,85250,15500,7750,62000,Mercedes,E400,1999,N,CF10 1AA,,,,0.0,11.7,12.0,TA6 4ET,South West,2023-02-14,,,0.0,14.4,12.9
303,50,521694,1997-03-03,100/300,2000,836.11,5000000,MALE,Masters,sales,camping,not-in-family,0,0,2015-01-20,Multi-vehicle Collision,Side Collision,Major Damage,Fire,1,4,YES,1,2,NO,72840,12140,6070,54630,Dodge,Neon,2010,N,,,,,,,,IM4 7JQ,,2023-01-20,,,,,
228,40,136520,1997-03-01,100/300,500,1450.98,0,MALE,Associate,exec-managerial,base-jumping,husband,43700,0,2015-01-18,Parked Car,?,Trivial Damage,Police,20,1,?,0,2,NO,6050,1100,1100,3850,Toyota,Camry,2010,N,,,,,,,,DE56 2JB,East Midlands,2024-01-18,13.0,0.0,0.0,20.3,2.0
239,39,730819,1990-08-18,250/500,2000,625.08,0,FEMALE,JD,protective-serv,hiking,wife,44200,-37000,2015-01-03,Single Vehicle Collision,Front Collision,Major Damage,Fire,10,1,NO,2,3,YES,87890,15980,7990,63920,BMW,X6,2014,Y,,,,,,,,ME9 8WL,South East,2024-01-03,24.0,0.0,1.0,24.7,10.2
330,47,912665,2014-05-28,100/300,2000,1133.27,0,FEMALE,High School,craft-repair,chess,wife,0,-56400,2015-03-01,Multi-vehicle Collision,Side Collision,Total Loss,Other,20,2,?,0,2,YES,60500,11000,5500,44000,Ford,F150,1999,Y,OX1 1AA,South East,,,0.9,23.6,7.6,KT22 9AD,South East,2024-03-01,123.0,3.0,5.9,38.5,7.6
128,35,469966,2004-07-22,500/1000,500,1366.6,0,FEMALE,MD,machine-op-inspct,kayaking,other-relative,0,0,2015-01-01,Multi-vehicle Collision,Front Collision,Minor Damage,Fire,10,3,?,2,1,NO,88220,16040,16040,56140,Chevrolet,Malibu,2008,N,GL54 1AA,South West,9.0,1.0,13.5,31.4,9.3,G11 5HD,,2023-01-01,,,2.9,19.4,3.1
147,37,952300,2009-08-02,500/1000,1000,1439.9,6000000,FEMALE,Associate,prof-specialty,video-games,husband,0,-48400,2015-01-29,Multi-vehicle Collision,Rear Collision,Total Loss,Other,2,2,NO,1,2,NO,53680,9760,4880,39040,Accura,MDX,2004,N,CF10 1AA,,1223.0,92.0,1.1,24.4,12.6,KT22 9AD,South East,2024-01-29,105.0,8.0,0.0,24.4,11.8
287,45,322609,2007-07-05,500/1000,1000,1230.69,0,MALE,Masters,transport-moving,golf,not-in-family,0,-54600,2015-01-10,Single Vehicle Collision,Front Collision,Minor Damage,Fire,19,1,NO,0,2,NO,53800,5380,5380,43040,Accura,MDX,2006,N,,,,,,,,LU7 2QH,East of England,2023-01-10,,,6.9,36.4,12.1
142,29,890280,2010-01-24,100/300,2000,1307.68,0,FEMALE,MD,craft-repair,dancing,husband,0,-48500,2015-01-29,Single Vehicle Collision,Rear Collision,Major Damage,Police,10,1,YES,1,2,NO,54360,4530,9060,40770,Mercedes,E400,1995,Y,NG1 1AA,East Midlands,1431.0,58.0,5.1,21.6,12.1,IM4 7JQ,,2024-01-29,,,,,
162,35,431583,2000-05-15,500/1000,2000,1124.69,0,FEMALE,Masters,handlers-cleaners,bungie-jumping,husband,0,0,2015-02-20,Single Vehicle Collision,Side Collision,Major Damage,Police,14,1,YES,0,3,YES,54340,9880,4940,39520,Toyota,Camry,2001,N,SW1A 1AA,London,,,0.0,27.6,12.4,KT22 9AD,South East,2023-02-20,,,0.0,24.6,11.6
140,35,155912,2008-03-21,100/300,1000,1520.78,0,FEMALE,High School,craft-repair,chess,wife,0,-42900,2015-01-21,Parked Car,?,Trivial Damage,,5,1,?,0,2,YES,2860,520,260,2080,Chevrolet,Tahoe,1997,Y,,,,,,,,EX8 5DT,South West,2024-01-21,16.0,0.0,16.1,55.4,12.0
106,28,110143,1990-05-07,100/300,2000,1609.11,0,MALE,High School,craft-repair,polo,own-child,0,0,2015-01-18,Vehicle Theft,?,Minor Damage,Police,8,1,YES,2,1,YES,5490,0,1220,4270,Saab,95,1999,N,,,,,,,,KY15 7BA,,2023-01-18,,,0.0,23.6,3.3
292,45,808544,1991-02-05,500/1000,1000,1358.91,0,MALE,Masters,craft-repair,dancing,unmarried,0,0,2015-01-09,Vehicle Theft,?,Trivial Damage,Police,4,1,NO,0,2,?,7370,670,1340,5360,Suburu,Impreza,1997,N,,,,,,,,BT56 8FW,,2023-01-09,,,5.4,30.6,6.8
34,34,409074,1992-03-19,500/1000,500,1295.87,0,FEMALE,PhD,priv-house-serv,chess,husband,0,0,2015-01-13,Multi-vehicle Collision,Side Collision,Major Damage,Ambulance,4,3,?,1,0,NO,50800,5080,5080,40640,Audi,A3,1997,Y,BN1 1AA,South East,,,0.0,37.5,9.8,LU7 2QH,East of England,2023-01-13,,,0.0,36.4,8.9
290,48,824728,2013-04-24,250/500,500,1161.03,5000000,MALE,Associate,adm-clerical,video-games,not-in-family,45300,0,2015-02-13,Multi-vehicle Collision,Side Collision,Minor Damage,Fire,20,2,?,1,1,?,41520,5190,5190,31140,Nissan,Ultima,2014,N,M1 1AE,North West,,,0.0,16.6,9.7,LU7 2QH,East of England,2023-02-13,,,0.0,13.4,10.0
182,38,606037,2009-04-10,500/1000,2000,1441.06,0,FEMALE,Masters,armed-forces,movies,husband,53800,-78300,2015-01-08,Single Vehicle Collision,Side Collision,Total Loss,Police,18,1,?,2,3,YES,89650,8150,16300,65200,Dodge,RAM,2005,N,,,,,,,,DT2 0GA,South West,2024-01-08,1.0,0.0,0.2,26.9,2.8
362,55,636843,2008-12-01,100/300,1000,1097.99,0,FEMALE,JD,other-service,base-jumping,unmarried,44400,-71500,2015-02-17,Multi-vehicle Collision,Rear Collision,Total Loss,Police,0,3,NO,0,3,NO,39690,0,0,39690,Suburu,Legacy,1998,N,NG1 1AA,East Midlands,,,1.2,38.4,14.0,WR11 3JT,West Midlands,2024-02-17,149.0,5.0,3.2,25.5,13.7
143,32,111874,2000-07-05,500/1000,1000,1464.42,0,FEMALE,High School,exec-managerial,golf,husband,79900,0,2015-01-15,Single Vehicle Collision,Rear Collision,Major Damage,Ambulance,1,1,?,2,0,NO,62260,5660,5660,50940,Saab,92x,1995,N,OX1 1AA,South East,363.0,6.0,0.0,18.4,1.7,BT56 8FW,,2023-01-15,,,6.5,40.0,6.6
183,38,439844,2014-06-11,250/500,500,1543.68,0,FEMALE,Masters,prof-specialty,paintball,not-in-family,20200,0,2015-01-24,Single Vehicle Collision,Side Collision,Major Damage,Police,17,1,NO,0,1,YES,51920,9440,4720,37760,Audi,A3,2001,Y,,,,,,,,PO19 6EU,South East,2023-01-24,,,0.0,15.0,4.9
254,40,463513,1995-04-23,250/500,500,1390.89,5000000,MALE,College,armed-forces,bungie-jumping,wife,0,-74400,2015-02-28,Single Vehicle Collision,Front Collision,Minor Damage,Other,23,1,?,2,2,?,53460,9720,4860,38880,Volkswagen,Jetta,2009,N,,,,,,,,IM4 7JQ,,2024-02-28,,,,,
249,43,577858,1990-09-16,100/300,2000,1148.58,0,FEMALE,MD,adm-clerical,golf,not-in-family,0,-71200,2015-02-16,Multi-vehicle Collision,Rear Collision,Total Loss,Fire,4,3,YES,2,1,YES,57100,5710,5710,45680,Honda,CRV,2014,N,NG1 1AA,East Midlands,1359.0,24.0,4.0,26.9,12.3,M24 2GB,North West,2023-02-16,,,7.3,19.5,10.6
169,36,607351,1998-12-11,250/500,500,1616.26,0,MALE,High School,exec-managerial,yachting,unmarried,50700,-57600,2015-02-09,Multi-vehicle Collision,Front Collision,Total Loss,Ambulance,0,3,NO,2,3,?,77440,14080,7040,56320,Dodge,Neon,2004,N,BN1 1AA,South East,,,0.0,9.3,7.8,NG34 8NE,East Midlands,2023-02-09,,,0.0,17.7,8.3
235,40,682754,1995-10-09,500/1000,500,1398.94,0,MALE,College,craft-repair,bungie-jumping,husband,0,0,2015-01-24,Single Vehicle Collision,Side Collision,Minor Damage,Ambulance,11,1,NO,1,2,NO,68300,6830,13660,47810,Suburu,Forrestor,2003,N,NR35 1AA,East of England,,,0.0,9.0,5.0,DT6 6SG,South West,2023-01-24,,,0.0,9.5,4.1
112,32,757352,1999-12-21,500/1000,1000,1238.92,0,MALE,Associate,other-service,base-jumping,other-relative,57800,-53700,2015-02-11,Parked Car,?,Trivial Damage,,4,1,?,0,2,?,5060,460,920,3680,Honda,CRV,2012,N,S1 1AA,Yorkshire and The Humber,,,0.1,21.3,10.5,WR11 3JT,West Midlands,2023-02-11,,,0.0,12.8,10.8
16,32,307469,2002-07-28,100/300,1000,968.46,0,MALE,MD,tech-support,chess,not-in-family,50800,-66200,2015-01-27,Multi-vehicle Collision,Side Collision,Total Loss,Ambulance,0,3,?,0,2,?,59400,6600,13200,39600,Dodge,RAM,1995,Y,,,,,,,,G11 5HD,,2023-01-27,,,0.0,14.2,5.3
128,31,526296,1993-08-03,100/300,500,1045.12,0,FEMALE,High School,transport-moving,cross-fit,other-relative,0,-28300,2015-01-19,Multi-vehicle Collision,Side Collision,Major Damage,Ambulance,2,3,NO,0,2,?,69930,0,15540,54390,Ford,Escape,2013,Y,,,,,,,,KT22 9AD,South East,2024-01-19,105.0,8.0,0.0,13.9,4.7
103,27,658816,2007-12-16,100/300,1000,1537.33,0,FEMALE,College,handlers-cleaners,board-games,husband,0,-74800,2015-02-20,Multi-vehicle Collision,Front Collision,Minor Damage,Police,11,3,YES,1,1,NO,77700,7770,15540,54390,Jeep,Wrangler,2008,N,,,,,,,,G11 5HD,,2024-02-20,5.0,0.0,2.5,34.0,10.3
356,54,913337,2008-02-10,500/1000,500,912.3,0,MALE,College,prof-specialty,yachting,wife,58500,-44000,2015-01-10,Multi-vehicle Collision,Front Collision,Major Damage,Other,23,3,NO,2,1,?,68750,12500,12500,43750,Audi,A5,2007,Y,,,,,,,,LA14 5DF,North West,2023-01-10,,,27.1,50.7,10.9
109,29,488464,2006-10-01,100/300,2000,1007.28,6000000,FEMALE,High School,adm-clerical,movies,husband,0,0,2015-02-21,Multi-vehicle Collision,Side Collision,Minor Damage,Police,17,3,NO,1,3,YES,91080,16560,16560,57960,Jeep,Wrangler,1995,N,,,,,,,,EX8 5DT,South West,2023-02-21,,,0.1,12.4,9.1
2,20,480094,2003-03-09,500/1000,1000,1189.98,4000000,FEMALE,High School,craft-repair,golf,other-relative,0,-54700,2015-02-01,Single Vehicle Collision,Side Collision,Minor Damage,Other,22,1,NO,1,3,YES,48360,4030,8060,36270,Audi,A5,2000,N,BN1 1AA,South East,1277.0,44.0,0.1,29.3,10.1,KY15 7BA,,2023-02-01,,,1.1,26.4,7.2
198,34,263108,2003-05-29,250/500,1000,1576.41,0,MALE,Associate,handlers-cleaners,kayaking,other-relative,0,-55100,2015-02-25,Single Vehicle Collision,Side Collision,Major Damage,Other,18,1,YES,1,1,YES,95000,9500,9500,76000,Ford,F150,2001,N,SW1A 1AA,London,5183.0,187.0,2.9,33.0,8.9,LL30 3PD,,2024-02-25,28.0,0.0,0.5,22.3,8.1
107,32,298412,2002-05-06,100/300,500,1172.82,4000000,MALE,Associate,machine-op-inspct,yachting,other-relative,82100,0,2015-02-24,Vehicle Theft,?,Trivial Damage,Police,8,1,?,1,3,NO,3900,780,390,2730,Ford,F150,2010,N,,,,,,,,KY15 7BA,,2023-02-24,,,0.4,21.0,8.7
252,39,261905,2004-02-28,500/1000,500,1312.22,9000000,MALE,High School,transport-moving,cross-fit,other-relative,0,-33300,2015-02-21,Multi-vehicle Collision,Front Collision,Minor Damage,Other,15,3,?,0,3,NO,59400,11880,5940,41580,Jeep,Grand Cherokee,2010,Y,YO61 1AA,Yorkshire and The Humber,,,0.0,17.8,11.8,G11 5HD,,2024-02-21,5.0,0.0,9.1,31.7,10.8
303,43,674485,1999-01-14,500/1000,1000,671.01,7000000,FEMALE,Associate,machine-op-inspct,camping,other-relative,42900,-61500,2015-01-08,Single Vehicle Collision,Rear Collision,Minor Damage,Fire,20,1,?,2,0,?,60210,6690,6690,46830,Nissan,Maxima,2013,N,GL54 1AA,South West,,,2.6,31.5,7.0,NE9 7EY,North East,2023-01-08,,,,,
101,32,223404,2002-01-23,250/500,500,895.14,0,MALE,JD,sales,video-games,other-relative,52600,-30400,2015-01-10,Single Vehicle Collision,Front Collision,Minor Damage,Ambulance,4,1,?,0,3,YES,43600,8720,4360,30520,Suburu,Legacy,2010,N,,,,,,,,DE56 2JB,East Midlands,2023-01-10,,,12.2,36.9,11.8
446,57,991480,1992-12-09,100/300,2000,1373.21,0,MALE,College,adm-clerical,sleeping,unmarried,42700,-64900,2015-02-14,Multi-vehicle Collision,Front Collision,Total Loss,Police,10,3,NO,0,0,NO,62800,6280,12560,43960,Jeep,Wrangler,2012,N,,,,,,,,BT56 8FW,,2023-02-14,,,,,
330,48,804219,1998-06-24,250/500,1000,1625.65,0,MALE,College,farming-fishing,skydiving,husband,0,0,2015-02-26,Single Vehicle Collision,Side Collision,Major Damage,Ambulance,10,1,YES,1,3,?,59500,11900,5950,41650,Dodge,Neon,2006,N,S1 1AA,Yorkshire and The Humber,1104.0,75.0,0.3,31.7,7.4,PL13 1ET,South West,2024-02-26,29.0,0.0,2.3,41.9,9.1
211,37,483088,2011-01-06,250/500,2000,1295.63,4000000,FEMALE,PhD,armed-forces,skydiving,not-in-family,42200,-33800,2015-01-30,Multi-vehicle Collision,Front Collision,Total Loss,Police,22,3,YES,1,0,?,53460,5940,5940,41580,Honda,CRV,2009,N,NG1 1AA,East Midlands,1431.0,58.0,0.4,21.3,11.5,PO19 6EU,South East,2024-01-30,254.0,3.0,0.3,30.6,10.9
172,33,100804,2012-02-24,100/300,1000,1459.96,6000000,FEMALE,High School,adm-clerical,reading,wife,41300,-42000,2015-01-07,Multi-vehicle Collision,Side Collision,Total Loss,Ambulance,15,3,NO,0,1,NO,41690,7580,7580,26530,Saab,95,1999,N,,,,,,,,BT63 5JA,,2024-01-07,119.0,2.0,0.0,10.0,1.9
316,46,941807,2011-06-25,100/300,500,1219.94,7000000,FEMALE,Masters,prof-specialty,paintball,wife,0,-51000,2015-02-27,Single Vehicle Collision,Side Collision,Minor Damage,Ambulance,13,1,?,0,1,YES,63100,6310,12620,44170,Accura,TL,2000,N,,,,,,,,IM4 7JQ,,2024-02-27,,,,,
435,60,593466,2006-11-21,500/1000,500,1064.49,5000000,MALE,Associate,priv-house-serv,chess,other-relative,73500,-43300,2015-02-13,Single Vehicle Collision,Front Collision,Total Loss,Ambulance,23,1,NO,2,1,?,62880,5240,10480,47160,Mercedes,E400,2007,Y,,,,,,,,BT56 8FW,,2023-02-13,,,0.0,24.9,9.3
344,51,437442,2008-06-27,100/300,1000,959.83,0,FEMALE,Masters,sales,paintball,not-in-family,0,-38700,2015-02-02,Multi-vehicle Collision,Side Collision,Major Damage,Fire,18,3,?,2,2,YES,75400,17400,11600,46400,BMW,X6,2006,Y,,,,,,,,WR11 3JT,West Midlands,2024-02-02,149.0,5.0,0.1,25.9,11.8
204,40,942106,1993-08-30,250/500,2000,1767.02,0,MALE,JD,machine-op-inspct,hiking,husband,0,-49300,2015-02-27,Single Vehicle Collision,Rear Collision,Total Loss,Ambulance,7,1,YES,1,1,NO,46200,4200,8400,33600,Audi,A5,1997,N,,,,,,,,TA6 4ET,South West,2023-02-27,,,0.1,20.3,7.9
278,47,794951,2008-04-21,500/1000,500,1285.01,0,MALE,Masters,machine-op-inspct,sleeping,not-in-family,0,-39800,2015-02-02,Single Vehicle Collision,Rear Collision,Major Damage,Ambulance,21,1,NO,2,2,YES,58500,5850,5850,46800,Toyota,Camry,2010,N,YO61 1AA,Yorkshire and The Humber,0.0,0.0,0.0,34.7,11.8,IM4 7JQ,,2024-02-02,,,,,
434,57,182450,2000-06-23,500/1000,2000,1422.95,0,MALE,JD,transport-moving,bungie-jumping,husband,0,0,2015-01-17,Multi-vehicle Collision,Rear Collision,Major Damage,Other,15,3,NO,1,3,NO,66240,11040,11040,44160,Nissan,Maxima,2003,N,,,,,,,,KY15 7BA,,2024-01-17,0.0,0.0,0.0,16.5,-0.4
209,36,730973,2010-01-11,100/300,2000,1223.39,0,FEMALE,MD,craft-repair,camping,wife,0,0,2015-01-12,Multi-vehicle Collision,Rear Collision,Total Loss,Ambulance,17,3,?,1,3,?,65440,8180,8180,49080,Jeep,Wrangler,2014,N,,,,,,,,LU2 7LL,East of England,2023-01-12,,,7.0,40.5,11.3
250,43,687755,1990-03-28,500/1000,2000,1539.06,0,MALE,Masters,sales,exercise,other-relative,37800,0,2015-01-20,Single Vehicle Collision,Front Collision,Minor Damage,Fire,2,1,NO,0,3,?,64200,10700,10700,42800,Ford,F150,2002,N,CF10 1AA,,,,0.0,12.2,6.4,M24 2GB,North West,2024-01-20,0.0,0.0,4.5,29.2,5.1
61,25,757644,1998-01-29,100/300,2000,988.06,0,FEMALE,Masters,other-service,dancing,not-in-family,0,0,2015-02-05,Multi-vehicle Collision,Rear Collision,Minor Damage,Ambulance,1,3,YES,1,0,NO,32320,4040,4040,24240,Dodge,RAM,2000,N,,,,,,,,WS1 4HS,West Midlands,2023-02-05,,,0.0,19.1,6.0
80,28,998865,2014-12-05,500/1000,1000,1740.57,0,FEMALE,College,farming-fishing,golf,wife,0,-18600,2015-01-20,Single Vehicle Collision,Rear Collision,Major Damage,Police,3,1,?,0,1,?,33480,3720,3720,26040,Dodge,Neon,2011,N,SW1A 1AA,London,,,0.0,17.7,6.0,SN11 8UB,South West,2024-01-20,13.0,0.0,0.4,32.9,5.4
25,38,944953,1995-12-07,250/500,1000,1540.91,7000000,MALE,College,adm-clerical,polo,wife,40900,0,2015-02-24,Vehicle Theft,?,Trivial Damage,,0,1,NO,1,1,YES,4320,480,960,2880,Toyota,Corolla,1995,N,,,,,,,,G61 3LF,,2023-02-24,,,0.1,21.6,9.9
4,29,386429,2002-05-27,250/500,500,1381.88,5000000,MALE,High School,tech-support,exercise,other-relative,0,-77800,2015-02-21,Vehicle Theft,?,Trivial Damage,Police,4,1,NO,0,2,?,4200,840,420,2940,Jeep,Wrangler,2008,N,OX1 1AA,South East,,,0.4,12.6,10.7,LU7 2QH,East of England,2023-02-21,,,0.1,14.7,10.4
32,29,108270,2002-08-09,100/300,500,1446.98,0,MALE,MD,adm-clerical,sleeping,own-child,0,-45700,2015-02-11,Multi-vehicle Collision,Front Collision,Minor Damage,Ambulance,11,3,YES,2,0,NO,57970,10540,5270,42160,Saab,93,2006,N,,,,,,,,NG34 8NE,East Midlands,2023-02-11,,,0.0,21.3,11.1
125,31,205134,2012-12-02,500/1000,500,1220.86,0,MALE,JD,other-service,paintball,husband,55400,-40400,2015-01-24,Parked Car,?,Trivial Damage,,4,1,YES,1,2,?,4320,0,960,3360,Saab,93,2003,N,,,,,,,,ML9 2SA,,2023-01-24,,,0.2,15.5,9.0
276,45,749325,2000-03-22,500/1000,500,948.1,0,FEMALE,High School,machine-op-inspct,reading,wife,44500,-61400,2015-01-06,Multi-vehicle Collision,Front Collision,Minor Damage,Fire,11,3,?,0,2,?,69300,13860,6930,48510,Ford,Escape,2010,N,,,,,,,,G61 3LF,,2024-01-06,0.0,0.0,0.0,8.2,2.2
148,30,774303,2002-04-13,100/300,500,1471.24,0,FEMALE,Masters,farming-fishing,camping,own-child,57500,-93600,2015-01-15,Multi-vehicle Collision,Side Collision,Minor Damage,Police,4,3,NO,2,2,NO,32480,4060,4060,24360,Dodge,Neon,1997,N,NR35 1AA,East of England,,,1.0,32.3,6.7,LS14 3HF,Yorkshire and The Humber,2023-01-15,,,1.1,44.0,7.3
222,38,698470,2008-06-17,100/300,2000,1157.97,0,MALE,MD,machine-op-inspct,hiking,not-in-family,0,-64500,2015-02-22,Single Vehicle Collision,Front Collision,Total Loss,Police,20,1,?,2,2,YES,60480,6720,6720,47040,Accura,TL,2001,N,,,,,,,,NR18 9AN,East of England,2024-02-22,32.0,3.0,10.9,34.3,11.3
32,38,719989,1994-04-07,250/500,2000,566.11,5000000,MALE,Associate,armed-forces,polo,unmarried,0,0,2015-01-21,Parked Car,?,Trivial Damage,Police,22,1,YES,0,0,NO,2640,440,440,1760,Honda,CRV,2015,N,NR35 1AA,East of England,,,0.0,13.0,5.8,RM12 4BG,London,2023-01-21,,,0.0,11.2,6.1
78,27,309323,1992-02-29,500/1000,500,1060.88,0,MALE,JD,other-service,skydiving,other-relative,0,-66500,2015-02-03,Parked Car,?,Trivial Damage,Police,4,1,NO,0,3,NO,6050,550,1100,4400,Volkswagen,Passat,2009,N,CF10 1AA,,,,0.2,28.6,10.7,TA6 4ET,South West,2023-02-03,,,0.2,23.9,11.2
238,43,444035,1996-05-11,250/500,1000,1524.45,4000000,MALE,High School,handlers-cleaners,chess,wife,0,-44800,2015-02-16,Multi-vehicle Collision,Rear Collision,Total Loss,Ambulance,21,4,NO,0,0,NO,42700,4270,4270,34160,Saab,92x,1995,Y,,,,,,,,RM12 4BG,London,2024-02-16,420.0,26.0,1.4,22.0,12.9
313,47,431478,2013-04-03,250/500,1000,1556.17,0,MALE,College,prof-specialty,reading,wife,63900,-53300,2015-02-07,Single Vehicle Collision,Front Collision,Major Damage,Ambulance,20,1,YES,1,3,NO,40260,3660,7320,29280,Accura,MDX,1996,Y,,,,,,,,WR11 3JT,West Midlands,2024-02-07,149.0,5.0,0.8,10.2,6.3
334,50,797634,2009-11-12,500/1000,500,1216.24,0,MALE,Masters,priv-house-serv,polo,wife,26700,-47200,2015-01-14,Single Vehicle Collision,Rear Collision,Major Damage,Fire,7,1,NO,2,0,?,50000,5000,10000,35000,Chevrolet,Silverado,2008,N,NR35 1AA,East of England,30.0,2.0,0.1,17.4,4.5,LS14 3HF,Yorkshire and The Humber,2024-01-14,23.0,0.0,0.0,16.9,4.2
190,35,284836,2008-11-05,250/500,500,1484.72,5000000,FEMALE,High School,tech-support,golf,husband,0,0,2015-02-02,Parked Car,?,Trivial Damage,,4,1,NO,0,1,NO,3840,640,320,2880,Saab,92x,1998,N,,,,,,,,NR18 9AN,East of England,2023-02-02,,,0.0,28.2,11.4
194,41,238196,1993-02-15,250/500,500,1203.81,0,MALE,JD,transport-moving,video-games,not-in-family,52500,-51300,2015-02-06,Multi-vehicle Collision,Rear Collision,Minor Damage,Police,17,3,?,0,2,?,95900,13700,20550,61650,Saab,95,1999,N,,,,,,,,LU7 2QH,East of England,2024-02-06,85.0,8.0,14.4,36.7,11.8
290,47,885789,2008-07-21,250/500,1000,1393.34,0,MALE,High School,exec-managerial,bungie-jumping,other-relative,0,-61400,2015-01-15,Multi-vehicle Collision,Side Collision,Minor Damage,Ambulance,20,3,YES,1,3,YES,56160,6240,12480,37440,Audi,A5,2002,N,,,,,,,,NE9 7EY,North East,2023-01-15,,,2.1,46.4,5.7
26,42,287436,2010-09-11,100/300,1000,1484.48,0,MALE,PhD,armed-forces,sleeping,not-in-family,50700,-36300,2015-02-24,Single Vehicle Collision,Side Collision,Major Damage,Police,10,1,NO,2,3,?,63030,5730,11460,45840,Saab,92x,1996,N,,,,,,,,ML9 2SA,,2024-02-24,1.0,0.0,0.3,8.6,6.1
254,41,496067,1995-12-22,250/500,500,1581.27,5000000,FEMALE,PhD,handlers-cleaners,skydiving,own-child,42200,-48000,2015-01-07,Single Vehicle Collision,Front Collision,Minor Damage,Police,8,1,YES,2,2,NO,63470,5770,11540,46160,BMW,X6,1999,N,,,,,,,,IM4 7JQ,,2024-01-07,,,,,
199,38,206004,1991-09-26,250/500,1000,1281.25,0,FEMALE,High School,tech-support,movies,other-relative,0,-53100,2015-02-04,Single Vehicle Collision,Front Collision,Major Damage,Police,6,1,?,0,2,NO,44440,8080,4040,32320,BMW,X6,2007,Y,,,,,,,,PL13 1ET,South West,2023-02-04,,,0.0,22.1,10.2
137,35,153027,2010-03-11,250/500,500,1667.83,0,MALE,JD,prof-specialty,paintball,husband,48500,-67400,2015-02-04,Parked Car,?,Minor Damage,Police,4,1,YES,1,1,NO,6600,1200,1200,4200,Jeep,Grand Cherokee,2005,N,,,,,,,,RM12 4BG,London,2023-02-04,,,0.0,13.3,9.3
134,36,469426,1990-07-15,250/500,1000,1497.41,0,MALE,PhD,machine-op-inspct,kayaking,husband,14100,-44500,2015-01-25,Multi-vehicle Collision,Side Collision,Minor Damage,Ambulance,17,3,NO,2,0,YES,77200,9650,9650,57900,Ford,Escape,1996,N,NG1 1AA,East Midlands,,,0.5,19.5,8.7,ME9 8WL,South East,2024-01-25,24.0,0.0,0.0,27.2,11.1
73,30,654974,2009-05-10,100/300,500,803.36,0,FEMALE,High School,protective-serv,reading,husband,0,0,2015-02-25,Multi-vehicle Collision,Rear Collision,Total Loss,Other,15,3,?,0,0,YES,57000,0,11400,45600,Audi,A3,2013,N,,,,,,,,ML9 2SA,,2024-02-25,1.0,0.0,0.0,13.0,5.7
289,45,943425,1999-10-28,250/500,2000,1221.41,0,FEMALE,Masters,farming-fishing,movies,wife,46700,-72500,2015-02-27,Vehicle Theft,?,Trivial Damage,Police,9,1,NO,2,1,NO,2700,300,300,2100,Honda,Accord,2006,N,SW1A 1AA,London,5183.0,187.0,0.5,15.0,7.6,LL30 3PD,,2024-02-27,28.0,0.0,2.9,29.8,9.3
176,36,641845,1995-03-30,250/500,500,1865.83,5000000,MALE,College,transport-moving,kayaking,unmarried,32800,-50600,2015-02-11,Single Vehicle Collision,Rear Collision,Total Loss,Police,17,1,?,2,1,YES,47300,4300,8600,34400,Volkswagen,Jetta,2006,N,,,,,,,,PL13 1ET,South West,2024-02-11,29.0,0.0,0.3,30.5,9.5
145,37,794534,1991-12-14,250/500,2000,1434.27,0,FEMALE,Associate,tech-support,sleeping,unmarried,0,-35900,2015-01-04,Single Vehicle Collision,Rear Collision,Major Damage,Other,13,1,?,2,3,?,55110,5010,10020,40080,Nissan,Maxima,2002,N,BN1 1AA,South East,,,2.5,45.2,11.9,TA6 4ET,South West,2023-01-04,,,6.7,29.0,13.4
164,31,357808,2011-01-31,500/1000,500,1114.68,0,FEMALE,Associate,other-service,reading,husband,44500,-55900,2015-01-26,Vehicle Theft,?,Trivial Damage,Police,5,1,YES,1,0,NO,4320,480,480,3360,Mercedes,E400,2002,N,GL54 1AA,South West,,,0.0,26.6,6.4,DT2 0GA,South West,2024-01-26,1.0,0.0,4.5,31.6,11.0
186,38,536052,2006-04-21,250/500,2000,1218.56,0,FEMALE,Masters,transport-moving,video-games,husband,39300,-60300,2015-03-01,Multi-vehicle Collision,Front Collision,Total Loss,Police,23,3,YES,2,2,?,68760,11460,5730,51570,Saab,95,1998,Y,M1 1AE,North West,18.0,0.0,11.3,30.3,6.0,LS14 3HF,Yorkshire and The Humber,2023-03-01,,,2.5,24.4,6.9
85,31,873384,2004-03-10,250/500,2000,1234.69,9000000,FEMALE,MD,tech-support,paintball,husband,0,0,2015-02-06,Multi-vehicle Collision,Front Collision,Major Damage,Other,1,2,NO,2,1,?,74400,14880,7440,52080,BMW,M5,2003,Y,NG1 1AA,East Midlands,,,0.0,10.4,6.5,G61 3LF,,2024-02-06,0.0,0.0,5.7,33.7,7.9
162,33,790225,1991-01-05,250/500,500,964.92,0,FEMALE,Associate,exec-managerial,base-jumping,other-relative,45700,0,2015-02-09,Multi-vehicle Collision,Rear Collision,Major Damage,Fire,17,4,NO,2,1,NO,35300,3530,3530,28240,Mercedes,E400,1996,Y,,,,,,,,DT6 6SG,South West,2023-02-09,,,0.0,17.3,9.8
396,57,587498,1996-10-15,500/1000,500,1351.72,0,MALE,High School,tech-support,camping,wife,0,-49400,2015-02-05,Parked Car,?,Minor Damage,,3,1,YES,1,3,?,2640,480,480,1680,Volkswagen,Passat,2000,N,NG1 1AA,East Midlands,1359.0,24.0,0.0,34.0,11.2,TA6 4ET,South West,2023-02-05,,,0.0,17.1,8.5
270,41,639027,1994-06-21,250/500,1000,817.28,0,MALE,High School,sales,cross-fit,unmarried,62200,0,2015-01-03,Multi-vehicle Collision,Rear Collision,Total Loss,Ambulance,17,3,?,1,1,NO,60190,4630,9260,46300,Mercedes,ML350,2014,Y,NG1 1AA,East Midlands,1431.0,58.0,2.3,22.8,8.4,SN11 8UB,South West,2024-01-03,13.0,0.0,1.9,25.3,8.8
168,39,217899,1994-06-13,500/1000,1000,1389.59,0,FEMALE,Masters,machine-op-inspct,exercise,own-child,0,-42600,2015-02-24,Multi-vehicle Collision,Rear Collision,Major Damage,Fire,23,3,YES,1,3,NO,41580,3780,7560,30240,Chevrolet,Malibu,2015,Y,GL54 1AA,South West,,,1.0,19.9,8.9,TA6 4ET,South West,2023-02-24,,,0.6,16.7,10.7
274,45,589094,2003-05-27,250/500,1000,1353.53,0,FEMALE,JD,tech-support,cross-fit,unmarried,54700,-47900,2015-01-14,Single Vehicle Collision,Side Collision,Minor Damage,Ambulance,13,1,YES,0,0,NO,58500,11700,0,46800,Accura,MDX,1995,Y,,,,,,,,DT2 0GA,South West,2023-01-14,,,20.8,45.7,11.3
263,43,458829,1996-07-06,500/1000,1000,1294.04,0,FEMALE,Masters,handlers-cleaners,movies,not-in-family,0,0,2015-01-08,Single Vehicle Collision,Rear Collision,Minor Damage,Fire,17,1,YES,2,3,YES,79320,13220,6610,59490,Nissan,Ultima,1997,N,,,,,,,,WR11 3JT,West Midlands,2023-01-08,,,2.7,30.8,8.2
152,33,626208,2005-05-08,100/300,1000,840.81,0,FEMALE,High School,farming-fishing,chess,husband,0,0,2015-02-14,Single Vehicle Collision,Rear Collision,Minor Damage,Ambulance,2,1,YES,0,2,?,82610,7510,7510,67590,Ford,Escape,2002,Y,OX1 1AA,South East,,,0.0,11.2,11.4,DE56 2JB,East Midlands,2024-02-14,9.0,0.0,0.7,26.5,12.5
46,41,315041,2010-11-02,100/300,2000,998.19,0,FEMALE,MD,priv-house-serv,video-games,husband,43700,-66300,2015-01-23,Multi-vehicle Collision,Rear Collision,Total Loss,Ambulance,23,3,NO,1,3,?,78600,13100,19650,45850,Dodge,RAM,2004,Y,SW1A 1AA,London,,,0.0,6.6,3.2,EX8 5DT,South West,2023-01-23,,,0.0,12.2,6.0
276,46,283267,2012-07-29,100/300,2000,1090.32,0,MALE,College,handlers-cleaners,chess,husband,0,-70400,2015-01-05,Single Vehicle Collision,Front Collision,Minor Damage,Ambulance,17,1,NO,1,2,?,51390,5710,5710,39970,Volkswagen,Jetta,2007,Y,,,,,,,,LU2 7LL,East of England,2024-01-05,850.0,62.0,6.3,29.0,6.0
234,44,442494,2002-06-06,500/1000,500,1780.67,0,MALE,Associate,other-service,exercise,other-relative,0,0,2015-02-19,Single Vehicle Collision,Side Collision,Major Damage,Ambulance,3,1,NO,1,0,NO,70200,7020,7020,56160,Ford,F150,2012,Y,,,,,,,,BT56 8FW,,2024-02-19,41.0,1.0,1.2,22.7,11.3
64,30,159243,1991-09-19,250/500,2000,1681.01,0,MALE,JD,protective-serv,base-jumping,own-child,0,-51100,2015-02-07,Parked Car,?,Minor Damage,,16,1,NO,2,1,NO,4900,490,1470,2940,Jeep,Wrangler,2015,N,,,,,,,,LL30 3PD,,2023-02-07,,,0.0,14.3,9.9
456,62,669800,2009-06-24,250/500,1000,1395.77,0,FEMALE,MD,protective-serv,chess,own-child,82600,-49500,2015-02-07,Multi-vehicle Collision,Side Collision,Major Damage,Other,13,3,?,1,3,NO,66480,5540,11080,49860,Saab,92x,2012,Y,,,,,,,,LU2 7LL,East of England,2023-02-07,,,0.0,9.7,6.3
58,23,520179,1992-05-29,500/1000,2000,1471.44,5000000,MALE,High School,transport-moving,reading,own-child,57500,0,2015-01-20,Single Vehicle Collision,Rear Collision,Major Damage,Fire,8,1,NO,2,1,NO,50380,4580,9160,36640,Chevrolet,Tahoe,2007,Y,,,,,,,,TA6 4ET,South West,2023-01-20,,,0.0,11.7,6.3
475,61,607974,2004-08-12,500/1000,500,1265.72,0,FEMALE,Masters,handlers-cleaners,paintball,wife,0,-59500,2015-02-18,Single Vehicle Collision,Front Collision,Major Damage,Fire,23,1,YES,0,2,?,64350,9900,9900,44550,Mercedes,E400,1998,N,CF10 1AA,,,,,,,PL13 1ET,South West,2024-02-18,29.0,0.0,13.3,27.8,12.4
96,29,465065,2006-12-24,250/500,1000,1274.7,5000000,MALE,College,prof-specialty,hiking,other-relative,47500,-58700,2015-01-11,Multi-vehicle Collision,Rear Collision,Major Damage,Ambulance,15,3,YES,2,3,YES,55400,5540,11080,38780,Chevrolet,Silverado,2004,Y,NG1 1AA,East Midlands,1431.0,58.0,0.0,18.3,6.1,DT2 0GA,South West,2023-01-11,,,3.0,36.0,9.5
99,28,369941,2007-07-24,100/300,500,1330.39,0,MALE,MD,prof-specialty,basketball,wife,0,0,2015-01-22,Single Vehicle Collision,Front Collision,Total Loss,Other,3,1,NO,2,2,YES,49900,4990,9980,34930,Dodge,Neon,1998,N,,,,,,,,BT63 5JA,,2023-01-22,,,1.2,22.9,9.6
38,28,447226,1994-08-17,500/1000,500,1122.95,4000000,MALE,Masters,priv-house-serv,golf,other-relative,78000,0,2015-02-23,Multi-vehicle Collision,Side Collision,Minor Damage,Ambulance,4,3,NO,0,3,YES,74880,12480,12480,49920,Accura,TL,2000,N,,,,,,,,G61 3LF,,2024-02-23,0.0,0.0,1.5,17.9,5.7
259,44,831668,1996-04-10,250/500,2000,1655.79,0,FEMALE,Masters,exec-managerial,exercise,husband,0,0,2015-01-15,Single Vehicle Collision,Front Collision,Minor Damage,Other,8,1,YES,0,0,YES,105820,16280,16280,73260,Audi,A3,2002,N,SW1A 1AA,London,4960.0,187.0,,,,WR11 3JT,West Midlands,2023-01-15,,,0.2,29.0,6.9
241,43,922937,1992-12-11,250/500,1000,935.77,0,MALE,Associate,prof-specialty,golf,own-child,0,-36000,2015-02-20,Vehicle Theft,?,Trivial Damage,Police,21,1,NO,1,0,YES,7150,1300,650,5200,Volkswagen,Jetta,2003,N,,,,,,,,LU2 7LL,East of England,2023-02-20,,,0.0,30.7,11.6
437,58,640474,2010-08-01,500/1000,2000,1192.04,0,MALE,Associate,craft-repair,dancing,own-child,66100,-31400,2015-01-19,Single Vehicle Collision,Front Collision,Total Loss,Ambulance,23,1,YES,0,0,NO,55800,11160,11160,33480,Dodge,RAM,2004,N,SW1A 1AA,London,,,,,,TW3 1GN,London,2023-01-19,,,0.0,11.4,4.1
130,34,153298,2009-03-23,100/300,500,990.11,0,MALE,Masters,sales,kayaking,other-relative,0,-41200,2015-01-10,Parked Car,?,Trivial Damage,,8,1,?,1,3,YES,5830,1060,1060,3710,Dodge,RAM,2015,N,,,,,,,,LU7 2QH,East of England,2024-01-10,84.0,3.0,0.0,21.7,4.0
269,41,334749,1996-07-29,100/300,2000,1422.21,0,FEMALE,Associate,handlers-cleaners,polo,unmarried,0,-46400,2015-01-16,Single Vehicle Collision,Side Collision,Major Damage,Ambulance,21,1,YES,2,1,NO,85900,17180,17180,51540,Suburu,Forrestor,2005,Y,,,,,,,,LU7 2QH,East of England,2023-01-16,,,1.1,24.5,3.5
103,29,221283,1994-08-23,500/1000,500,914.85,0,MALE,Associate,prof-specialty,base-jumping,other-relative,72100,0,2015-02-12,Parked Car,?,Minor Damage,Police,5,1,NO,2,3,NO,7110,790,1580,4740,Accura,MDX,2005,N,SW1A 1AA,London,5183.0,187.0,0.0,16.3,9.1,KT22 9AD,South East,2023-02-12,,,0.0,13.1,8.9
284,43,961496,1992-01-05,250/500,500,1123.84,0,MALE,PhD,prof-specialty,kayaking,other-relative,48200,0,2015-01-23,Multi-vehicle Collision,Side Collision,Total Loss,Fire,12,3,NO,0,0,YES,36960,6720,3360,26880,Chevrolet,Tahoe,2007,N,YO61 1AA,Yorkshire and The Humber,1.0,0.0,8.0,43.4,13.2,LU2 7LL,East of England,2023-01-23,,,0.0,9.4,3.3
189,39,804751,1997-09-11,250/500,2000,838.02,0,FEMALE,College,tech-support,movies,own-child,0,0,2015-02-13,Multi-vehicle Collision,Rear Collision,Minor Damage,Police,7,3,?,2,0,YES,64400,6440,6440,51520,Dodge,Neon,1997,N,,,,,,,,G11 5HD,,2024-02-13,5.0,0.0,0.8,22.7,7.2
267,43,369226,2002-02-10,250/500,500,1300.68,0,MALE,PhD,adm-clerical,sleeping,unmarried,49000,0,2015-01-27,Parked Car,?,Minor Damage,,0,1,NO,1,3,YES,1920,480,0,1440,Chevrolet,Tahoe,2011,N,NG1 1AA,East Midlands,,,,,,KY15 7BA,,2024-01-27,0.0,0.0,0.0,25.7,9.1
39,22,691115,1993-01-28,500/1000,500,1173.21,0,MALE,JD,farming-fishing,polo,not-in-family,0,0,2015-02-14,Single Vehicle Collision,Rear Collision,Major Damage,Police,14,1,YES,0,1,YES,86130,15660,7830,62640,Suburu,Legacy,2009,Y,,,,,,,,TA6 4ET,South West,2023-02-14,,,0.0,14.4,12.9
140,32,713172,1996-10-23,250/500,1000,985.97,5000000,FEMALE,College,protective-serv,cross-fit,other-relative,0,0,2015-02-01,Single Vehicle Collision,Side Collision,Major Damage,Fire,13,1,?,2,3,?,82170,14940,7470,59760,Chevrolet,Silverado,1995,Y,,,,,,,,WS1 4HS,West Midlands,2023-02-01,,,0.0,33.4,9.1
243,41,621756,1997-04-21,100/300,1000,1129.23,0,FEMALE,College,farming-fishing,camping,own-child,17300,-60400,2015-02-23,Single Vehicle Collision,Front Collision,Major Damage,Fire,1,1,?,1,0,YES,50300,10060,5030,35210,Suburu,Legacy,1999,Y,OX1 1AA,South East,,,,,,DT2 0GA,South West,2024-02-23,0.0,0.0,4.4,21.6,6.4
116,31,615116,2008-11-09,250/500,500,1194.83,0,FEMALE,MD,prof-specialty,camping,husband,28600,0,2015-01-20,Single Vehicle Collision,Side Collision,Major Damage,Police,23,1,NO,0,0,NO,44200,4420,8840,30940,Suburu,Forrestor,1997,N,S1 1AA,Yorkshire and The Humber,1118.0,66.0,2.3,36.6,5.7,DT2 0GA,South West,2024-01-20,1.0,0.0,1.2,37.3,5.6
219,43,947598,2002-06-20,100/300,1000,1114.29,0,FEMALE,High School,transport-moving,polo,other-relative,51300,0,2015-01-08,Single Vehicle Collision,Side Collision,Major Damage,Ambulance,1,1,?,2,2,YES,66660,6060,6060,54540,Toyota,Highlander,2006,N,S1 1AA,Yorkshire and The Humber,1118.0,66.0,0.9,21.0,2.7,M24 2GB,North West,2024-01-08,0.0,0.0,0.0,22.9,3.0
96,26,658002,2005-10-21,250/500,2000,1509.04,0,FEMALE,Associate,prof-specialty,bungie-jumping,husband,10000,0,2015-02-23,Single Vehicle Collision,Front Collision,Total Loss,Ambulance,9,1,YES,2,3,NO,78320,7120,14240,56960,Saab,92x,2007,N,S1 1AA,Yorkshire and The Humber,1104.0,75.0,0.0,20.7,7.3,G61 3LF,,2024-02-23,0.0,0.0,1.5,17.9,5.7
149,34,374545,2005-08-28,250/500,500,664.86,0,FEMALE,PhD,craft-repair,skydiving,wife,0,-60000,2015-02-04,Single Vehicle Collision,Rear Collision,Total Loss,Fire,3,1,?,0,1,NO,105040,16160,16160,72720,Dodge,RAM,1999,N,,,,,,,,KY15 7BA,,2023-02-04,,,1.1,25.0,9.8
246,43,805806,2013-01-16,250/500,1000,1267.4,6000000,MALE,JD,adm-clerical,basketball,husband,0,0,2015-02-09,Single Vehicle Collision,Side Collision,Minor Damage,Fire,0,1,NO,2,1,?,50700,5070,5070,40560,Accura,RSX,2006,N,,,,,,,,G11 5HD,,2023-02-09,,,0.2,32.4,8.0
293,45,235097,1992-04-28,100/300,1000,1119.23,0,FEMALE,MD,exec-managerial,exercise,unmarried,51500,0,2015-02-18,Multi-vehicle Collision,Front Collision,Total Loss,Fire,13,3,NO,1,1,NO,51210,11380,5690,34140,Jeep,Wrangler,2015,N,YO61 1AA,Yorkshire and The Humber,0.0,0.0,0.9,23.2,13.9,WS1 4HS,West Midlands,2023-02-18,,,1.2,32.8,12.7
339,48,290971,2005-10-10,100/300,500,1698.51,0,MALE,JD,other-service,dancing,unmarried,0,0,2015-02-10,Multi-vehicle Collision,Rear Collision,Total Loss,Fire,18,3,NO,2,1,?,51840,8640,8640,34560,Volkswagen,Jetta,2001,N,,,,,,,,EX8 5DT,South West,2023-02-10,,,0.0,12.3,9.8
160,33,180286,2009-02-08,500/1000,1000,1422.78,0,FEMALE,High School,exec-managerial,exercise,husband,61600,0,2015-01-20,Multi-vehicle Collision,Front Collision,Total Loss,Ambulance,17,3,?,2,3,YES,52800,5280,5280,42240,Nissan,Pathfinder,2006,N,,,,,,,,M24 2GB,North West,2024-01-20,0.0,0.0,4.5,29.2,5.1
224,42,662088,2005-03-06,500/1000,500,1212.75,0,FEMALE,College,prof-specialty,kayaking,own-child,0,-51400,2015-01-27,Single Vehicle Collision,Front Collision,Minor Damage,Fire,11,1,?,0,0,YES,55200,9200,13800,32200,Honda,Civic,1998,N,,,,,,,,G61 3LF,,2023-01-27,,,0.0,11.6,5.6
194,34,884365,1994-05-17,100/300,1000,1423.34,0,MALE,Associate,sales,camping,not-in-family,55300,-37900,2015-01-21,Vehicle Theft,?,Minor Damage,,0,1,YES,0,3,NO,9100,1400,1400,6300,Chevrolet,Malibu,2003,N,,,,,,,,LS14 3HF,Yorkshire and The Humber,2024-01-21,23.0,0.0,11.8,52.2,12.7
385,51,178081,1990-07-20,250/500,1000,976.37,0,FEMALE,MD,craft-repair,reading,husband,0,-61000,2015-02-18,Multi-vehicle Collision,Rear Collision,Minor Damage,Other,14,3,?,1,3,?,67600,13520,6760,47320,Suburu,Legacy,2007,N,NG1 1AA,East Midlands,,,1.0,37.5,13.2,SN11 8UB,South West,2024-02-18,27.0,1.0,12.4,22.4,12.0
100,33,507452,2005-04-17,250/500,500,1124.59,6000000,MALE,College,adm-clerical,golf,not-in-family,67300,0,2015-02-26,Single Vehicle Collision,Rear Collision,Minor Damage,Other,4,1,NO,1,2,NO,40800,6800,6800,27200,BMW,X5,2004,N,BN1 1AA,South East,1277.0,44.0,9.7,47.5,8.0,SN11 8UB,South West,2024-02-26,27.0,1.0,0.7,39.9,7.8
371,50,990624,1994-02-10,250/500,1000,1569.33,0,MALE,PhD,machine-op-inspct,board-games,not-in-family,79600,0,2015-01-29,Multi-vehicle Collision,Side Collision,Major Damage,Other,2,3,NO,2,1,YES,84500,13000,13000,58500,Volkswagen,Passat,2011,Y,,,,,,,,IM4 7JQ,,2023-01-29,,,,,
175,39,892148,1995-03-29,500/1000,500,1359.36,5000000,MALE,PhD,exec-managerial,hiking,husband,0,-43600,2015-02-08,Multi-vehicle Collision,Front Collision,Major Damage,Other,9,3,YES,2,2,YES,71610,13020,6510,52080,Toyota,Highlander,2012,Y,,,,,,,,KY15 7BA,,2023-02-08,,,2.7,37.5,8.8
373,55,398683,2007-04-30,250/500,500,1607.36,0,MALE,MD,sales,yachting,own-child,0,0,2015-01-19,Multi-vehicle Collision,Rear Collision,Major Damage,Other,21,4,?,0,2,NO,60600,6060,12120,42420,Dodge,RAM,2007,Y,M1 1AE,North West,16.0,1.0,0.0,21.4,5.2,NE9 7EY,North East,2023-01-19,,,0.7,25.7,2.7
258,41,605100,2001-02-15,100/300,500,1042.25,0,MALE,Masters,exec-managerial,reading,unmarried,0,-44400,2015-02-08,Multi-vehicle Collision,Rear Collision,Major Damage,Fire,0,3,NO,2,3,NO,81240,6770,20310,54160,Mercedes,C300,2008,Y,CF10 1AA,,,,0.0,14.3,6.3,IM4 7JQ,,2023-02-08,,,,,
255,39,143109,2001-07-09,250/500,500,1453.95,0,FEMALE,PhD,armed-forces,bungie-jumping,not-in-family,38200,0,2015-01-07,Multi-vehicle Collision,Side Collision,Total Loss,Fire,17,3,YES,0,3,NO,29300,2930,5860,20510,Audi,A3,2010,N,CF10 1AA,,1223.0,92.0,0.0,16.8,4.7,G61 3LF,,2023-01-07,,,14.0,26.0,9.3
37,31,230223,2008-09-06,500/1000,500,1969.63,0,FEMALE,MD,sales,skydiving,own-child,0,0,2015-02-13,Multi-vehicle Collision,Side Collision,Total Loss,Fire,21,3,NO,1,1,YES,76450,6950,13900,55600,Dodge,RAM,1995,N,,,,,,,,KT22 9AD,South East,2024-02-13,128.0,10.0,1.5,28.2,10.9
322,44,769602,2004-12-19,100/300,1000,1156.19,0,FEMALE,College,machine-op-inspct,cross-fit,husband,49900,-62700,2015-02-15,Multi-vehicle Collision,Side Collision,Major Damage,Fire,20,3,YES,0,3,?,49400,9880,4940,34580,Jeep,Wrangler,2010,N,,,,,,,,ME9 8WL,South East,2023-02-15,,,0.0,19.8,11.6
204,38,420815,2000-11-15,100/300,2000,1124.47,0,FEMALE,MD,tech-support,kayaking,wife,0,-45100,2015-02-14,Single Vehicle Collision,Side Collision,Total Loss,Ambulance,5,1,NO,0,1,?,90530,16460,16460,57610,Ford,F150,2003,N,,,,,,,,LL30 3PD,,2023-02-14,,,0.3,20.6,13.5
76,31,973546,2007-03-14,500/1000,500,1493.5,5000000,FEMALE,Associate,priv-house-serv,movies,not-in-family,39900,-44000,2015-01-31,Vehicle Theft,?,Minor Damage,Police,7,1,NO,2,1,NO,8030,1460,730,5840,Mercedes,E400,1995,N,,,,,,,,EX8 5DT,South West,2023-01-31,,,0.0,24.3,10.9
193,40,608039,2004-12-28,100/300,500,1155.38,0,FEMALE,PhD,handlers-cleaners,movies,not-in-family,34200,-32300,2015-01-28,Single Vehicle Collision,Side Collision,Minor Damage,Fire,6,1,NO,0,0,YES,63900,6390,6390,51120,Accura,TL,2001,N,,,,,,,,RM12 4BG,London,2023-01-28,,,0.0,8.7,6.0
405,55,250162,1999-07-05,250/500,500,878.19,0,MALE,PhD,machine-op-inspct,golf,unmarried,57100,0,2015-03-01,Multi-vehicle Collision,Rear Collision,Minor Damage,Fire,2,4,YES,0,2,NO,38640,4830,4830,28980,Chevrolet,Tahoe,1997,N,GL54 1AA,South West,9.0,1.0,8.4,31.1,5.6,PL13 1ET,South West,2024-03-01,34.0,2.0,9.1,47.4,7.5
435,58,786432,1997-11-15,100/300,2000,1145.85,0,MALE,JD,sales,movies,not-in-family,0,-40000,2015-01-10,Multi-vehicle Collision,Rear Collision,Total Loss,Other,19,3,?,1,1,YES,41490,9220,4610,27660,Mercedes,E400,2004,N,,,,,,,,NR18 9AN,East of England,2023-01-10,,,4.6,39.4,12.6
54,35,445195,2010-09-27,100/300,500,1261.28,0,FEMALE,MD,protective-serv,hiking,unmarried,68500,-42100,2015-02-25,Multi-vehicle Collision,Side Collision,Minor Damage,Fire,21,3,YES,2,0,?,79090,14380,7190,57520,Nissan,Maxima,2012,N,CF10 1AA,,,,0.0,25.1,6.8,BT56 8FW,,2024-02-25,41.0,1.0,0.0,20.4,7.5
144,35,938634,1993-08-30,100/300,500,1427.46,0,MALE,High School,machine-op-inspct,cross-fit,wife,0,0,2015-01-30,Multi-vehicle Collision,Side Collision,Major Damage,Police,3,3,?,0,0,?,87900,17580,8790,61530,Dodge,Neon,1995,N,M1 1AE,North West,16.0,1.0,0.8,17.7,11.4,BT56 8FW,,2023-01-30,,,0.3,33.2,9.2
92,32,482495,1998-01-29,500/1000,500,1592.41,0,MALE,Masters,prof-specialty,yachting,husband,58900,-29100,2015-02-06,Single Vehicle Collision,Rear Collision,Total Loss,Ambulance,22,1,?,2,3,YES,53400,5340,5340,42720,Jeep,Wrangler,1996,N,,,,,,,,WR11 3JT,West Midlands,2023-02-06,,,0.0,10.2,7.1
173,36,796005,2007-08-18,250/500,1000,1274.63,0,MALE,College,machine-op-inspct,basketball,unmarried,51000,0,2015-02-08,Single Vehicle Collision,Rear Collision,Total Loss,Fire,22,1,YES,2,3,NO,52030,9460,9460,33110,Accura,MDX,1995,N,SW1A 1AA,London,,,0.0,12.0,7.2,EX8 5DT,South West,2024-02-08,19.0,2.0,26.3,37.8,12.0
436,60,910604,1992-04-14,250/500,500,1362.31,0,MALE,High School,prof-specialty,bungie-jumping,wife,67600,-65300,2015-01-13,Single Vehicle Collision,Front Collision,Minor Damage,Ambulance,16,1,NO,0,2,NO,82060,14920,7460,59680,Saab,93,2005,N,OX1 1AA,South East,,,0.0,34.7,9.5,TW3 1GN,London,2023-01-13,,,0.0,33.0,10.1
155,35,327488,1993-08-09,250/500,1000,919.37,0,FEMALE,Associate,protective-serv,hiking,not-in-family,83600,0,2015-01-18,Single Vehicle Collision,Front Collision,Minor Damage,Ambulance,0,1,?,0,3,?,48360,8060,8060,32240,Nissan,Maxima,1997,N,,,,,,,,NR18 9AN,East of England,2024-01-18,54.0,3.0,0.0,23.8,3.0
78,31,715202,1991-04-02,250/500,1000,1377.23,0,FEMALE,Masters,armed-forces,kayaking,unmarried,72600,0,2015-03-01,Multi-vehicle Collision,Side Collision,Minor Damage,Other,1,3,?,2,1,?,52290,5810,11620,34860,Nissan,Maxima,1997,N,,,,,,,,WR11 3JT,West Midlands,2024-03-01,177.0,9.0,9.0,30.5,7.1
440,57,648852,2007-03-15,100/300,1000,995.55,5000000,MALE,College,protective-serv,paintball,wife,51500,-52100,2015-02-02,Multi-vehicle Collision,Rear Collision,Major Damage,Police,19,3,YES,0,3,?,68200,12400,12400,43400,Jeep,Wrangler,2007,Y,,,,,,,,KT22 9AD,South East,2024-02-02,128.0,10.0,0.0,27.4,12.3
264,43,516959,2010-05-01,100/300,500,1508.12,6000000,MALE,PhD,craft-repair,basketball,wife,0,0,2015-01-20,Multi-vehicle Collision,Rear Collision,Major Damage,Other,0,3,?,2,1,NO,60750,13500,6750,40500,Jeep,Wrangler,2015,Y,NR35 1AA,East of England,,,0.2,25.5,6.2,NR18 9AN,East of England,2023-01-20,,,0.2,28.0,5.7
66,30,984456,2003-06-24,500/1000,500,484.67,0,FEMALE,College,adm-clerical,paintball,wife,21100,-60800,2015-01-24,Multi-vehicle Collision,Front Collision,Major Damage,Fire,2,3,?,0,2,YES,65560,11920,11920,41720,Volkswagen,Passat,2015,Y,,,,,,,,IM4 7JQ,,2023-01-24,,,,,
366,50,801331,1990-07-08,500/1000,1000,1561.41,0,FEMALE,High School,handlers-cleaners,basketball,husband,21200,0,2015-01-04,Multi-vehicle Collision,Rear Collision,Minor Damage,Police,5,3,YES,1,3,NO,70290,12780,12780,44730,Mercedes,C300,2012,N,BN1 1AA,South East,1309.0,46.0,17.9,40.5,10.5,NR18 9AN,East of England,2023-01-04,,,2.7,40.1,13.0
188,37,786103,1994-09-24,100/300,500,1457.21,0,FEMALE,JD,adm-clerical,hiking,own-child,46300,0,2015-01-17,Single Vehicle Collision,Rear Collision,Total Loss,Ambulance,6,1,?,2,0,YES,45000,5000,5000,35000,Suburu,Forrestor,2003,N,,,,,,,,G61 3LF,,2024-01-17,0.0,0.0,0.0,11.0,-0.2
224,39,684193,2012-06-20,500/1000,1000,1128.71,0,FEMALE,JD,prof-specialty,sleeping,other-relative,0,-47100,2015-02-04,Multi-vehicle Collision,Rear Collision,Total Loss,Fire,21,3,YES,2,1,?,61800,12360,6180,43260,Suburu,Impreza,2007,N,NR35 1AA,East of England,,,0.3,14.6,10.3,PL13 1ET,South West,2023-02-04,,,0.0,22.1,10.2
253,46,247505,2006-04-19,100/300,500,1358.2,0,FEMALE,MD,transport-moving,movies,husband,52900,0,2015-02-14,Multi-vehicle Collision,Front Collision,Major Damage,Ambulance,11,3,YES,0,0,NO,64570,5870,11740,46960,Jeep,Wrangler,2001,N,,,,,,,,ME9 8WL,South East,2024-02-14,27.0,0.0,1.1,25.6,12.9
446,61,259792,1999-04-07,100/300,1000,1232.79,0,FEMALE,High School,adm-clerical,reading,unmarried,49900,-62100,2015-01-07,Single Vehicle Collision,Rear Collision,Minor Damage,Other,3,1,YES,2,0,YES,70500,7050,14100,49350,Suburu,Forrestor,2007,N,SW1A 1AA,London,4960.0,187.0,0.0,22.2,4.7,ML9 2SA,,2023-01-07,,,17.1,29.2,8.9
169,37,185124,2001-12-07,100/300,1000,936.19,0,MALE,JD,armed-forces,movies,other-relative,70600,-48500,2015-02-02,Multi-vehicle Collision,Side Collision,Total Loss,Police,4,3,?,2,1,YES,57900,17370,5790,34740,Audi,A5,2005,N,OX1 1AA,South East,388.0,4.0,0.0,31.3,11.7,WR11 3JT,West Midlands,2024-02-02,149.0,5.0,0.1,25.9,11.8
255,46,760700,2006-11-25,250/500,500,1302.34,0,FEMALE,JD,prof-specialty,video-games,own-child,0,-52600,2015-01-12,Multi-vehicle Collision,Front Collision,Minor Damage,Fire,2,3,NO,1,0,NO,57860,5260,10520,42080,Volkswagen,Jetta,2011,N,NG1 1AA,East Midlands,,,5.3,40.7,11.8,LL30 3PD,,2024-01-12,28.0,0.0,0.0,9.4,5.2
209,39,362407,1996-12-06,100/300,500,1264.99,0,MALE,PhD,transport-moving,polo,husband,67800,0,2015-01-01,Single Vehicle Collision,Side Collision,Minor Damage,Fire,22,1,?,1,1,NO,37800,8400,4200,25200,Chevrolet,Silverado,1995,N,,,,,,,,KY15 7BA,,2023-01-01,,,6.9,13.7,4.0
210,37,389525,2012-07-10,500/1000,500,1467.76,0,FEMALE,MD,tech-support,hiking,own-child,38700,-33100,2015-02-22,Single Vehicle Collision,Front Collision,Total Loss,Ambulance,8,1,?,1,3,YES,63300,6330,6330,50640,Toyota,Highlander,2000,N,,,,,,,,G61 3LF,,2024-02-22,0.0,0.0,4.2,25.5,6.5
174,33,179538,2014-04-07,250/500,2000,1124.43,0,FEMALE,College,farming-fishing,paintball,own-child,0,0,2015-01-16,Multi-vehicle Collision,Rear Collision,Total Loss,Ambulance,14,3,YES,0,1,YES,44200,8840,4420,30940,Saab,93,1995,N,,,,,,,,RM12 4BG,London,2024-01-16,459.0,47.0,0.0,12.1,3.4
70,28,265437,2003-10-11,250/500,1000,1319.81,0,MALE,High School,machine-op-inspct,yachting,husband,67200,-59400,2015-01-28,Multi-vehicle Collision,Side Collision,Minor Damage,Police,14,4,NO,1,0,YES,31680,3520,3520,24640,Toyota,Camry,2006,N,,,,,,,,KY15 7BA,,2024-01-28,0.0,0.0,2.6,30.7,10.9
89,32,266247,2015-01-17,100/300,2000,1482.53,0,FEMALE,MD,tech-support,kayaking,not-in-family,49100,-45100,2015-01-23,Parked Car,?,Trivial Damage,Police,5,1,YES,1,2,?,100,10,20,70,Audi,A3,2002,N,M1 1AE,North West,16.0,1.0,,,,TA6 4ET,South West,2024-01-23,154.0,5.0,2.8,32.8,14.0
458,61,921851,1992-12-07,100/300,1000,1328.18,0,FEMALE,High School,protective-serv,bungie-jumping,other-relative,53000,0,2015-02-25,Single Vehicle Collision,Front Collision,Minor Damage,Fire,18,1,NO,2,1,NO,56340,6260,6260,43820,Volkswagen,Passat,2003,N,,,,,,,,IM4 7JQ,,2024-02-25,,,,,
239,40,488724,2004-11-29,100/300,500,1463.95,0,FEMALE,JD,sales,skydiving,own-child,0,0,2015-02-11,Multi-vehicle Collision,Rear Collision,Total Loss,Police,20,3,?,0,0,YES,69740,6340,6340,57060,Dodge,Neon,2003,N,,,,,,,,M24 2GB,North West,2024-02-11,0.0,0.0,1.7,19.5,7.8
161,38,192524,2004-01-02,100/300,2000,1133.85,0,MALE,PhD,priv-house-serv,exercise,not-in-family,60200,0,2015-01-03,Multi-vehicle Collision,Front Collision,Total Loss,Police,0,3,YES,2,2,YES,60480,5040,15120,40320,Volkswagen,Jetta,2003,N,,,,,,,,PO19 6EU,South East,2024-01-03,254.0,3.0,2.7,36.6,10.2
446,61,338070,2006-01-25,500/1000,1000,1037.32,0,FEMALE,High School,tech-support,skydiving,wife,0,-15700,2015-01-30,Multi-vehicle Collision,Rear Collision,Minor Damage,Police,1,3,?,2,1,NO,80880,6740,13480,60660,Nissan,Ultima,2005,N,,,,,,,,EX8 5DT,South West,2023-01-30,,,0.0,20.2,9.4
476,61,865607,1993-04-18,250/500,1000,1562.8,0,FEMALE,Masters,handlers-cleaners,dancing,not-in-family,42800,-68200,2015-01-18,Single Vehicle Collision,Front Collision,Total Loss,Fire,10,1,?,1,2,YES,49390,8980,4490,35920,Suburu,Legacy,2009,N,,,,,,,,BT63 5JA,,2024-01-18,119.0,2.0,0.0,13.8,2.6
70,29,963285,2006-12-09,100/300,1000,1425.79,0,FEMALE,MD,armed-forces,video-games,other-relative,62400,-52300,2015-01-04,Single Vehicle Collision,Front Collision,Minor Damage,Ambulance,12,1,NO,0,3,?,69360,11560,11560,46240,Dodge,RAM,2009,N,OX1 1AA,South East,,,,,,M24 2GB,North West,2024-01-04,0.0,0.0,0.7,14.6,6.8
233,41,728491,1997-08-30,500/1000,2000,1615.14,0,FEMALE,Associate,tech-support,board-games,other-relative,67100,0,2015-01-20,Vehicle Theft,?,Minor Damage,,6,1,NO,0,1,?,3740,680,680,2380,Chevrolet,Malibu,2011,N,NR35 1AA,East of England,30.0,2.0,,,,LU2 7LL,East of England,2023-01-20,,,0.0,19.9,5.0
122,33,553436,1991-06-03,250/500,500,1236.5,0,MALE,PhD,other-service,bungie-jumping,husband,0,-48700,2015-02-12,Parked Car,?,Trivial Damage,,1,1,NO,0,1,NO,5060,460,920,3680,Nissan,Ultima,2003,N,SW1A 1AA,London,5183.0,187.0,,,,NG34 8NE,East Midlands,2023-02-12,,,0.0,11.7,9.2
335,48,440616,1995-09-06,500/1000,2000,1017.97,0,FEMALE,MD,machine-op-inspct,chess,wife,59900,-34800,2015-02-19,Multi-vehicle Collision,Front Collision,Total Loss,Police,21,3,NO,0,0,YES,35860,3260,6520,26080,BMW,X5,2005,Y,,,,,,,,LL30 3PD,,2023-02-19,,,0.0,28.2,9.9
257,40,463237,2000-02-09,100/300,2000,1306.0,0,MALE,Associate,machine-op-inspct,cross-fit,husband,46100,-46900,2015-02-21,Multi-vehicle Collision,Front Collision,Major Damage,Ambulance,3,3,YES,2,1,?,50050,7700,3850,38500,Ford,Fusion,2008,Y,M1 1AE,North West,,,,,,WS1 4HS,West Midlands,2024-02-21,600.0,54.0,7.8,34.3,11.2
85,27,753452,1996-07-23,500/1000,2000,1174.14,0,MALE,College,priv-house-serv,dancing,unmarried,50400,-61500,2015-02-02,Multi-vehicle Collision,Rear Collision,Minor Damage,Fire,14,4,YES,0,0,NO,59070,10740,5370,42960,Toyota,Camry,2012,N,,,,,,,,BT63 5JA,,2023-02-02,,,0.2,23.9,10.5
133,30,920554,2005-09-21,500/1000,1000,1231.01,0,MALE,College,adm-clerical,board-games,husband,0,-31700,2015-02-01,Multi-vehicle Collision,Front Collision,Minor Damage,Fire,19,3,NO,1,2,?,28440,3160,3160,22120,Dodge,Neon,2007,N,,,,,,,,TW3 1GN,London,2023-02-01,,,0.0,28.7,9.8
119,34,594783,2011-12-30,250/500,500,1299.18,0,FEMALE,College,tech-support,hiking,wife,57100,0,2015-01-08,Single Vehicle Collision,Front Collision,Major Damage,Fire,7,1,YES,2,1,YES,45540,8280,8280,28980,Honda,Civic,1998,Y,,,,,,,,LU7 2QH,East of England,2023-01-08,,,2.6,28.5,7.9
169,34,725330,1996-07-21,100/300,500,1469.75,0,FEMALE,JD,sales,reading,not-in-family,0,-57600,2015-01-16,Single Vehicle Collision,Rear Collision,Minor Damage,Fire,0,1,?,0,0,YES,38700,7740,3870,27090,Volkswagen,Passat,2012,N,SW1A 1AA,London,,,,,,TA6 4ET,South West,2023-01-16,,,6.4,27.2,5.6
225,39,607259,1996-04-08,250/500,500,1390.72,0,MALE,Masters,tech-support,paintball,other-relative,83900,-52100,2015-02-20,Parked Car,?,Trivial Damage,,6,1,YES,2,1,YES,5830,1060,530,4240,Nissan,Pathfinder,2011,N,,,,,,,,RM12 4BG,London,2024-02-20,420.0,26.0,0.1,29.0,11.7
84,32,979336,2001-03-04,500/1000,500,1694.09,7000000,FEMALE,Associate,prof-specialty,cross-fit,husband,0,0,2015-01-30,Single Vehicle Collision,Rear Collision,Total Loss,Other,0,1,YES,0,2,?,57240,4770,9540,42930,BMW,X6,1995,Y,,,,,,,,LS14 3HF,Yorkshire and The Humber,2023-01-30,,,0.0,34.5,8.6
169,39,865201,2001-10-19,100/300,2000,1140.15,0,MALE,High School,armed-forces,exercise,husband,0,-36800,2015-01-19,Multi-vehicle Collision,Rear Collision,Total Loss,Police,9,3,YES,0,3,NO,46200,4200,8400,33600,Suburu,Legacy,2015,N,YO61 1AA,Yorkshire and The Humber,1.0,0.0,,,,NE9 7EY,North East,2024-01-19,130.0,5.0,0.0,31.7,4.9
124,32,140977,2006-08-18,100/300,1000,1310.71,0,FEMALE,Masters,farming-fishing,kayaking,wife,29300,0,2015-02-25,Single Vehicle Collision,Side Collision,Total Loss,Ambulance,23,1,YES,0,1,NO,57700,5770,5770,46160,Toyota,Camry,2003,N,CF10 1AA,,1138.0,89.0,,,,WS1 4HS,West Midlands,2023-02-25,,,0.0,24.9,5.7
320,48,787351,2013-04-28,250/500,2000,1730.49,7000000,MALE,College,transport-moving,hiking,not-in-family,46300,-41700,2015-01-24,Multi-vehicle Collision,Front Collision,Minor Damage,Fire,13,3,NO,2,0,NO,56160,4680,9360,42120,Saab,95,1995,N,NR35 1AA,East of England,30.0,2.0,,,,LU7 2QH,East of England,2023-01-24,,,0.0,8.7,2.3
297,47,272330,2009-11-29,250/500,500,1616.65,7000000,MALE,MD,adm-clerical,movies,unmarried,0,-59500,2015-01-16,Multi-vehicle Collision,Side Collision,Total Loss,Fire,0,3,?,0,3,YES,44400,5550,5550,33300,Jeep,Grand Cherokee,1999,N,,,,,,,,SN11 8UB,South West,2023-01-16,,,6.7,25.2,4.3
421,56,728025,1990-02-15,100/300,500,1935.85,4000000,MALE,Masters,machine-op-inspct,reading,own-child,49500,-81100,2015-01-12,Single Vehicle Collision,Rear Collision,Major Damage,Ambulance,7,1,?,2,3,?,92730,16860,8430,67440,Mercedes,E400,2004,Y,,,,,,,,KT22 9AD,South East,2024-01-12,105.0,8.0,0.0,17.6,6.1
136,33,804608,2002-04-12,250/500,1000,855.14,0,FEMALE,PhD,craft-repair,paintball,not-in-family,37900,0,2015-01-04,Single Vehicle Collision,Side Collision,Minor Damage,Fire,23,1,YES,0,1,YES,30700,3070,6140,21490,Toyota,Corolla,2015,N,,,,,,,,IM4 7JQ,,2024-01-04,,,,,
46,24,718829,1999-02-21,250/500,2000,1568.47,4000000,FEMALE,High School,armed-forces,yachting,unmarried,46800,0,2015-02-02,Single Vehicle Collision,Side Collision,Major Damage,Fire,7,1,NO,2,0,?,56600,11320,5660,39620,Toyota,Camry,1999,N,,,,,,,,ME9 8WL,South East,2023-02-02,,,0.1,27.0,10.9
34,24,482404,2011-06-18,500/1000,2000,1550.53,0,FEMALE,MD,armed-forces,dancing,own-child,0,-27700,2015-02-01,Parked Car,?,Trivial Damage,,20,1,YES,0,1,?,3960,660,660,2640,Audi,A3,1998,N,,,,,,,,NG34 8NE,East Midlands,2023-02-01,,,0.0,40.1,9.9
95,30,331170,1995-03-26,250/500,2000,1370.92,0,MALE,College,transport-moving,video-games,unmarried,48900,0,2015-02-14,Single Vehicle Collision,Rear Collision,Minor Damage,Police,22,1,YES,0,3,?,34800,3480,6960,24360,Accura,MDX,1999,N,SW1A 1AA,London,5183.0,187.0,,,,WS1 4HS,West Midlands,2024-02-14,600.0,54.0,0.5,23.2,13.1
140,36,753056,1991-05-03,250/500,500,1363.59,0,FEMALE,JD,armed-forces,kayaking,not-in-family,43200,0,2015-02-08,Multi-vehicle Collision,Rear Collision,Minor Damage,Other,10,3,?,2,0,YES,79500,7950,7950,63600,Chevrolet,Tahoe,2000,N,M1 1AE,North West,16.0,0.0,,,,KT22 9AD,South East,2023-02-08,,,0.0,14.4,6.7
200,34,910365,2001-12-19,250/500,1000,828.42,3000000,FEMALE,College,prof-specialty,basketball,other-relative,0,0,2015-01-22,Single Vehicle Collision,Front Collision,Total Loss,Police,10,1,?,2,2,NO,56000,5600,5600,44800,Chevrolet,Malibu,2009,N,OX1 1AA,South East,363.0,6.0,,,,LL30 3PD,,2024-01-22,28.0,0.0,2.0,36.4,11.2
123,29,379268,2012-08-05,250/500,500,1209.63,0,FEMALE,Masters,machine-op-inspct,chess,not-in-family,64800,-44200,2015-01-14,Single Vehicle Collision,Rear Collision,Minor Damage,Ambulance,17,1,YES,1,0,YES,73260,16280,0,56980,Volkswagen,Jetta,2014,Y,,,,,,,,WR11 3JT,West Midlands,2024-01-14,133.0,5.0,0.8,16.9,5.7
267,46,362843,2004-08-09,250/500,2000,1111.17,0,MALE,MD,craft-repair,base-jumping,unmarried,35000,0,2015-02-03,Parked Car,?,Trivial Damage,,3,1,YES,2,3,YES,4950,900,450,3600,Toyota,Camry,1995,N,OX1 1AA,South East,,,,,,DT2 0GA,South West,2023-02-03,,,0.0,22.7,10.5
290,42,135400,2014-01-20,500/1000,500,989.97,0,MALE,Masters,machine-op-inspct,kayaking,own-child,32500,0,2015-01-20,Single Vehicle Collision,Rear Collision,Minor Damage,Ambulance,10,1,NO,0,1,NO,48000,4800,9600,33600,Saab,95,2013,N,,,,,,,,BT63 5JA,,2024-01-20,119.0,2.0,4.9,33.0,9.3
45,37,798579,2011-12-19,250/500,1000,1114.23,0,MALE,College,prof-specialty,dancing,wife,0,0,2015-01-01,Single Vehicle Collision,Side Collision,Major Damage,Fire,1,1,YES,0,1,YES,52200,10440,5220,36540,Nissan,Pathfinder,2005,N,,,,,,,,NR18 9AN,East of England,2023-01-01,,,3.3,31.9,11.6
186,38,250833,2008-07-28,250/500,2000,1347.31,0,FEMALE,JD,protective-serv,dancing,unmarried,80900,-111100,2015-02-02,Multi-vehicle Collision,Rear Collision,Minor Damage,Ambulance,1,3,NO,2,3,?,73800,12300,12300,49200,Audi,A3,1995,N,S1 1AA,Yorkshire and The Humber,1104.0,75.0,,,,DE56 2JB,East Midlands,2023-02-02,,,0.1,30.5,10.3
135,34,824116,1998-05-05,250/500,2000,1687.53,0,FEMALE,JD,protective-serv,base-jumping,other-relative,0,-69600,2015-01-23,Single Vehicle Collision,Side Collision,Total Loss,Fire,7,1,?,1,2,NO,78200,15640,7820,54740,Audi,A3,2009,N,GL54 1AA,South West,,,,,,BT56 8FW,,2023-01-23,,,1.0,14.4,9.9
110,33,322613,1995-04-16,250/500,1000,1183.48,0,MALE,Associate,other-service,bungie-jumping,husband,0,0,2015-01-26,Single Vehicle Collision,Rear Collision,Major Damage,Ambulance,19,1,?,2,3,NO,55200,13800,9200,32200,Saab,93,2015,Y,,,,,,,,IM4 7JQ,,2024-01-26,,,,,
259,43,871305,1992-02-14,500/1000,2000,1537.13,0,FEMALE,PhD,handlers-cleaners,kayaking,own-child,0,-58300,2015-01-02,Multi-vehicle Collision,Side Collision,Total Loss,Other,3,3,NO,0,2,YES,57060,6340,6340,44380,Ford,Fusion,2012,N,NR35 1AA,East of England,30.0,2.0,,,,NE9 7EY,North East,2023-01-02,,,0.1,17.0,4.7
114,30,488037,2007-07-11,250/500,1000,1173.25,0,FEMALE,Masters,protective-serv,dancing,husband,0,-34700,2015-02-25,Vehicle Theft,?,Minor Damage,,3,1,NO,0,3,YES,4680,520,520,3640,Chevrolet,Malibu,2013,N,,,,,,,,EX8 5DT,South West,2024-02-25,19.0,2.0,21.9,40.1,8.4
404,56,485813,2010-04-07,250/500,1000,1361.16,4000000,FEMALE,Masters,transport-moving,cross-fit,not-in-family,0,-63700,2015-01-15,Single Vehicle Collision,Front Collision,Minor Damage,Ambulance,23,1,NO,2,0,YES,53100,5310,5310,42480,Accura,MDX,2005,Y,NG1 1AA,East Midlands,,,,,,IM4 7JQ,,2024-01-15,,,,,
282,48,886473,1991-03-10,500/1000,2000,1422.56,7000000,FEMALE,MD,prof-specialty,video-games,husband,26900,-55300,2015-02-09,Vehicle Theft,?,Minor Damage,,7,1,?,1,2,NO,3520,640,320,2560,Accura,MDX,2013,N,BN1 1AA,South East,1277.0,44.0,,,,BT63 5JA,,2023-02-09,,,0.0,19.7,7.5
57,25,907113,1996-01-20,500/1000,2000,1143.06,0,FEMALE,Masters,tech-support,dancing,own-child,63100,-54100,2015-01-16,Multi-vehicle Collision,Front Collision,Total Loss,Ambulance,0,3,NO,0,1,YES,72900,14580,14580,43740,Nissan,Maxima,2010,N,YO61 1AA,Yorkshire and The Humber,,,,,,BT63 5JA,,2024-01-16,119.0,2.0,5.9,23.8,4.1
215,38,833321,2010-03-01,250/500,500,1405.71,0,FEMALE,PhD,craft-repair,camping,unmarried,0,0,2015-02-01,Single Vehicle Collision,Rear Collision,Total Loss,Police,10,1,?,0,1,NO,70700,7070,14140,49490,Volkswagen,Passat,2008,N,,,,,,,,G61 3LF,,2024-02-01,0.0,0.0,1.2,26.7,9.4
140,30,521592,2014-06-15,100/300,500,1354.2,0,FEMALE,College,adm-clerical,bungie-jumping,wife,100500,0,2015-02-10,Multi-vehicle Collision,Side Collision,Minor Damage,Other,4,4,?,0,0,?,60170,5470,10940,43760,Nissan,Pathfinder,2006,N,,,,,,,,RM12 4BG,London,2023-02-10,,,0.0,15.7,7.8
250,42,254837,2004-11-25,100/300,500,1055.6,0,MALE,High School,exec-managerial,paintball,husband,69500,-40700,2015-01-03,Single Vehicle Collision,Rear Collision,Major Damage,Other,16,1,?,1,1,?,74800,13600,6800,54400,Ford,Fusion,2009,Y,CF10 1AA,,,,,,,WR11 3JT,West Midlands,2024-01-03,133.0,5.0,2.3,23.4,9.2
286,41,634499,2000-08-26,250/500,1000,999.43,0,MALE,College,prof-specialty,paintball,wife,25800,0,2015-01-01,Vehicle Theft,?,Trivial Damage,Police,3,1,YES,2,0,?,4100,820,410,2870,Chevrolet,Malibu,2009,N,,,,,,,,RM12 4BG,London,2023-01-01,,,3.8,32.9,12.2
356,47,574707,2005-08-23,250/500,2000,1155.97,0,MALE,High School,prof-specialty,camping,husband,0,0,2015-02-23,Single Vehicle Collision,Side Collision,Minor Damage,Other,5,1,YES,0,3,?,61490,5590,11180,44720,Dodge,RAM,2009,N,YO61 1AA,Yorkshire and The Humber,0.0,0.0,,,,DT2 0GA,South West,2024-02-23,0.0,0.0,4.4,21.6,6.4
65,29,476839,1990-08-09,250/500,1000,1726.91,0,MALE,High School,other-service,basketball,own-child,0,0,2015-01-28,Vehicle Theft,?,Trivial Damage,,14,1,?,0,0,?,7200,720,1440,5040,Audi,A5,1999,N,,,,,,,,M24 2GB,North West,2024-01-28,0.0,0.0,0.0,19.4,9.9
187,34,149601,2003-03-28,500/1000,500,1232.57,0,FEMALE,PhD,machine-op-inspct,polo,not-in-family,59500,0,2015-02-22,Multi-vehicle Collision,Side Collision,Minor Damage,Fire,7,3,?,0,0,?,45100,8200,4100,32800,Nissan,Pathfinder,2011,N,SW1A 1AA,London,5183.0,187.0,,,,BT56 8FW,,2024-02-22,41.0,1.0,0.8,25.5,7.5
386,53,630683,2007-10-23,250/500,500,1078.65,0,MALE,JD,craft-repair,camping,not-in-family,36800,0,2015-01-03,Single Vehicle Collision,Front Collision,Minor Damage,Police,16,1,?,2,3,YES,66660,12120,6060,48480,Honda,Civic,2006,N,,,,,,,,LL30 3PD,,2023-01-03,,,16.0,31.6,12.5
197,41,500639,1996-06-27,500/1000,1000,1324.78,0,FEMALE,PhD,prof-specialty,basketball,not-in-family,0,-64500,2015-01-10,Single Vehicle Collision,Front Collision,Major Damage,Police,6,1,NO,2,2,YES,76400,15280,7640,53480,Volkswagen,Jetta,1997,Y,OX1 1AA,South East,,,,,,WR11 3JT,West Midlands,2023-01-10,,,7.6,36.6,12.6
166,37,352120,1994-12-11,250/500,500,1518.54,0,FEMALE,MD,craft-repair,kayaking,not-in-family,0,0,2015-01-25,Single Vehicle Collision,Rear Collision,Total Loss,Ambulance,10,1,YES,1,1,NO,58300,10600,10600,37100,Ford,F150,2001,N,OX1 1AA,South East,363.0,6.0,,,,PL13 1ET,South West,2023-01-25,,,0.2,27.0,9.1
293,49,569245,1995-12-05,100/300,2000,1239.06,0,FEMALE,JD,transport-moving,skydiving,husband,34900,0,2015-01-10,Single Vehicle Collision,Front Collision,Total Loss,Police,19,1,?,1,1,?,57310,5210,10420,41680,Volkswagen,Passat,2002,N,,,,,,,,LA14 5DF,North West,2024-01-10,310.0,12.0,0.0,17.3,5.7
179,32,907012,1996-12-15,500/1000,2000,1246.68,0,FEMALE,PhD,priv-house-serv,movies,own-child,0,0,2015-01-28,Single Vehicle Collision,Front Collision,Minor Damage,Fire,10,1,?,0,1,?,53100,5900,5900,41300,Suburu,Impreza,2006,N,BN1 1AA,South East,,,,,,NR18 9AN,East of England,2024-01-28,54.0,3.0,0.0,22.3,8.7
76,24,700074,2011-06-06,250/500,1000,1622.67,0,FEMALE,MD,priv-house-serv,paintball,husband,0,0,2015-02-18,Multi-vehicle Collision,Side Collision,Total Loss,Ambulance,6,3,NO,1,1,?,74700,14940,7470,52290,Suburu,Forrestor,1997,N,,,,,,,,DE56 2JB,East Midlands,2024-02-18,9.0,0.0,11.4,25.7,11.6
105,28,866805,1995-12-13,250/500,500,1082.36,0,FEMALE,Associate,prof-specialty,golf,own-child,0,0,2015-01-24,Multi-vehicle Collision,Rear Collision,Major Damage,Fire,12,3,NO,2,2,NO,60500,12100,6050,42350,Audi,A5,1995,N,,,,,,,,EX8 5DT,South West,2024-01-24,16.0,0.0,0.0,35.7,12.7
97,26,951863,1997-10-28,250/500,1000,1270.55,0,MALE,Masters,protective-serv,chess,unmarried,0,-72100,2015-01-20,Multi-vehicle Collision,Side Collision,Total Loss,Other,10,3,YES,2,3,NO,84920,7720,15440,61760,Jeep,Wrangler,2006,Y,,,,,,,,NE9 7EY,North East,2024-01-20,130.0,5.0,1.3,31.9,7.7
148,36,211578,1996-01-04,500/1000,1000,1236.32,5000000,FEMALE,MD,adm-clerical,hiking,own-child,55100,0,2015-01-10,Single Vehicle Collision,Side Collision,Total Loss,Police,0,1,NO,2,0,NO,61050,5550,11100,44400,Dodge,Neon,2009,N,,,,,,,,KY15 7BA,,2024-01-10,0.0,0.0,0.1,13.9,4.4
77,26,357394,2008-05-09,250/500,2000,785.82,0,MALE,JD,exec-managerial,movies,other-relative,49700,0,2015-01-07,Multi-vehicle Collision,Rear Collision,Major Damage,Police,12,3,YES,2,0,?,69080,12560,6280,50240,Audi,A5,2009,Y,,,,,,,,LA14 5DF,North West,2023-01-07,,,17.6,38.6,10.1
295,46,863749,2009-12-05,250/500,500,1265.84,0,FEMALE,JD,prof-specialty,paintball,own-child,52200,-44500,2015-01-16,Vehicle Theft,?,Minor Damage,,10,1,YES,1,3,YES,4560,760,380,3420,Nissan,Pathfinder,2007,N,NR35 1AA,East of England,30.0,2.0,,,,LS14 3HF,Yorkshire and The Humber,2024-01-16,23.0,0.0,1.9,31.3,2.7
126,28,596914,1992-01-05,250/500,500,1508.9,0,FEMALE,JD,machine-op-inspct,skydiving,other-relative,0,0,2015-01-01,Multi-vehicle Collision,Rear Collision,Total Loss,Police,3,4,NO,0,1,?,67800,11300,11300,45200,Ford,F150,2011,N,M1 1AE,North West,16.0,1.0,,,,LA14 5DF,North West,2024-01-01,310.0,12.0,11.4,36.4,7.4
132,32,684653,1997-11-15,250/500,2000,1106.84,0,MALE,PhD,other-service,reading,wife,43100,-31900,2015-01-07,Vehicle Theft,?,Minor Damage,Police,21,1,YES,1,1,YES,5600,1120,560,3920,Suburu,Legacy,2005,N,BN1 1AA,South East,,,,,,SN11 8UB,South West,2024-01-07,13.0,0.0,0.1,22.5,3.6
370,55,528259,2012-12-22,500/1000,2000,1389.13,7000000,MALE,JD,other-service,basketball,wife,0,-53200,2015-02-17,Vehicle Theft,?,Minor Damage,,6,1,?,0,2,?,9000,900,1800,6300,Mercedes,ML350,2015,N,,,,,,,,ME9 8WL,South East,2024-02-17,27.0,0.0,1.0,26.4,12.1
257,43,797636,1992-05-19,100/300,1000,974.84,0,FEMALE,JD,transport-moving,kayaking,other-relative,52100,0,2015-02-26,Single Vehicle Collision,Rear Collision,Total Loss,Police,0,1,NO,0,1,YES,85320,21330,7110,56880,Nissan,Pathfinder,2006,N,,,,,,,,ML9 2SA,,2024-02-26,1.0,0.0,0.0,10.9,6.5
9,24,326180,2002-05-25,100/300,2000,1304.46,0,FEMALE,PhD,machine-op-inspct,golf,other-relative,51700,-33300,2015-01-31,Vehicle Theft,?,Trivial Damage,,6,1,NO,0,3,YES,5940,540,1080,4320,Audi,A5,2001,Y,S1 1AA,Yorkshire and The Humber,1118.0,66.0,,,,LU2 7LL,East of England,2024-01-31,850.0,62.0,0.4,31.6,10.1
185,34,620075,2010-04-21,250/500,500,1257.36,0,FEMALE,PhD,armed-forces,movies,husband,0,0,2015-02-27,Multi-vehicle Collision,Side Collision,Major Damage,Fire,20,3,YES,1,1,?,51370,9340,4670,37360,BMW,M5,2000,Y,,,,,,,,ML9 2SA,,2024-02-27,1.0,0.0,3.8,30.1,7.5
234,43,965187,1990-03-26,250/500,500,1257.04,0,MALE,Associate,protective-serv,reading,own-child,0,-48800,2015-03-01,Single Vehicle Collision,Rear Collision,Major Damage,Police,4,1,NO,2,2,YES,51600,10320,5160,36120,Dodge,Neon,2011,N,CF10 1AA,,1273.0,83.0,,,,ME9 8WL,South East,2023-03-01,,,0.5,22.2,6.7
253,44,516182,2007-05-12,100/300,2000,719.52,0,FEMALE,High School,farming-fishing,golf,own-child,45800,0,2015-02-13,Parked Car,?,Trivial Damage,,9,1,NO,0,3,?,5400,600,600,4200,Chevrolet,Malibu,1998,N,,,,,,,,TA6 4ET,South West,2024-02-13,162.0,3.0,2.7,26.6,13.1
233,39,728839,2001-01-02,500/1000,2000,1524.18,0,MALE,JD,craft-repair,reading,unmarried,0,0,2015-01-08,Multi-vehicle Collision,Rear Collision,Minor Damage,Fire,20,3,?,1,0,YES,48870,5430,5430,38010,Saab,95,1999,N,,,,,,,,LU2 7LL,East of England,2023-01-08,,,1.5,31.8,7.8
274,44,771509,2006-08-10,500/1000,500,1395.58,0,FEMALE,JD,tech-support,reading,husband,0,0,2015-02-05,Vehicle Theft,?,Minor Damage,Police,7,1,NO,2,1,?,5590,860,860,3870,BMW,X5,2000,N,SW1A 1AA,London,5183.0,187.0,,,,EX8 5DT,South West,2023-02-05,,,0.0,20.5,8.3
297,48,264221,2014-07-28,500/1000,1000,1243.68,0,MALE,Masters,protective-serv,camping,wife,0,-71400,2015-02-20,Multi-vehicle Collision,Front Collision,Major Damage,Other,18,3,?,0,2,?,54960,6870,0,48090,Toyota,Corolla,2002,Y,M1 1AE,North West,,,,,,WS1 4HS,West Midlands,2023-02-20,,,0.0,29.6,12.1
273,47,602704,2011-09-27,500/1000,1000,1189.04,0,FEMALE,Associate,prof-specialty,video-games,own-child,59600,0,2015-01-24,Multi-vehicle Collision,Side Collision,Minor Damage,Police,0,3,NO,1,3,?,39800,7960,3980,27860,Jeep,Wrangler,2014,N,OX1 1AA,South East,363.0,6.0,,,,WR11 3JT,West Midlands,2024-01-24,133.0,5.0,0.0,37.7,11.7
147,37,672416,2013-04-20,500/1000,2000,1375.29,0,FEMALE,Masters,armed-forces,chess,own-child,0,0,2015-01-31,Multi-vehicle Collision,Side Collision,Major Damage,Ambulance,11,3,?,0,1,?,56160,6240,6240,43680,Ford,Fusion,2015,Y,,,,,,,,LS14 3HF,Yorkshire and The Humber,2024-01-31,23.0,0.0,4.1,40.7,9.7
285,42,545506,1991-03-20,100/300,500,1389.13,0,MALE,Associate,priv-house-serv,golf,not-in-family,63100,-79400,2015-01-23,Single Vehicle Collision,Side Collision,Total Loss,Fire,13,1,NO,0,3,?,52700,5270,10540,36890,Toyota,Corolla,2005,N,,,,,,,,LU7 2QH,East of England,2024-01-23,84.0,3.0,3.0,38.5,12.8
289,43,777533,2002-12-21,500/1000,1000,1387.51,0,FEMALE,Associate,sales,base-jumping,not-in-family,0,0,2015-01-11,Multi-vehicle Collision,Side Collision,Minor Damage,Fire,19,3,YES,1,3,?,68580,7620,7620,53340,Jeep,Wrangler,2010,N,,,,,,,,NG34 8NE,East Midlands,2023-01-11,,,1.1,36.7,10.4
427,60,953334,2005-12-03,100/300,1000,1178.61,7000000,MALE,MD,craft-repair,board-games,own-child,0,-54400,2015-02-20,Single Vehicle Collision,Side Collision,Major Damage,Ambulance,23,1,YES,1,2,YES,90860,12980,19470,58410,Volkswagen,Jetta,2004,Y,,,,,,,,BT63 5JA,,2024-02-20,120.0,1.0,0.7,23.5,12.1
380,53,369781,2011-05-25,250/500,2000,1166.62,6000000,MALE,Associate,priv-house-serv,bungie-jumping,wife,0,0,2015-02-24,Parked Car,?,Trivial Damage,Police,23,1,NO,0,3,NO,5700,570,570,4560,Saab,93,2001,N,M1 1AE,North West,,,,,,LL30 3PD,,2024-02-24,28.0,0.0,0.6,12.4,7.7
13,21,990998,2006-10-18,100/300,1000,1556.31,0,MALE,Associate,prof-specialty,golf,not-in-family,0,-75000,2015-01-19,Multi-vehicle Collision,Side Collision,Total Loss,Police,19,3,YES,2,0,YES,94930,8630,8630,77670,Accura,RSX,2014,N,YO61 1AA,Yorkshire and The Humber,,,,,,NR18 9AN,East of England,2023-01-19,,,0.0,17.9,3.0
282,43,982678,2006-07-19,250/500,500,1452.27,0,MALE,MD,farming-fishing,video-games,not-in-family,75800,0,2015-01-08,Single Vehicle Collision,Side Collision,Major Damage,Ambulance,19,1,NO,1,2,NO,46800,4680,9360,32760,Audi,A5,2007,Y,CF10 1AA,,,,,,,BT63 5JA,,2024-01-08,119.0,2.0,0.0,17.2,5.1
312,47,646069,2002-06-08,500/1000,1000,1212.07,0,FEMALE,MD,exec-managerial,polo,wife,66900,-51800,2015-03-01,Multi-vehicle Collision,Side Collision,Total Loss,Fire,17,3,NO,2,3,NO,56320,7040,7040,42240,Mercedes,ML350,2000,N,,,,,,,,ME9 8WL,South East,2023-03-01,,,0.5,22.2,6.7
266,46,331683,2009-02-12,100/300,2000,1578.54,0,MALE,Associate,handlers-cleaners,chess,husband,0,-41400,2015-01-21,Single Vehicle Collision,Front Collision,Minor Damage,Fire,18,1,NO,1,3,YES,83490,7590,15180,60720,Nissan,Pathfinder,1996,N,NR35 1AA,East of England,30.0,2.0,,,,BT56 8FW,,2024-01-21,42.0,1.0,9.9,50.0,12.5
30,36,364055,2001-05-14,500/1000,500,1488.26,0,FEMALE,College,machine-op-inspct,golf,wife,0,-63500,2015-02-28,Multi-vehicle Collision,Side Collision,Total Loss,Police,17,3,NO,2,2,?,57900,5790,5790,46320,Saab,95,2008,N,,,,,,,,DT2 0GA,South West,2023-02-28,,,0.1,29.2,7.4
198,36,521854,2001-02-16,250/500,1000,1096.39,0,MALE,High School,armed-forces,kayaking,own-child,0,0,2015-01-26,Multi-vehicle Collision,Rear Collision,Total Loss,Fire,11,3,?,1,3,YES,49410,5490,5490,38430,Audi,A3,2015,N,,,,,,,,WR11 3JT,West Midlands,2024-01-26,133.0,5.0,0.6,38.4,12.6
290,45,737252,1993-11-18,500/1000,2000,1215.36,0,MALE,Associate,tech-support,reading,own-child,54400,0,2015-01-31,Multi-vehicle Collision,Side Collision,Minor Damage,Fire,22,3,?,0,1,NO,66200,6620,6620,52960,Suburu,Impreza,2012,N,CF10 1AA,,,,,,,M24 2GB,North West,2024-01-31,0.0,0.0,6.9,33.2,9.2
260,46,344480,1990-02-18,100/300,2000,1482.57,0,MALE,MD,priv-house-serv,reading,husband,35000,0,2015-02-20,Single Vehicle Collision,Front Collision,Minor Damage,Fire,7,1,NO,0,1,NO,64080,10680,10680,42720,Toyota,Camry,2005,N,,,,,,,,ME9 8WL,South East,2023-02-20,,,0.0,25.1,11.8
233,43,898519,2000-05-21,250/500,1000,954.18,0,FEMALE,College,tech-support,dancing,other-relative,0,0,2015-02-17,Multi-vehicle Collision,Side Collision,Minor Damage,Other,17,3,?,2,3,YES,42500,8500,4250,29750,Nissan,Pathfinder,2000,N,S1 1AA,Yorkshire and The Humber,1104.0,75.0,,,,G61 3LF,,2023-02-17,,,12.0,40.5,11.0
130,30,957816,2012-08-26,500/1000,2000,1193.4,0,MALE,PhD,exec-managerial,bungie-jumping,own-child,0,-40800,2015-02-02,Multi-vehicle Collision,Side Collision,Total Loss,Other,16,3,NO,2,3,?,48950,8900,4450,35600,Suburu,Legacy,2005,N,CF10 1AA,,1138.0,89.0,,,,ML9 2SA,,2024-02-02,1.0,0.0,4.3,34.0,10.0
230,42,175960,2004-11-16,100/300,1000,1023.11,0,FEMALE,MD,adm-clerical,golf,own-child,0,-45300,2015-02-06,Multi-vehicle Collision,Rear Collision,Minor Damage,Other,13,3,NO,1,2,YES,58850,10700,10700,37450,Accura,MDX,1999,N,,,,,,,,DE56 2JB,East Midlands,2023-02-06,,,0.0,11.5,5.4
212,40,489618,2003-01-23,500/1000,1000,1524.45,0,FEMALE,Masters,other-service,golf,husband,73200,0,2015-02-11,Multi-vehicle Collision,Side Collision,Minor Damage,Other,17,3,YES,0,2,YES,82400,8240,8240,65920,Nissan,Pathfinder,2006,N,NR35 1AA,East of England,40.0,1.0,,,,TA6 4ET,South West,2024-02-11,162.0,3.0,8.3,28.4,9.4
299,44,717044,2008-11-07,500/1000,1000,1653.32,0,FEMALE,College,other-service,bungie-jumping,other-relative,0,-48800,2015-01-25,Single Vehicle Collision,Rear Collision,Minor Damage,Ambulance,3,1,YES,2,0,?,54240,6780,6780,40680,Suburu,Impreza,2009,N,,,,,,,,LS14 3HF,Yorkshire and The Humber,2024-01-25,23.0,0.0,0.5,28.4,12.0
91,26,101421,1999-10-19,250/500,1000,1022.46,0,FEMALE,Associate,armed-forces,video-games,other-relative,52700,0,2015-02-23,Multi-vehicle Collision,Front Collision,Minor Damage,Other,15,3,?,0,2,?,74200,7420,7420,59360,Jeep,Wrangler,1996,N,,,,,,,,M24 2GB,North West,2023-02-23,,,0.0,18.0,7.6
398,53,793948,1990-12-20,100/300,2000,1396.43,0,FEMALE,Associate,priv-house-serv,base-jumping,unmarried,21500,0,2015-01-29,Single Vehicle Collision,Front Collision,Total Loss,Fire,16,1,YES,2,1,?,47430,5270,5270,36890,Toyota,Camry,2000,N,BN1 1AA,South East,1309.0,46.0,,,,M24 2GB,North West,2023-01-29,,,0.8,30.1,8.7
218,43,737483,1996-02-14,250/500,500,1521.55,0,FEMALE,Associate,priv-house-serv,polo,other-relative,61100,-64500,2015-01-02,Single Vehicle Collision,Rear Collision,Major Damage,Fire,18,1,?,1,3,YES,68200,13640,6820,47740,Dodge,RAM,2003,Y,CF10 1AA,,1223.0,92.0,,,,ME9 8WL,South East,2024-01-02,24.0,0.0,10.2,45.9,12.7
152,33,695117,2001-06-10,100/300,1000,1034.27,0,FEMALE,JD,armed-forces,exercise,husband,0,0,2015-02-06,Single Vehicle Collision,Front Collision,Minor Damage,Fire,18,1,NO,1,0,NO,63900,7100,7100,49700,Accura,TL,2014,N,OX1 1AA,South East,,,,,,TW3 1GN,London,2023-02-06,,,0.0,10.3,8.2
212,39,167466,2010-03-17,100/300,1000,1255.35,0,FEMALE,JD,protective-serv,skydiving,not-in-family,60300,-58900,2015-02-14,Multi-vehicle Collision,Rear Collision,Total Loss,Ambulance,22,2,NO,0,3,YES,59300,11860,5930,41510,Dodge,RAM,2008,N,,,,,,,,WR11 3JT,West Midlands,2023-02-14,,,0.0,12.3,12.1
242,44,664732,2003-07-30,500/1000,2000,1396.89,6000000,FEMALE,College,priv-house-serv,chess,other-relative,0,-61600,2015-02-04,Multi-vehicle Collision,Front Collision,Minor Damage,Other,15,3,NO,1,2,YES,66900,6690,13380,46830,Suburu,Forrestor,1999,Y,NG1 1AA,East Midlands,1359.0,24.0,,,,TA6 4ET,South West,2023-02-04,,,0.0,11.9,10.5
80,27,143038,2014-09-17,500/1000,500,795.31,0,MALE,JD,farming-fishing,skydiving,husband,0,-51000,2015-02-12,Multi-vehicle Collision,Rear Collision,Major Damage,Police,16,3,YES,1,3,?,40810,3710,7420,29680,Ford,F150,2000,Y,,,,,,,,NE9 7EY,North East,2024-02-12,144.0,1.0,0.2,24.8,8.0
260,43,979963,2009-06-03,100/300,500,982.22,0,FEMALE,JD,exec-managerial,skydiving,not-in-family,54500,-72100,2015-02-12,Single Vehicle Collision,Front Collision,Total Loss,Fire,18,1,?,1,0,?,75400,15080,7540,52780,Honda,CRV,2011,N,YO61 1AA,Yorkshire and The Humber,,,,,,PO19 6EU,South East,2023-02-12,,,0.3,17.3,8.6
133,34,467841,1994-10-11,500/1000,500,1074.07,0,FEMALE,JD,prof-specialty,bungie-jumping,husband,70900,-61100,2015-01-28,Parked Car,?,Minor Damage,,8,1,NO,2,0,YES,4200,420,840,2940,Jeep,Wrangler,2013,N,,,,,,,,DT6 6SG,South West,2024-01-28,0.0,0.0,0.0,26.7,10.9
290,45,219028,1991-07-18,100/300,1000,1311.3,0,FEMALE,Associate,machine-op-inspct,chess,wife,38500,0,2015-01-10,Multi-vehicle Collision,Side Collision,Major Damage,Ambulance,23,3,YES,0,0,YES,52650,5850,5850,40950,Ford,F150,2001,Y,,,,,,,,ME9 8WL,South East,2023-01-10,,,6.3,37.1,12.0
322,49,130156,2001-09-24,250/500,2000,1277.12,0,FEMALE,PhD,armed-forces,kayaking,own-child,0,-46000,2015-01-19,Single Vehicle Collision,Rear Collision,Major Damage,Ambulance,18,1,?,0,2,YES,42240,7680,7680,26880,Chevrolet,Malibu,2007,N,OX1 1AA,South East,363.0,6.0,,,,SN11 8UB,South West,2024-01-19,13.0,0.0,0.0,14.4,4.3
228,39,762951,2012-09-19,500/1000,500,1388.62,0,FEMALE,JD,sales,reading,husband,35200,0,2015-01-19,Single Vehicle Collision,Side Collision,Minor Damage,Other,10,1,YES,1,0,YES,59490,6610,6610,46270,Mercedes,ML350,1995,N,M1 1AE,North West,,,,,,IM4 7JQ,,2023-01-19,,,,,
195,37,376879,1991-07-11,100/300,1000,1406.52,8000000,MALE,MD,tech-support,base-jumping,unmarried,0,0,2015-01-28,Single Vehicle Collision,Side Collision,Major Damage,Ambulance,12,1,NO,0,2,NO,44200,4420,4420,35360,Jeep,Wrangler,2002,Y,,,,,,,,BT63 5JA,,2023-01-28,,,0.4,10.7,7.0
247,39,599031,1991-10-29,100/300,500,1558.29,0,FEMALE,Masters,protective-serv,reading,unmarried,0,-49300,2015-02-16,Vehicle Theft,?,Trivial Damage,Police,5,1,YES,1,2,?,7700,770,1540,5390,Saab,93,2000,N,,,,,,,,ME9 8WL,South East,2023-02-16,,,2.4,26.4,10.8
405,57,676255,1999-12-28,500/1000,1000,1132.47,4000000,MALE,MD,priv-house-serv,exercise,other-relative,46300,0,2015-01-08,Multi-vehicle Collision,Front Collision,Total Loss,Other,21,3,?,2,3,?,61440,10240,10240,40960,Saab,93,2008,N,S1 1AA,Yorkshire and The Humber,,,,,,KY15 7BA,,2024-01-08,0.0,0.0,0.3,7.9,1.8
144,37,985446,2012-10-11,250/500,2000,1896.91,0,FEMALE,PhD,handlers-cleaners,sleeping,not-in-family,73700,0,2015-01-24,Multi-vehicle Collision,Rear Collision,Major Damage,Fire,17,3,YES,1,3,NO,54400,5440,10880,38080,Chevrolet,Silverado,2015,Y,,,,,,,,KY15 7BA,,2024-01-24,0.0,0.0,0.8,39.4,8.8
338,47,884180,1995-08-19,500/1000,500,1143.46,4000000,MALE,MD,priv-house-serv,polo,other-relative,0,0,2015-02-18,Single Vehicle Collision,Front Collision,Total Loss,Other,4,1,YES,2,1,?,58560,9760,9760,39040,Mercedes,E400,2002,N,,,,,,,,PO19 6EU,South East,2024-02-18,266.0,3.0,18.2,28.5,14.8
121,34,571462,1991-02-11,500/1000,500,1285.42,0,MALE,MD,priv-house-serv,video-games,wife,0,0,2015-01-21,Single Vehicle Collision,Front Collision,Major Damage,Fire,11,1,NO,1,1,NO,67300,6730,6730,53840,Dodge,RAM,2000,Y,,,,,,,,LU2 7LL,East of England,2023-01-21,,,0.0,11.0,4.3
398,55,815883,1991-07-02,250/500,2000,1305.26,0,MALE,MD,farming-fishing,skydiving,wife,66200,-49700,2015-01-08,Single Vehicle Collision,Rear Collision,Major Damage,Fire,18,1,?,1,3,YES,36740,3340,6680,26720,BMW,X5,1998,Y,S1 1AA,Yorkshire and The Humber,1118.0,66.0,,,,DT2 0GA,South West,2023-01-08,,,10.7,34.9,8.1
9,30,258265,1994-04-10,100/300,1000,1073.83,0,FEMALE,High School,machine-op-inspct,dancing,not-in-family,0,0,2015-02-02,Single Vehicle Collision,Rear Collision,Total Loss,Police,12,1,?,0,0,NO,85690,15580,15580,54530,BMW,3 Series,2011,N,,,,,,,,IM4 7JQ,,2023-02-02,,,,,
115,31,569714,2005-12-04,500/1000,1000,1051.67,0,FEMALE,Associate,exec-managerial,bungie-jumping,not-in-family,0,0,2015-03-01,Multi-vehicle Collision,Side Collision,Major Damage,Ambulance,18,3,YES,0,3,NO,34160,0,4270,29890,Audi,A5,2005,Y,,,,,,,,PO19 6EU,South East,2024-03-01,288.0,8.0,12.4,45.3,7.7
280,48,180008,2014-07-16,250/500,1000,1387.35,0,MALE,JD,transport-moving,paintball,not-in-family,0,-72000,2015-02-04,Single Vehicle Collision,Front Collision,Minor Damage,Fire,16,1,NO,2,2,?,61320,10220,10220,40880,BMW,M5,1998,N,,,,,,,,RM12 4BG,London,2024-02-04,420.0,26.0,0.1,37.0,13.1
254,45,633375,2003-09-17,250/500,500,1083.64,0,MALE,JD,other-service,paintball,husband,59800,0,2015-02-27,Multi-vehicle Collision,Rear Collision,Total Loss,Police,19,3,YES,0,0,?,79680,13280,13280,53120,BMW,3 Series,2004,N,,,,,,,,RM12 4BG,London,2023-02-27,,,0.0,19.3,7.5
141,30,556538,2000-07-15,250/500,1000,1851.78,0,FEMALE,High School,craft-repair,exercise,other-relative,78800,0,2015-02-09,Single Vehicle Collision,Front Collision,Total Loss,Fire,13,1,NO,1,0,YES,61740,6860,6860,48020,Audi,A3,2002,N,,,,,,,,WR11 3JT,West Midlands,2023-02-09,,,0.0,14.1,7.9
441,55,669501,2009-07-29,250/500,500,1270.29,4000000,MALE,College,armed-forces,exercise,husband,24000,-50500,2015-02-19,Parked Car,?,Minor Damage,,4,1,NO,0,0,NO,6400,640,640,5120,Honda,Civic,2002,N,,,,,,,,DT6 6SG,South West,2024-02-19,0.0,0.0,0.3,20.2,12.7
381,55,963761,1991-04-13,500/1000,500,1459.99,0,FEMALE,MD,other-service,chess,wife,35900,0,2015-01-12,Single Vehicle Collision,Rear Collision,Major Damage,Fire,8,1,YES,1,2,YES,60600,12120,6060,42420,Accura,TL,2011,N,SW1A 1AA,London,4960.0,187.0,,,,PL13 1ET,South West,2024-01-12,35.0,0.0,0.0,17.0,5.4
191,38,753005,2005-11-20,100/300,2000,1253.44,0,FEMALE,Masters,craft-repair,sleeping,not-in-family,0,0,2015-02-07,Multi-vehicle Collision,Side Collision,Major Damage,Ambulance,19,3,NO,2,0,NO,56320,10240,5120,40960,Volkswagen,Jetta,2007,N,,,,,,,,LA14 5DF,North West,2023-02-07,,,1.1,19.8,6.8
145,34,454758,1990-05-20,100/300,1000,1142.48,0,FEMALE,JD,priv-house-serv,sleeping,other-relative,0,0,2015-01-13,Single Vehicle Collision,Side Collision,Total Loss,Ambulance,18,1,YES,2,0,NO,52250,9500,4750,38000,Suburu,Legacy,2012,N,BN1 1AA,South East,,,,,,LS14 3HF,Yorkshire and The Humber,2023-01-13,,,4.7,48.3,8.4
479,60,698589,2002-11-28,500/1000,1000,1188.45,0,FEMALE,MD,exec-managerial,camping,other-relative,0,-44800,2015-01-18,Multi-vehicle Collision,Rear Collision,Total Loss,Other,9,2,?,0,3,?,53900,5390,10780,37730,Saab,95,2006,N,,,,,,,,EX8 5DT,South West,2023-01-18,,,0.3,24.2,5.0
215,35,330119,2004-06-15,500/1000,1000,1125.4,0,MALE,Masters,adm-clerical,yachting,husband,40000,-43400,2015-01-15,Vehicle Theft,?,Trivial Damage,,6,1,?,2,1,NO,2640,220,440,1980,Jeep,Wrangler,2001,N,,,,,,,,DT6 6SG,South West,2023-01-15,,,1.6,28.8,6.8
41,33,164464,2010-09-26,250/500,500,1294.41,0,MALE,High School,transport-moving,sleeping,husband,0,0,2015-02-23,Vehicle Theft,?,Minor Damage,,8,1,YES,0,0,?,8970,1380,1380,6210,Dodge,Neon,2011,N,,,,,,,,EX8 5DT,South West,2024-02-23,19.0,2.0,1.6,23.3,7.2
45,31,927354,1990-09-15,100/300,500,1459.5,0,MALE,MD,priv-house-serv,movies,not-in-family,0,0,2015-02-17,Parked Car,?,Minor Damage,,6,1,?,1,3,?,6000,1000,1000,4000,Suburu,Impreza,2000,N,,,,,,,,WS1 4HS,West Midlands,2023-02-17,,,0.2,35.3,13.5
156,38,231508,2009-09-16,100/300,500,1367.99,0,MALE,High School,armed-forces,board-games,own-child,26500,0,2015-02-17,Multi-vehicle Collision,Front Collision,Major Damage,Fire,23,3,?,0,3,?,55200,11040,5520,38640,Saab,92x,1998,Y,NR35 1AA,East of England,40.0,1.0,,,,M24 2GB,North West,2023-02-17,,,1.9,36.4,11.7
246,45,272910,1999-08-12,250/500,500,1594.37,0,MALE,Associate,exec-managerial,board-games,own-child,0,0,2015-01-18,Parked Car,?,Trivial Damage,,13,1,NO,0,3,YES,7260,660,1320,5280,Saab,92x,2008,N,SW1A 1AA,London,4960.0,187.0,,,,EX8 5DT,South West,2024-01-18,16.0,0.0,0.0,20.0,5.0
178,39,305758,2009-03-08,100/300,500,1035.99,0,FEMALE,JD,exec-managerial,sleeping,own-child,0,0,2015-01-17,Multi-vehicle Collision,Front Collision,Minor Damage,Police,3,3,NO,2,0,?,64680,11760,11760,41160,Jeep,Wrangler,2010,N,,,,,,,,LS14 3HF,Yorkshire and The Humber,2023-01-17,,,0.0,20.5,1.8
237,43,950542,2009-04-27,250/500,500,911.53,0,FEMALE,PhD,sales,basketball,husband,53200,0,2015-02-25,Single Vehicle Collision,Rear Collision,Major Damage,Police,23,1,NO,0,1,NO,59200,0,11840,47360,Chevrolet,Malibu,1998,N,,,,,,,,LS14 3HF,Yorkshire and The Humber,2023-02-25,,,0.7,25.6,5.9
127,34,291544,2006-08-02,500/1000,500,1319.97,0,FEMALE,Associate,craft-repair,paintball,own-child,73700,0,2015-01-06,Vehicle Theft,?,Minor Damage,,8,1,YES,1,3,?,4700,470,940,3290,Saab,92x,1998,N,S1 1AA,Yorkshire and The Humber,1118.0,66.0,,,,KY15 7BA,,2024-01-06,0.0,0.0,0.0,10.0,2.7
1,33,388616,1995-12-06,250/500,2000,1391.63,0,MALE,Associate,sales,video-games,husband,61200,0,2015-02-26,Single Vehicle Collision,Side Collision,Total Loss,Other,23,1,YES,0,3,NO,69400,6940,6940,55520,Mercedes,C300,2000,N,,,,,,,,NG34 8NE,East Midlands,2024-02-26,6.0,0.0,0.6,32.4,8.5
5,21,577992,2002-11-13,250/500,500,915.41,5000000,FEMALE,High School,exec-managerial,sleeping,own-child,0,0,2015-02-11,Single Vehicle Collision,Side Collision,Total Loss,Police,23,1,YES,0,0,NO,40500,4050,4050,32400,Nissan,Pathfinder,1998,N,OX1 1AA,South East,,,,,,LU7 2QH,East of England,2023-02-11,,,0.0,13.4,9.9
64,28,342830,1991-11-09,500/1000,1000,1468.82,0,MALE,JD,handlers-cleaners,skydiving,other-relative,56800,-51800,2015-02-13,Multi-vehicle Collision,Side Collision,Minor Damage,Fire,9,3,NO,2,1,NO,60000,5000,10000,45000,Honda,Accord,1997,N,,,,,,,,G61 3LF,,2023-02-13,,,0.0,11.5,7.7
142,30,491170,1998-01-14,500/1000,500,1412.76,0,MALE,PhD,armed-forces,basketball,wife,66400,-63700,2015-01-10,Single Vehicle Collision,Side Collision,Minor Damage,Other,22,1,YES,2,3,NO,67320,11220,11220,44880,Volkswagen,Jetta,1996,N,S1 1AA,Yorkshire and The Humber,,,,,,KY15 7BA,,2024-01-10,0.0,0.0,0.1,13.9,4.4
97,27,175553,2002-04-25,500/1000,500,1588.26,0,FEMALE,High School,tech-support,movies,husband,56700,-49300,2015-01-24,Multi-vehicle Collision,Side Collision,Total Loss,Other,22,3,YES,2,1,YES,75690,8410,8410,58870,Saab,95,2014,N,BN1 1AA,South East,,,,,,IM4 7JQ,,2024-01-24,,,,,
121,31,439341,1991-07-20,100/300,1000,1140.91,0,MALE,Associate,adm-clerical,paintball,other-relative,51300,0,2015-02-15,Multi-vehicle Collision,Side Collision,Major Damage,Fire,15,3,NO,1,2,?,64300,6430,6430,51440,Chevrolet,Silverado,2002,Y,NG1 1AA,East Midlands,,,,,,WS1 4HS,West Midlands,2023-02-15,,,0.2,24.2,10.8
225,43,221186,2004-08-13,100/300,1000,1517.54,0,MALE,JD,priv-house-serv,camping,own-child,0,-20900,2015-01-09,Multi-vehicle Collision,Rear Collision,Major Damage,Police,16,3,NO,2,0,YES,64400,6440,6440,51520,BMW,X5,2011,N,,,,,,,,LA14 5DF,North West,2023-01-09,,,2.7,40.2,7.3
425,53,868031,1990-06-24,250/500,2000,912.29,0,FEMALE,High School,priv-house-serv,paintball,husband,42900,-39100,2015-01-31,Multi-vehicle Collision,Front Collision,Minor Damage,Fire,17,3,?,1,2,?,97080,16180,16180,64720,Saab,92x,2005,N,NR35 1AA,East of England,30.0,2.0,,,,TW3 1GN,London,2024-01-31,688.0,43.0,0.4,26.7,11.0
285,44,844117,1991-08-21,250/500,2000,1144.3,0,MALE,MD,priv-house-serv,base-jumping,not-in-family,52600,0,2015-02-04,Vehicle Theft,?,Minor Damage,Police,3,1,YES,1,0,?,5500,500,500,4500,Honda,Civic,2010,N,,,,,,,,BT63 5JA,,2024-02-04,120.0,1.0,2.4,31.8,12.9
192,38,744557,2011-02-25,500/1000,1000,1281.43,0,FEMALE,Masters,transport-moving,skydiving,not-in-family,65100,-50300,2015-01-30,Multi-vehicle Collision,Rear Collision,Total Loss,Other,10,3,?,0,2,NO,30700,3070,6140,21490,Jeep,Wrangler,2010,N,SW1A 1AA,London,,,,,,DE56 2JB,East Midlands,2023-01-30,,,0.6,30.3,8.2
285,48,159536,2013-02-04,100/300,2000,1101.85,0,FEMALE,College,sales,dancing,wife,46100,0,2015-02-27,Single Vehicle Collision,Side Collision,Minor Damage,Police,9,1,NO,1,2,YES,33480,3720,3720,26040,Nissan,Pathfinder,2012,N,,,,,,,,NG34 8NE,East Midlands,2023-02-27,,,1.6,20.4,7.6
98,26,727109,2001-02-20,500/1000,2000,1082.1,0,MALE,JD,exec-managerial,kayaking,other-relative,0,-30900,2015-02-05,Multi-vehicle Collision,Front Collision,Total Loss,Police,13,2,?,0,1,YES,65430,14540,7270,43620,Jeep,Wrangler,2001,N,,,,,,,,LA14 5DF,North West,2023-02-05,,,0.0,15.3,5.4
175,36,155604,1992-03-03,500/1000,500,1185.44,0,MALE,Masters,exec-managerial,kayaking,not-in-family,44900,-52500,2015-01-30,Multi-vehicle Collision,Rear Collision,Major Damage,Police,15,3,YES,2,1,YES,42680,3880,7760,31040,Accura,RSX,2006,Y,,,,,,,,G61 3LF,,2023-01-30,,,0.8,31.6,7.5
259,45,608443,2006-12-21,500/1000,2000,1175.07,0,MALE,MD,craft-repair,movies,not-in-family,30100,0,2015-01-03,Single Vehicle Collision,Side Collision,Minor Damage,Fire,23,1,?,1,1,NO,87780,7980,7980,71820,Honda,CRV,2011,N,GL54 1AA,South West,9.0,1.0,,,,ME9 8WL,South East,2023-01-03,,,4.6,37.1,11.4
140,36,117862,2000-07-14,500/1000,2000,979.26,0,FEMALE,JD,transport-moving,cross-fit,own-child,0,-67000,2015-03-01,Multi-vehicle Collision,Front Collision,Major Damage,Fire,2,4,YES,0,2,YES,72800,14560,14560,43680,Honda,Accord,1998,N,CF10 1AA,,,,,,,LU7 2QH,East of England,2023-03-01,,,0.5,23.7,7.3
231,37,991553,1991-12-12,250/500,500,920.81,0,FEMALE,High School,sales,chess,wife,0,0,2015-02-13,Single Vehicle Collision,Rear Collision,Major Damage,Fire,14,1,YES,2,0,?,71190,0,7910,63280,Mercedes,C300,1997,Y,,,,,,,,RM12 4BG,London,2024-02-13,420.0,26.0,4.0,25.2,11.2
186,38,727443,2013-07-01,100/300,500,922.85,0,MALE,High School,adm-clerical,golf,husband,70300,-70900,2015-02-25,Vehicle Theft,?,Trivial Damage,,7,1,?,1,1,YES,3600,400,400,2800,Honda,Civic,1999,N,,,,,,,,NE9 7EY,North East,2024-02-25,144.0,1.0,0.1,9.7,6.0
229,41,378587,1998-12-16,250/500,2000,1107.59,3000000,MALE,PhD,tech-support,chess,not-in-family,65400,0,2015-01-23,Single Vehicle Collision,Side Collision,Major Damage,Other,23,1,NO,1,3,NO,62640,10440,10440,41760,Mercedes,C300,2009,N,NG1 1AA,East Midlands,1431.0,58.0,,,,M24 2GB,North West,2023-01-23,,,0.0,8.4,6.3
180,36,420948,2015-01-03,100/300,500,1272.46,0,MALE,College,prof-specialty,exercise,wife,0,0,2015-02-19,Multi-vehicle Collision,Front Collision,Minor Damage,Ambulance,7,3,YES,2,1,?,69630,12660,6330,50640,Toyota,Corolla,1998,N,NG1 1AA,East Midlands,,,,,,IM4 7JQ,,2023-02-19,,,,,
188,33,457188,1994-04-01,250/500,1000,1340.24,0,MALE,High School,protective-serv,chess,own-child,0,-68800,2015-02-08,Multi-vehicle Collision,Rear Collision,Minor Damage,Police,8,3,YES,1,0,?,76010,13820,6910,55280,Dodge,RAM,1995,Y,,,,,,,,NR18 9AN,East of England,2023-02-08,,,0.0,16.2,5.2
214,40,118236,2000-08-15,100/300,1000,1648.0,0,MALE,JD,transport-moving,base-jumping,not-in-family,57700,-43500,2015-02-04,Single Vehicle Collision,Rear Collision,Total Loss,Other,17,1,NO,1,0,YES,44220,8040,4020,32160,Accura,MDX,2000,N,,,,,,,,M24 2GB,North West,2023-02-04,,,1.8,23.5,9.0
178,38,987524,2014-11-13,250/500,500,1381.14,0,FEMALE,College,other-service,camping,wife,0,0,2015-02-22,Multi-vehicle Collision,Rear Collision,Minor Damage,Other,10,3,NO,0,3,NO,57200,5200,10400,41600,BMW,M5,2011,N,,,,,,,,NR18 9AN,East of England,2024-02-22,32.0,3.0,10.9,34.3,11.3
55,35,490596,2011-02-04,500/1000,500,1198.44,8000000,MALE,MD,priv-house-serv,polo,wife,0,0,2015-01-14,Vehicle Theft,?,Minor Damage,Police,9,1,NO,0,3,NO,3080,560,560,1960,Nissan,Ultima,1998,N,NG1 1AA,East Midlands,1431.0,58.0,,,,NR18 9AN,East of England,2024-01-14,54.0,3.0,0.0,19.8,4.5
90,31,524215,1990-06-24,250/500,2000,951.27,0,FEMALE,PhD,other-service,hiking,not-in-family,42100,0,2015-01-06,Single Vehicle Collision,Rear Collision,Total Loss,Other,2,1,YES,1,0,YES,75790,13780,6890,55120,Accura,RSX,2007,N,,,,,,,,TW3 1GN,London,2023-01-06,,,1.6,31.0,12.0
135,30,913464,2009-01-21,500/1000,2000,1341.24,0,FEMALE,MD,farming-fishing,skydiving,wife,37100,-46500,2015-01-19,Multi-vehicle Collision,Rear Collision,Minor Damage,Ambulance,18,3,NO,0,1,NO,32670,5940,2970,23760,Honda,Accord,2003,N,GL54 1AA,South West,9.0,1.0,,,,TW3 1GN,London,2024-01-19,688.0,43.0,0.0,12.7,4.8
277,46,398484,1992-11-07,250/500,2000,1177.57,0,FEMALE,Associate,adm-clerical,video-games,husband,0,-65500,2015-01-24,Vehicle Theft,?,Minor Damage,Police,4,1,?,2,3,NO,3870,430,860,2580,Jeep,Wrangler,2010,N,,,,,,,,LU7 2QH,East of England,2024-01-24,84.0,3.0,0.0,40.2,11.2
211,38,752504,1997-05-15,250/500,1000,1055.09,0,FEMALE,Masters,transport-moving,video-games,own-child,0,0,2015-01-27,Single Vehicle Collision,Front Collision,Total Loss,Fire,12,1,?,0,3,YES,91520,8320,16640,66560,BMW,X6,2005,Y,BN1 1AA,South East,,,,,,TA6 4ET,South West,2023-01-27,,,0.2,16.8,5.7
156,32,449263,1992-03-20,250/500,500,1479.48,0,MALE,Masters,prof-specialty,bungie-jumping,unmarried,0,0,2015-01-13,Single Vehicle Collision,Front Collision,Major Damage,Other,15,1,YES,1,3,YES,74690,6790,13580,54320,Dodge,RAM,2008,Y,NG1 1AA,East Midlands,1431.0,58.0,,,,SN11 8UB,South West,2023-01-13,,,0.1,32.2,9.0
84,30,844007,1995-07-17,500/1000,2000,1827.38,0,MALE,Associate,priv-house-serv,polo,other-relative,0,-15900,2015-01-15,Vehicle Theft,?,Trivial Damage,Police,9,1,YES,1,3,?,4620,420,840,3360,Audi,A5,1998,N,,,,,,,,G11 5HD,,2024-01-15,2.0,0.0,0.0,15.3,0.4
136,32,686522,2000-12-27,100/300,500,1169.62,0,FEMALE,JD,sales,yachting,not-in-family,0,0,2015-02-04,Single Vehicle Collision,Side Collision,Major Damage,Police,6,1,YES,0,0,NO,55000,10000,10000,35000,Toyota,Camry,2008,Y,,,,,,,,TW3 1GN,London,2023-02-04,,,0.5,11.9,9.5
310,48,670142,1999-08-06,100/300,500,1516.34,0,FEMALE,JD,adm-clerical,sleeping,unmarried,11000,0,2015-01-04,Multi-vehicle Collision,Rear Collision,Major Damage,Police,11,4,YES,0,2,NO,59400,13200,6600,39600,Saab,93,1996,Y,,,,,,,,G61 3LF,,2023-01-04,,,7.7,31.4,10.4
123,34,607687,2007-03-03,500/1000,2000,1270.21,0,FEMALE,College,sales,sleeping,husband,16100,-61200,2015-01-14,Multi-vehicle Collision,Side Collision,Total Loss,Fire,13,3,NO,1,1,?,55260,6140,0,49120,Nissan,Ultima,2000,N,,,,,,,,ME9 8WL,South East,2023-01-14,,,11.6,41.8,11.5
243,44,967713,1997-12-25,250/500,500,809.11,0,MALE,JD,craft-repair,polo,other-relative,33200,0,2015-01-27,Multi-vehicle Collision,Side Collision,Minor Damage,Other,4,3,?,2,1,YES,51400,5140,10280,35980,Honda,Civic,1996,N,OX1 1AA,South East,363.0,6.0,,,,KT22 9AD,South East,2024-01-27,105.0,8.0,0.0,20.7,7.8
36,37,291902,2013-11-06,500/1000,1000,1115.81,0,FEMALE,Masters,machine-op-inspct,reading,husband,0,-59800,2015-02-12,Multi-vehicle Collision,Side Collision,Minor Damage,Ambulance,20,3,YES,1,3,?,48780,5420,10840,32520,Dodge,Neon,2008,N,,,,,,,,ME9 8WL,South East,2023-02-12,,,0.2,12.1,8.7
146,31,149839,1990-09-21,100/300,1000,1457.65,5000000,FEMALE,College,armed-forces,camping,own-child,0,0,2015-02-03,Multi-vehicle Collision,Rear Collision,Major Damage,Ambulance,0,3,NO,1,3,?,52380,5820,5820,40740,Toyota,Highlander,2010,N,M1 1AE,North West,,,,,,M24 2GB,North West,2023-02-03,,,1.7,28.1,10.0
154,34,840225,1999-10-05,100/300,1000,1041.36,0,FEMALE,JD,priv-house-serv,cross-fit,husband,53100,-43900,2015-01-26,Multi-vehicle Collision,Side Collision,Total Loss,Other,18,4,?,2,3,YES,74360,13520,13520,47320,Toyota,Highlander,2005,Y,,,,,,,,DT2 0GA,South West,2023-01-26,,,0.0,27.8,6.0
204,40,643226,1992-04-07,250/500,1000,1693.83,7000000,MALE,High School,protective-serv,polo,other-relative,44000,-20800,2015-01-09,Single Vehicle Collision,Front Collision,Minor Damage,Police,6,1,?,1,0,?,53400,5340,5340,42720,Honda,CRV,2003,N,,,,,,,,IM4 7JQ,,2024-01-09,,,,,
458,59,535879,2009-03-05,100/300,1000,1685.69,0,FEMALE,High School,protective-serv,hiking,wife,31400,0,2015-02-17,Single Vehicle Collision,Front Collision,Total Loss,Police,23,1,?,2,2,YES,71800,14360,14360,43080,Jeep,Grand Cherokee,1995,N,S1 1AA,Yorkshire and The Humber,,,,,,NR18 9AN,East of England,2023-02-17,,,0.5,33.1,14.8
147,31,746630,1997-02-10,250/500,500,1054.92,6000000,FEMALE,PhD,prof-specialty,exercise,own-child,51900,0,2015-01-16,Single Vehicle Collision,Front Collision,Major Damage,Other,4,1,?,0,0,?,68240,8530,0,59710,Toyota,Corolla,2013,Y,,,,,,,,M24 2GB,North West,2023-01-16,,,0.3,16.8,2.3
279,45,598308,1992-01-28,250/500,2000,1333.97,6000000,FEMALE,MD,other-service,bungie-jumping,unmarried,61100,-30700,2015-01-12,Multi-vehicle Collision,Rear Collision,Major Damage,Other,21,3,?,1,0,?,61050,11100,11100,38850,Dodge,RAM,2011,Y,,,,,,,,TA6 4ET,South West,2024-01-12,154.0,5.0,0.0,13.5,5.9
308,47,720356,2013-09-16,100/300,1000,1013.61,6000000,FEMALE,Associate,craft-repair,movies,own-child,45700,-41400,2015-01-03,Parked Car,?,Minor Damage,,7,1,?,1,1,YES,5590,860,860,3870,Suburu,Impreza,2002,N,GL54 1AA,South West,9.0,1.0,,,,RM12 4BG,London,2024-01-03,459.0,47.0,1.3,28.5,10.5
284,48,724752,2008-05-16,500/1000,500,958.3,0,FEMALE,PhD,machine-op-inspct,exercise,husband,47900,0,2015-01-22,Multi-vehicle Collision,Side Collision,Major Damage,Fire,19,3,?,0,0,?,46860,8520,8520,29820,Volkswagen,Passat,1998,N,OX1 1AA,South East,363.0,6.0,,,,KY15 7BA,,2023-01-22,,,0.5,17.0,7.4
108,31,148498,2002-01-04,250/500,2000,1112.04,6000000,FEMALE,PhD,other-service,base-jumping,own-child,52800,-54300,2015-01-13,Parked Car,?,Minor Damage,,5,1,NO,1,3,NO,4290,780,780,2730,Volkswagen,Passat,1998,N,BN1 1AA,South East,1309.0,46.0,,,,M24 2GB,North West,2023-01-13,,,3.0,37.1,7.4
421,57,110122,2002-04-02,250/500,2000,1206.26,0,FEMALE,Associate,armed-forces,bungie-jumping,own-child,69900,0,2015-01-31,Multi-vehicle Collision,Front Collision,Minor Damage,Police,22,3,YES,0,0,NO,78500,15700,7850,54950,Audi,A3,2015,N,CF10 1AA,,1223.0,92.0,,,,M24 2GB,North West,2023-01-31,,,1.2,31.7,8.4
266,42,281388,1998-07-16,500/1000,1000,763.67,0,MALE,Associate,prof-specialty,movies,own-child,12800,-49700,2015-02-04,Single Vehicle Collision,Side Collision,Total Loss,Police,12,1,YES,1,3,YES,70830,7870,7870,55090,Jeep,Grand Cherokee,2005,N,,,,,,,,PL13 1ET,South West,2024-02-04,29.0,0.0,0.1,26.6,11.7
412,56,728600,2002-08-15,250/500,500,1042.56,0,MALE,High School,handlers-cleaners,yachting,own-child,0,-66100,2015-01-20,Multi-vehicle Collision,Front Collision,Total Loss,Police,19,3,NO,0,2,NO,68040,15120,7560,45360,Suburu,Forrestor,1997,N,,,,,,,,WR11 3JT,West Midlands,2023-01-20,,,0.0,13.0,5.9
31,32,231548,1999-09-07,100/300,2000,1263.48,4000000,FEMALE,JD,other-service,hiking,wife,46800,-87300,2015-02-07,Single Vehicle Collision,Side Collision,Major Damage,Fire,10,1,?,2,0,?,63600,5300,10600,47700,Audi,A5,1997,Y,,,,,,,,ML9 2SA,,2024-02-07,1.0,0.0,0.6,14.5,3.2
465,63,531160,2012-01-12,250/500,500,1006.99,6000000,FEMALE,Masters,sales,board-games,own-child,0,0,2015-02-05,Single Vehicle Collision,Side Collision,Minor Damage,Other,7,1,NO,0,3,?,43560,4840,4840,33880,Suburu,Legacy,2015,N,,,,,,,,BT56 8FW,,2024-02-05,41.0,1.0,,,
126,31,889003,1996-08-18,250/500,1000,1328.26,0,MALE,Masters,sales,exercise,not-in-family,42300,-45800,2015-01-02,Single Vehicle Collision,Front Collision,Total Loss,Police,17,1,NO,1,1,NO,60840,13520,6760,40560,Suburu,Forrestor,2011,N,,,,,,,,NE9 7EY,North East,2023-01-02,,,0.1,17.0,4.7
407,55,193213,1996-03-11,100/300,1000,1250.08,5000000,FEMALE,PhD,tech-support,bungie-jumping,wife,0,-57700,2015-02-08,Multi-vehicle Collision,Side Collision,Total Loss,Police,0,3,?,2,3,YES,68160,11360,11360,45440,Ford,Escape,2010,N,S1 1AA,Yorkshire and The Humber,1104.0,75.0,,,,WS1 4HS,West Midlands,2023-02-08,,,0.0,21.3,4.7
101,27,557218,1997-11-23,500/1000,500,982.7,6000000,FEMALE,College,transport-moving,video-games,unmarried,30800,-43700,2015-01-13,Parked Car,?,Minor Damage,,9,1,NO,1,0,NO,5170,940,470,3760,Toyota,Camry,2001,N,SW1A 1AA,London,4960.0,187.0,,,,LS14 3HF,Yorkshire and The Humber,2024-01-13,23.0,0.0,0.0,17.8,7.0
187,37,125591,2013-08-08,500/1000,1000,1412.06,5000000,FEMALE,Masters,protective-serv,reading,not-in-family,60100,0,2015-01-16,Single Vehicle Collision,Side Collision,Total Loss,Ambulance,21,1,?,0,3,?,57700,5770,5770,46160,Nissan,Maxima,2000,N,,,,,,,,WR11 3JT,West Midlands,2023-01-16,,,0.0,25.1,4.5
252,46,227244,1996-11-30,500/1000,2000,1066.7,0,FEMALE,JD,handlers-cleaners,sleeping,own-child,0,0,2015-01-30,Multi-vehicle Collision,Front Collision,Total Loss,Other,22,3,NO,0,2,NO,89520,14920,14920,59680,Audi,A3,2014,N,,,,,,,,LU2 7LL,East of England,2024-01-30,850.0,62.0,0.3,29.2,11.8
229,43,791425,1997-06-18,250/500,2000,1585.54,0,MALE,High School,protective-serv,reading,not-in-family,42600,-44400,2015-02-26,Vehicle Theft,?,Minor Damage,,3,1,NO,1,0,YES,4620,420,840,3360,Volkswagen,Jetta,2012,N,SW1A 1AA,London,5183.0,187.0,,,,WR11 3JT,West Midlands,2024-02-26,149.0,5.0,0.4,34.1,7.8
246,39,354455,2007-04-19,250/500,1000,1416.08,0,FEMALE,JD,craft-repair,yachting,other-relative,0,-36600,2015-01-27,Single Vehicle Collision,Rear Collision,Minor Damage,Ambulance,16,1,YES,0,3,?,45180,5020,5020,35140,Honda,CRV,2004,N,M1 1AE,North West,,,,,,EX8 5DT,South West,2023-01-27,,,0.0,18.9,5.3
190,38,601042,2007-09-19,250/500,500,1246.03,0,MALE,JD,craft-repair,movies,unmarried,61900,-50000,2015-01-28,Single Vehicle Collision,Side Collision,Total Loss,Other,14,1,YES,0,0,NO,45100,9020,4510,31570,Nissan,Maxima,2013,N,,,,,,,,LU7 2QH,East of England,2023-01-28,,,0.0,11.6,5.7
95,32,433663,1996-12-21,500/1000,2000,1356.64,0,MALE,Masters,machine-op-inspct,golf,not-in-family,67800,-48600,2015-02-23,Multi-vehicle Collision,Side Collision,Total Loss,Police,21,3,YES,0,3,YES,83160,15120,15120,52920,Toyota,Camry,2003,N,SW1A 1AA,London,5183.0,187.0,,,,EX8 5DT,South West,2023-02-23,,,5.9,30.3,8.4
205,42,471938,2008-02-03,100/300,2000,1387.7,4000000,FEMALE,High School,priv-house-serv,skydiving,other-relative,0,0,2015-01-18,Single Vehicle Collision,Rear Collision,Minor Damage,Police,19,1,NO,2,1,NO,86130,15660,15660,54810,Chevrolet,Silverado,1995,N,,,,,,,,TA6 4ET,South West,2023-01-18,,,0.0,25.8,5.3
41,25,564654,2003-07-16,100/300,1000,1004.14,0,MALE,Masters,priv-house-serv,sleeping,wife,35400,0,2015-02-15,Multi-vehicle Collision,Front Collision,Major Damage,Fire,13,3,NO,1,3,NO,48000,9600,4800,33600,Dodge,RAM,1995,N,,,,,,,,PL13 1ET,South West,2023-02-15,,,2.1,24.7,11.8
137,35,645723,1991-05-05,500/1000,500,1107.07,0,FEMALE,High School,protective-serv,movies,husband,0,-45300,2015-02-04,Vehicle Theft,?,Minor Damage,Police,21,1,NO,0,0,YES,3300,600,600,2100,Saab,92x,2008,N,YO61 1AA,Yorkshire and The Humber,0.0,0.0,,,,NR18 9AN,East of England,2024-02-04,32.0,3.0,0.1,37.5,13.1
194,34,573572,1991-06-16,100/300,500,1429.96,0,FEMALE,JD,protective-serv,board-games,husband,67800,0,2015-01-12,Multi-vehicle Collision,Rear Collision,Minor Damage,Ambulance,11,3,NO,1,2,YES,57200,11440,5720,40040,Toyota,Camry,2005,N,OX1 1AA,South East,363.0,6.0,,,,NG34 8NE,East Midlands,2023-01-12,,,3.1,41.7,12.2
128,35,437960,2001-04-03,250/500,1000,1074.99,0,FEMALE,Associate,adm-clerical,bungie-jumping,husband,0,-48800,2015-01-02,Vehicle Theft,?,Trivial Damage,Police,16,1,?,2,0,?,7590,1380,690,5520,Accura,MDX,2012,N,M1 1AE,North West,,,,,,G61 3LF,,2024-01-02,0.0,0.0,8.3,25.3,6.1
150,37,649800,2014-03-16,500/1000,1000,1007.0,0,FEMALE,PhD,transport-moving,board-games,unmarried,30400,-89400,2015-01-27,Single Vehicle Collision,Rear Collision,Total Loss,Police,9,1,NO,0,2,?,80080,12320,12320,55440,Chevrolet,Silverado,2013,N,,,,,,,,NE9 7EY,North East,2023-01-27,,,2.3,13.0,6.5
104,30,544225,2010-08-03,100/300,500,1052.85,0,FEMALE,MD,protective-serv,skydiving,other-relative,0,-70100,2015-02-09,Vehicle Theft,?,Minor Damage,Police,8,1,NO,0,0,YES,4800,960,480,3360,BMW,3 Series,2006,N,,,,,,,,NR18 9AN,East of England,2024-02-09,32.0,3.0,14.1,29.4,11.8
163,37,390256,2009-11-25,500/1000,1000,1200.33,4000000,FEMALE,High School,craft-repair,cross-fit,own-child,0,-36400,2015-02-06,Vehicle Theft,?,Minor Damage,Police,7,1,?,2,1,YES,3900,390,780,2730,Volkswagen,Jetta,2008,Y,NR35 1AA,East of England,,,,,,IM4 7JQ,,2024-02-06,,,,,
80,26,488597,2001-05-08,100/300,1000,1343.0,0,MALE,Masters,handlers-cleaners,camping,other-relative,64600,0,2015-01-03,Single Vehicle Collision,Front Collision,Minor Damage,Other,12,1,?,0,0,NO,90400,9040,9040,72320,BMW,3 Series,1995,N,,,,,,,,TW3 1GN,London,2023-01-03,,,2.7,35.6,12.5
65,29,133889,2004-06-14,250/500,2000,1441.6,5000000,FEMALE,MD,sales,kayaking,own-child,0,0,2015-01-12,Multi-vehicle Collision,Rear Collision,Minor Damage,Other,21,3,YES,0,0,?,62900,6290,12580,44030,Jeep,Grand Cherokee,1998,N,CF10 1AA,,1223.0,92.0,,,,LU7 2QH,East of England,2023-01-12,,,8.2,39.4,11.3
179,32,931901,1994-08-07,100/300,1000,1433.42,6000000,FEMALE,Associate,protective-serv,base-jumping,own-child,53800,0,2015-01-22,Single Vehicle Collision,Rear Collision,Major Damage,Police,4,1,YES,1,2,NO,54200,5420,10840,37940,Nissan,Ultima,2014,Y,CF10 1AA,,1223.0,92.0,,,,LU2 7LL,East of England,2024-01-22,850.0,62.0,7.8,50.4,11.5
372,50,769475,2004-08-26,500/1000,2000,1368.57,0,FEMALE,MD,tech-support,paintball,other-relative,0,0,2015-01-03,Multi-vehicle Collision,Side Collision,Major Damage,Police,18,3,NO,2,2,YES,51800,5180,10360,36260,Accura,MDX,2003,N,,,,,,,,BT56 8FW,,2023-01-03,,,8.4,33.6,10.3
398,55,844062,1990-05-25,250/500,500,862.19,0,MALE,High School,adm-clerical,movies,unmarried,69400,0,2015-02-23,Vehicle Theft,?,Trivial Damage,Police,7,1,?,2,3,?,6600,600,1200,4800,Accura,MDX,2012,N,,,,,,,,NE9 7EY,North East,2023-02-23,,,0.1,24.7,7.6
213,35,844129,1990-09-20,250/500,500,871.46,0,MALE,MD,tech-support,movies,husband,58500,-77700,2015-01-22,Single Vehicle Collision,Side Collision,Total Loss,Fire,13,1,YES,2,0,YES,74140,13480,6740,53920,Ford,Escape,2007,N,,,,,,,,WS1 4HS,West Midlands,2024-01-22,624.0,52.0,2.0,44.9,11.9
79,25,732169,2000-11-05,500/1000,500,1863.04,0,FEMALE,Associate,priv-house-serv,paintball,not-in-family,53400,-35200,2015-02-13,Single Vehicle Collision,Front Collision,Total Loss,Fire,0,1,NO,2,1,?,67800,13560,6780,47460,Mercedes,C300,1995,N,NG1 1AA,East Midlands,,,,,,LU7 2QH,East of England,2023-02-13,,,0.0,13.4,10.0
232,44,221854,1994-10-03,250/500,2000,1181.64,0,MALE,College,other-service,exercise,wife,25800,0,2015-02-08,Single Vehicle Collision,Rear Collision,Major Damage,Fire,22,1,?,1,1,YES,55400,5540,11080,38780,Jeep,Grand Cherokee,2002,Y,BN1 1AA,South East,,,,,,LL30 3PD,,2024-02-08,28.0,0.0,14.9,28.3,3.7
230,37,776950,2005-04-11,500/1000,1000,1060.74,0,MALE,PhD,tech-support,reading,own-child,0,-51500,2015-01-09,Single Vehicle Collision,Rear Collision,Major Damage,Ambulance,15,1,YES,2,3,?,49100,9820,4910,34370,Suburu,Impreza,1996,Y,,,,,,,,NE9 7EY,North East,2024-01-09,130.0,5.0,0.0,16.9,4.1
234,41,291006,1990-05-16,100/300,500,951.56,0,FEMALE,JD,transport-moving,video-games,wife,59400,-78600,2015-02-08,Multi-vehicle Collision,Side Collision,Major Damage,Police,3,3,NO,2,1,?,98280,15120,7560,75600,Chevrolet,Tahoe,2007,Y,NG1 1AA,East Midlands,1359.0,24.0,,,,WR11 3JT,West Midlands,2024-02-08,149.0,5.0,22.4,27.4,10.1
240,40,845751,2004-09-11,100/300,500,1533.71,9000000,FEMALE,JD,protective-serv,polo,own-child,0,-70900,2015-01-10,Multi-vehicle Collision,Rear Collision,Total Loss,Fire,18,2,YES,0,2,?,66550,6050,12100,48400,Ford,Escape,2008,N,,,,,,,,LU7 2QH,East of England,2023-01-10,,,6.9,36.4,12.1
143,33,889764,1993-11-30,500/1000,1000,1200.09,0,FEMALE,Associate,craft-repair,board-games,unmarried,38400,-5700,2015-01-26,Multi-vehicle Collision,Side Collision,Major Damage,Fire,17,3,?,2,2,?,70400,14080,7040,49280,Accura,RSX,2002,N,,,,,,,,BT56 8FW,,2024-01-26,42.0,1.0,4.3,31.7,8.4
266,42,929306,2003-03-06,100/300,500,1093.83,4000000,MALE,Associate,adm-clerical,board-games,other-relative,0,-49600,2015-02-21,Multi-vehicle Collision,Side Collision,Major Damage,Ambulance,18,3,?,1,1,NO,53280,4440,8880,39960,Suburu,Impreza,2015,Y,,,,,,,,LL30 3PD,,2024-02-21,28.0,0.0,10.9,37.9,13.1
89,32,515457,1996-12-18,250/500,1000,988.93,0,FEMALE,High School,craft-repair,golf,unmarried,27600,0,2015-01-23,Single Vehicle Collision,Front Collision,Total Loss,Other,11,1,?,2,3,YES,84590,15380,15380,53830,Dodge,Neon,1999,N,NG1 1AA,East Midlands,,,,,,WS1 4HS,West Midlands,2023-01-23,,,0.0,11.7,4.2
229,37,556270,1995-02-21,500/1000,1000,1331.94,0,FEMALE,Masters,farming-fishing,base-jumping,not-in-family,0,-55400,2015-02-05,Single Vehicle Collision,Rear Collision,Total Loss,Other,17,1,NO,0,2,YES,54560,9920,9920,34720,Saab,95,2004,N,,,,,,,,G11 5HD,,2023-02-05,,,0.0,18.1,6.5
245,40,908935,2009-12-11,500/1000,1000,1361.45,0,MALE,PhD,handlers-cleaners,camping,unmarried,39300,0,2015-02-15,Single Vehicle Collision,Rear Collision,Minor Damage,Ambulance,12,1,YES,0,2,YES,82170,7470,7470,67230,Suburu,Forrestor,1999,N,BN1 1AA,South East,1277.0,44.0,,,,TW3 1GN,London,2023-02-15,,,0.0,17.4,12.7
50,44,525862,2000-10-18,250/500,2000,1188.51,0,MALE,College,handlers-cleaners,bungie-jumping,unmarried,0,-65800,2015-01-08,Multi-vehicle Collision,Front Collision,Total Loss,Police,15,3,?,1,2,NO,61100,6110,12220,42770,Dodge,Neon,2008,N,,,,,,,,LU7 2QH,East of England,2023-01-08,,,2.6,28.5,7.9
230,43,490514,2007-02-09,500/1000,2000,1101.83,0,MALE,High School,exec-managerial,cross-fit,other-relative,28900,0,2015-01-01,Multi-vehicle Collision,Front Collision,Minor Damage,Police,0,3,?,0,3,YES,51900,5190,10380,36330,BMW,M5,2011,Y,BN1 1AA,South East,,,,,,G11 5HD,,2023-01-01,,,2.9,19.4,3.1
17,39,774895,2006-10-28,250/500,1000,840.95,0,FEMALE,JD,adm-clerical,hiking,unmarried,32500,-80800,2015-02-26,Parked Car,?,Trivial Damage,Police,9,1,?,2,1,?,3440,430,430,2580,Suburu,Legacy,2002,N,,,,,,,,WR11 3JT,West Midlands,2023-02-26,,,0.0,23.5,7.2
163,36,974522,2000-01-27,250/500,1000,1503.21,0,MALE,MD,other-service,cross-fit,husband,55700,-49900,2015-02-28,Single Vehicle Collision,Side Collision,Total Loss,Ambulance,1,1,YES,2,1,NO,51390,5710,11420,34260,Toyota,Corolla,2013,N,,,,,,,,TA6 4ET,South West,2023-02-28,,,0.2,22.6,8.7
29,32,669809,2002-04-05,100/300,1000,1722.5,0,MALE,High School,other-service,base-jumping,wife,0,-21500,2015-01-13,Single Vehicle Collision,Side Collision,Major Damage,Other,22,1,?,0,2,?,76900,7690,7690,61520,Jeep,Wrangler,1995,N,M1 1AE,North West,,,,,,TA6 4ET,South West,2024-01-13,154.0,5.0,0.0,6.4,3.7
232,42,182953,2013-04-30,100/300,500,944.03,0,MALE,College,handlers-cleaners,kayaking,not-in-family,0,-58400,2015-02-19,Single Vehicle Collision,Rear Collision,Minor Damage,Other,11,1,YES,2,3,?,77000,15400,7700,53900,Toyota,Highlander,2015,Y,,,,,,,,PL13 1ET,South West,2024-02-19,29.0,0.0,0.2,24.4,12.8
235,39,836349,2013-05-01,500/1000,2000,1453.61,4000000,MALE,JD,craft-repair,yachting,other-relative,0,0,2015-01-13,Single Vehicle Collision,Side Collision,Major Damage,Other,10,1,?,0,3,?,60320,9280,9280,41760,Chevrolet,Tahoe,2012,Y,,,,,,,,LU7 2QH,East of England,2023-01-13,,,0.0,36.4,8.9
295,46,591269,1999-01-09,100/300,500,1672.88,0,FEMALE,High School,armed-forces,dancing,wife,0,0,2015-02-17,Single Vehicle Collision,Rear Collision,Minor Damage,Fire,5,1,YES,1,1,NO,60700,12140,6070,42490,Honda,Civic,1997,N,,,,,,,,LA14 5DF,North West,2023-02-17,,,5.5,45.9,10.6
22,21,550127,2007-07-04,250/500,1000,1248.05,0,FEMALE,High School,exec-managerial,movies,husband,37500,-54000,2015-02-15,Multi-vehicle Collision,Rear Collision,Total Loss,Police,3,3,YES,1,2,?,53280,5920,0,47360,Chevrolet,Malibu,2015,N,NR35 1AA,East of England,,,,,,SN11 8UB,South West,2024-02-15,27.0,1.0,3.8,20.6,15.3
286,43,663190,1994-02-05,100/300,500,1564.43,3000000,FEMALE,MD,prof-specialty,movies,unmarried,77500,-32800,2015-01-31,Single Vehicle Collision,Rear Collision,Minor Damage,Fire,18,1,?,2,2,YES,34290,3810,3810,26670,Jeep,Grand Cherokee,2013,N,CF10 1AA,,,,,,,ME9 8WL,South East,2024-01-31,24.0,0.0,0.1,28.1,10.6
257,44,109392,2006-07-12,100/300,1000,1280.88,0,MALE,MD,other-service,basketball,other-relative,59400,-32200,2015-02-06,Single Vehicle Collision,Rear Collision,Total Loss,Other,21,1,NO,0,1,NO,46980,0,5220,41760,Accura,TL,2002,N,BN1 1AA,South East,,,0.0,9.4,8.2,NR18 9AN,East of England,2024-02-06,32.0,3.0,10.5,43.4,12.9
94,26,215278,2007-10-24,100/300,500,722.66,0,MALE,MD,exec-managerial,camping,husband,50300,0,2015-01-23,Multi-vehicle Collision,Front Collision,Major Damage,Fire,6,3,YES,1,2,YES,36700,3670,7340,25690,Nissan,Pathfinder,2010,N,OX1 1AA,South East,363.0,6.0,2.9,38.5,13.0,LU7 2QH,East of England,2024-01-23,84.0,3.0,3.0,38.5,12.8
124,28,674570,2001-12-08,250/500,1000,1235.14,0,MALE,MD,exec-managerial,camping,husband,0,-32100,2015-02-17,Multi-vehicle Collision,Side Collision,Total Loss,Other,20,3,?,0,1,?,60200,6020,6020,48160,Volkswagen,Passat,2012,N,,,,,,,,DT2 0GA,South West,2024-02-17,0.0,0.0,13.2,29.5,10.8
141,30,681486,2007-03-24,500/1000,1000,1347.04,0,MALE,High School,sales,bungie-jumping,own-child,0,-82100,2015-01-22,Parked Car,?,Minor Damage,,6,1,?,1,2,YES,6480,540,1080,4860,Honda,Civic,1996,N,NG1 1AA,East Midlands,1431.0,58.0,2.0,51.4,12.6,EX8 5DT,South West,2023-01-22,,,0.0,16.4,6.7
3,38,941851,1991-07-16,500/1000,1000,1310.8,0,FEMALE,Masters,craft-repair,paintball,unmarried,0,0,2015-02-22,Single Vehicle Collision,Front Collision,Minor Damage,Fire,20,1,YES,0,1,?,87200,17440,8720,61040,Honda,Accord,2006,N,YO61 1AA,Yorkshire and The Humber,0.0,0.0,10.6,22.0,9.3,DT2 0GA,South West,2023-02-22,,,2.4,23.4,8.5
285,41,186934,2014-01-05,100/300,1000,1436.79,0,FEMALE,PhD,prof-specialty,sleeping,wife,70900,0,2015-01-24,Single Vehicle Collision,Rear Collision,Major Damage,Fire,23,1,YES,2,3,?,108480,18080,18080,72320,Volkswagen,Passat,2015,N,,,,,,,,LA14 5DF,North West,2023-01-24,,,0.7,18.6,6.7
130,34,918516,2003-02-17,250/500,500,1383.49,3000000,FEMALE,Masters,armed-forces,bungie-jumping,other-relative,35100,0,2015-01-23,Multi-vehicle Collision,Side Collision,Minor Damage,Police,4,3,?,2,3,YES,67500,7500,7500,52500,Suburu,Impreza,1996,N,SW1A 1AA,London,,,0.0,6.6,3.2,NE9 7EY,North East,2023-01-23,,,0.2,18.0,7.2
458,62,533940,2011-11-18,500/1000,2000,1356.92,5000000,MALE,Associate,handlers-cleaners,base-jumping,wife,0,0,2015-02-26,Single Vehicle Collision,Rear Collision,Major Damage,Other,2,1,?,0,1,YES,46980,5220,5220,36540,Audi,A5,1998,N,,,,,,,,SN11 8UB,South West,2024-02-26,27.0,1.0,0.7,39.9,7.8
456,60,556080,1996-11-11,250/500,1000,766.19,0,FEMALE,Associate,sales,kayaking,husband,0,0,2015-02-26,Parked Car,?,Minor Damage,Police,6,1,?,0,3,?,5060,460,920,3680,Mercedes,E400,2007,N,CF10 1AA,,,,0.1,24.2,7.4,NG34 8NE,East Midlands,2023-02-26,,,0.1,21.5,7.1
